lambda,epoch,val_acc,val_ce,train_ce,train_embed_loss,embed_frac,test_acc,test_ce,step,seed
zero-shot,0,,,,,,0.5148398471936526,2.5590322974706936,,42
4.0,0.23,0.6373787834263884,1.5626908255138363,1.904074451327324,0.1490421539545059,0.2384,,,200.0,42
4.0,0.47,0.6553041434028798,1.4824840974149165,1.607160985469818,0.1289093460142612,0.2429,,,400.0,42
4.0,0.7,0.6673523361739642,1.4345394298062055,1.5515835094451904,0.1273236108012497,0.2471,,,600.0,42
4.0,0.94,0.6746987951807228,1.3937924730052609,1.5606261625885964,0.1249057276546955,0.2425,,,800.0,42
4.0,1.17,0.6682339112547752,1.4168934172176453,1.14625864982605,0.0935199293773621,0.2461,,,1000.0,42
4.0,1.41,0.6714663532177491,1.423754377125853,1.0402719861268996,0.0871550944074988,0.251,,,1200.0,42
4.0,1.64,0.6694093446958566,1.4413461357731698,1.048822472393513,0.0853523431532085,0.2456,,,1400.0,42
4.0,1.88,0.6749926535409932,1.4153006510754875,1.0905475263297555,0.0888474976457655,0.2458,,,1600.0,42
4.0,2.11,0.6726417866588305,1.4592921195960626,0.8397694145143032,0.0701797872874885,0.2505,,,1800.0,42
4.0,2.35,0.6794005289450484,1.451637902847991,0.690163809210062,0.0567613762151449,0.2475,,,2000.0,42
4.0,2.58,0.6688216279753159,1.4915354299853558,0.6796364346146584,0.0567329635750502,0.2503,,,2200.0,42
4.0,2.82,0.6738172200999119,1.4878269557983708,0.7206980057060719,0.0595466931629925,0.2484,,,2400.0,42
4.0,3.05,0.6726417866588305,1.5328662204297543,0.6399438813608868,0.0529798737168312,0.2488,,,2600.0,42
4.0,3.29,0.6702909197766677,1.5384572216983126,0.4240258317068219,0.036099556479603,0.254,,,2800.0,42
4.0,3.52,0.6702909197766677,1.549555113726842,0.4350881598889827,0.0365992064587771,0.2518,,,3000.0,42
4.0,3.76,0.6650014692918014,1.574806137016476,0.4863338549062609,0.0408969167806208,0.2517,,,3200.0,42
4.0,final,0.6794005289450484,,,,,0.6785189538642374,1.4460064694351076,2000.0,42
2.0,0.23,0.6379665001469291,1.561014429728774,1.855676282942295,0.144929083622992,0.1351,,,200.0,42
2.0,0.47,0.6523655598001763,1.472631793310458,1.6116663727164269,0.1306287940964102,0.1395,,,400.0,42
2.0,0.7,0.6550102850426095,1.4564652043670336,1.5663457849621774,0.1276258929446339,0.1401,,,600.0,42
2.0,0.94,0.6670584778136938,1.409261026506455,1.5593473836779594,0.1259666503034532,0.1391,,,800.0,42
2.0,1.17,0.6676461945342345,1.407219088834207,1.1546274843811988,0.0936804612353444,0.1396,,,1000.0,42
2.0,1.41,0.6650014692918014,1.4314138709080069,1.0690162502229217,0.0896886736620217,0.1437,,,1200.0,42
2.0,1.64,0.6794005289450484,1.4053259645792586,1.0195687083899976,0.0852895686216652,0.1433,,,1400.0,42
2.0,1.88,0.6808698207464002,1.3993414196325618,1.0118835572898388,0.0858617185615003,0.1451,,,1600.0,42
2.0,2.11,0.6679400528945049,1.4897540086530567,0.8360974828526377,0.0711500131338834,0.1454,,,1800.0,42
2.0,2.35,0.6744049368204525,1.4675616713007025,0.6658627800643444,0.0554365023504942,0.1427,,,2000.0,42
2.0,2.58,0.677343520423156,1.4776379983284318,0.6592616390436887,0.0563626014161855,0.146,,,2200.0,42
2.0,2.82,0.6749926535409932,1.4817635307426211,0.6788408138602972,0.0571941287629306,0.1442,,,2400.0,42
2.0,3.05,0.6738172200999119,1.5229494844311795,0.5913310196145903,0.0508656212408095,0.1468,,,2600.0,42
2.0,3.29,0.6708786364972084,1.5317897638117184,0.407608732432127,0.0343095891177654,0.1441,,,2800.0,42
2.0,final,0.6808698207464002,,,,,0.6752865119012635,1.3864600476958,1600.0,42
1.0,0.23,0.635321774904496,1.5536311790325206,1.8626713478565216,0.1467744698189199,0.073,,,200.0,42
1.0,0.47,0.6544225683220688,1.481599193450601,1.6016383844614028,0.1321439947932958,0.0762,,,400.0,42
1.0,0.7,0.658830443726124,1.4501729697698431,1.553436633348465,0.1257077416405081,0.0749,,,600.0,42
1.0,0.94,0.67234792829856,1.3996550335783906,1.561404819190502,0.1258687603473663,0.0746,,,800.0,42
1.0,1.17,0.6661769027328828,1.4266986798362595,1.1439161647856235,0.0959005036018788,0.0774,,,1000.0,42
1.0,1.41,0.669703203056127,1.4231153186492769,1.008616878837347,0.0847167325858026,0.0775,,,1200.0,42
1.0,1.64,0.6738172200999119,1.4367860306055449,1.0035087332129478,0.0851515180058777,0.0782,,,1400.0,42
1.0,1.88,0.675580370261534,1.418101533883955,1.0660753963887692,0.0887227191776037,0.0768,,,1600.0,42
1.0,2.11,0.675580370261534,1.4708709664338482,0.8233505283819977,0.0703761575650423,0.0787,,,1800.0,42
1.0,2.35,0.6746987951807228,1.4731691451395676,0.6672126884758472,0.0564112252090126,0.078,,,2000.0,42
1.0,2.58,0.6752865119012635,1.455974417812783,0.6490336657315493,0.0566629018541425,0.0803,,,2200.0,42
1.0,2.82,0.6744049368204525,1.4547847080784198,0.654518420174718,0.0567348347790539,0.0798,,,2400.0,42
1.0,3.05,0.6694093446958566,1.534181573050813,0.6134126828983426,0.0542388241924345,0.0812,,,2600.0,42
1.0,3.29,0.6788128122245077,1.518891890522595,0.38443627435714,0.0339550301991403,0.0812,,,2800.0,42
1.0,3.52,0.6714663532177491,1.52188491222265,0.407217789888382,0.0360810291580855,0.0814,,,3000.0,42
1.0,3.76,0.6752865119012635,1.5310054752530156,0.4257422802597284,0.0369754945207387,0.0799,,,3200.0,42
1.0,3.99,0.6717602115780194,1.5583904496394918,0.4377394391968846,0.0382078788802027,0.0803,,,3400.0,42
1.0,4.23,0.6714663532177491,1.6086594422547351,0.2785268744081259,0.0251163483783602,0.0827,,,3600.0,42
1.0,4.46,0.6714663532177491,1.6206703916511709,0.2474166561104357,0.0217357313912361,0.0808,,,3800.0,42
1.0,4.69,0.6738172200999119,1.6043868454508736,0.2581077117100358,0.0227139142155647,0.0809,,,4000.0,42
1.0,final,0.6788128122245077,,,,,0.6870408463120776,1.495752480462338,2800.0,42
0.5,0.23,0.636203349985307,1.551644989787709,1.885394729077816,0.1495885330811143,0.0382,,,200.0,42
0.5,0.47,0.6582427270055833,1.4782076591678903,1.6275696688890458,0.1320355888456106,0.039,,,400.0,42
0.5,0.7,0.6614751689685572,1.4475222874171167,1.5164891746640206,0.1228888060711324,0.0389,,,600.0,42
0.5,0.94,0.6685277696150456,1.4010224394279125,1.559122483730316,0.1267881765961647,0.0391,,,800.0,42
0.5,1.17,0.6655891860123421,1.4326134473304346,1.1602586287260055,0.0980189592391252,0.0405,,,1000.0,42
0.5,1.41,0.6717602115780194,1.4146960397397914,1.032078062146902,0.0873814142495393,0.0406,,,1200.0,42
0.5,1.64,0.6732295033793712,1.4116834165102028,1.0356501093506814,0.0874781813845038,0.0405,,,1400.0,42
0.5,1.88,0.6761680869820746,1.402742619387304,1.0077671749889852,0.0851063804049044,0.0405,,,1600.0,42
0.5,2.11,0.67234792829856,1.4799793605336085,0.8124137864261866,0.070781179247424,0.0417,,,1800.0,42
0.5,2.35,0.6691154863355863,1.4790114476650629,0.6418152540922165,0.0551346937380731,0.0412,,,2000.0,42
0.5,2.58,0.6770496620628856,1.4741168599635968,0.6401061617583036,0.0557636291161179,0.0417,,,2200.0,42
0.5,2.82,0.6802821040258595,1.4613964947626377,0.6755251039564609,0.0582368643395602,0.0413,,,2400.0,42
0.5,3.05,0.6796943873053188,1.5000622722109802,0.5834519131109118,0.0508632124122232,0.0418,,,2600.0,42
0.5,3.29,0.6770496620628856,1.5275435011911631,0.3914768363907933,0.0349022570904344,0.0427,,,2800.0,42
0.5,3.52,0.6744049368204525,1.5266203725649754,0.3864475654996931,0.033396537033841,0.0414,,,3000.0,42
0.5,3.76,0.6729356450191007,1.5470776723004285,0.4103946300595998,0.0362220057379454,0.0423,,,3200.0,42
0.5,3.99,0.6691154863355863,1.5640270815608854,0.4374721857532859,0.0391145427990704,0.0428,,,3400.0,42
0.5,4.23,0.6685277696150456,1.613168740396005,0.2398790252767503,0.0211349141411483,0.0422,,,3600.0,42
0.5,final,0.6802821040258595,,,,,0.677343520423156,1.4418782940549848,2400.0,42
0.1,0.23,0.629444607699089,1.5561409391202263,1.838828257024288,0.1443289833143353,0.0078,,,200.0,42
0.1,0.47,0.6500146929180135,1.4728581128385254,1.6546572509407995,0.1330444829165935,0.008,,,400.0,42
0.1,0.7,0.6594181604466647,1.422941018457522,1.5552624809741973,0.1273982418328523,0.0081,,,600.0,42
0.1,0.94,0.6714663532177491,1.39538488166843,1.5276554718613624,0.1238169004581868,0.008,,,800.0,42
0.1,1.17,0.6688216279753159,1.4291380028794032,1.130581873394549,0.0955354382283985,0.0084,,,1000.0,42
0.1,1.41,0.6746987951807228,1.4033754417695194,1.0074664510786533,0.085387486917898,0.0084,,,1200.0,42
0.1,1.64,0.6732295033793712,1.4382295784549506,1.0159976328909397,0.0855953973904252,0.0084,,,1400.0,42
0.1,1.88,0.6741110784601821,1.4117246555679517,0.9973687322437764,0.0855584329739213,0.0085,,,1600.0,42
0.1,2.11,0.6744049368204525,1.463134529658566,0.8098696139547974,0.0699603274557739,0.0086,,,1800.0,42
0.1,2.35,0.6794005289450484,1.4552722286247977,0.6502375146746635,0.0561936366558075,0.0086,,,2000.0,42
0.1,2.58,0.6688216279753159,1.4815491086554604,0.6370199881866574,0.055787468291819,0.0087,,,2200.0,42
0.1,2.82,0.6661769027328828,1.5028258445392173,0.6281651712208987,0.0557596697006374,0.0088,,,2400.0,42
0.1,3.05,0.6726417866588305,1.5119920935993014,0.5997365253645693,0.0530038334894925,0.0088,,,2600.0,42
0.1,3.29,0.6620628856890979,1.5355900534848204,0.3683045787364244,0.0321971934754401,0.0087,,,2800.0,42
0.1,3.52,0.6694093446958566,1.5706376260496258,0.3803558657690882,0.0342107679601758,0.0089,,,3000.0,42
0.1,3.76,0.669703203056127,1.538927435664755,0.4010382378101348,0.0361539633292704,0.0089,,,3200.0,42
0.1,final,0.6794005289450484,,,,,0.6785189538642374,1.4423381576739862,2000.0,42
0.0,0.23,0.6435498089920658,1.533205259066976,1.889543639421463,0.0,0.0,,,200.0,42
0.0,0.47,0.6532471348809874,1.4551759820596772,1.6119311192631722,0.0,0.0,,,400.0,42
0.0,0.7,0.6620628856890979,1.4372872808664083,1.5403949958086014,0.0,0.0,,,600.0,42
0.0,0.94,0.669703203056127,1.398676507128991,1.513059715330601,0.0,0.0,,,800.0,42
0.0,1.17,0.6691154863355863,1.4208139009486918,1.1723852693341903,0.0,0.0,,,1000.0,42
0.0,1.41,0.6720540699382898,1.4195740550992912,0.9901575894653796,0.0,0.0,,,1200.0,42
0.0,1.64,0.6767558037026153,1.4262856992857618,1.0095399326086043,0.0,0.0,,,1400.0,42
0.0,1.88,0.6717602115780194,1.4299919443939,0.9823313422501088,0.0,0.0,,,1600.0,42
0.0,2.11,0.6732295033793712,1.4802873606607208,0.8299236012250185,0.0,0.0,,,1800.0,42
0.0,2.35,0.6770496620628856,1.4703039984089328,0.6080247259885073,0.0,0.0,,,2000.0,42
0.0,2.58,0.675580370261534,1.4949924631869131,0.6252595225721598,0.0,0.0,,,2200.0,42
0.0,2.82,0.6732295033793712,1.4790517973362998,0.6511916733533144,0.0,0.0,,,2400.0,42
0.0,3.05,0.6661769027328828,1.5259279697879495,0.6376821229606867,0.0,0.0,,,2600.0,42
0.0,3.29,0.6720540699382898,1.5492296523025657,0.3934521596506238,0.0,0.0,,,2800.0,42
0.0,3.52,0.6758742286218042,1.5762563506768026,0.4040979402139782,0.0,0.0,,,3000.0,42
0.0,3.76,0.6691154863355863,1.581173391746154,0.4098581215366721,0.0,0.0,,,3200.0,42
0.0,final,0.6770496620628856,,,,,0.6785189538642374,1.4563119599933383,2000.0,42
zero-shot,0,,,,,,0.4972083455774316,2.6184371031279987,,123
4.0,0.23,0.6291507493388186,1.5947951956983528,1.8692395573854448,0.1449987981840968,0.2368,,,200.0,123
4.0,0.47,0.6485454011166618,1.4966649918951358,1.5860447964072228,0.1266612475179135,0.2421,,,400.0,123
4.0,0.7,0.6576550102850426,1.4470637342070187,1.5519293609261513,0.1253068351000547,0.2441,,,600.0,123
4.0,0.94,0.6573611519247723,1.41596354809082,1.5730966639518738,0.1276552110165357,0.2451,,,800.0,123
4.0,1.17,0.6691154863355863,1.4152652685550462,1.140134593397379,0.0952978636883199,0.2506,,,1000.0,123
4.0,1.41,0.6605935938877461,1.4159105779702197,1.0558993785083295,0.0854637178312987,0.2446,,,1200.0,123
4.0,1.64,0.6685277696150456,1.4209876334250342,1.03444360896945,0.0858156314492225,0.2492,,,1400.0,123
4.0,1.88,0.6711724948574787,1.4018013104774516,1.051202529221773,0.0884017071966081,0.2517,,,1600.0,123
4.0,2.11,0.6676461945342345,1.4406756331140842,0.9142638404667376,0.075503764860332,0.2483,,,1800.0,123
4.0,2.35,0.670584778136938,1.4779152815705567,0.6869415375590324,0.0578062995243817,0.2518,,,2000.0,123
4.0,2.58,0.6764619453423449,1.4412252997567363,0.7134569413214922,0.0596426018048077,0.2506,,,2200.0,123
4.0,2.82,0.669703203056127,1.461383124712177,0.6965457389503718,0.0573558109439909,0.2478,,,2400.0,123
4.0,3.05,0.6776373787834263,1.4800820672928918,0.6598318885639309,0.0547645387984812,0.2492,,,2600.0,123
4.0,3.29,0.6702909197766677,1.503608172303468,0.4336054738610982,0.0358582768589258,0.2486,,,2800.0,123
4.0,3.52,0.670584778136938,1.5013558766332542,0.465454325787723,0.0384750248957425,0.2485,,,3000.0,123
4.0,3.76,0.6641198942109903,1.5299956789270346,0.4669569873809814,0.0394868765771389,0.2528,,,3200.0,123
4.0,3.99,0.6676461945342345,1.5178666122163564,0.4899389113485813,0.0406675666011869,0.2493,,,3400.0,123
4.0,4.23,0.6729356450191007,1.56718886408286,0.2846725705778226,0.0234004548285156,0.2474,,,3600.0,123
4.0,4.46,0.6679400528945049,1.5954457495691077,0.2928052039071918,0.0245229354128241,0.2509,,,3800.0,123
4.0,final,0.6776373787834263,,,,,0.6644137525712607,1.5438974762607454,2600.0,123
2.0,0.23,0.6414928004701734,1.5493772640986334,1.8757149586081503,0.1488305125385522,0.137,,,200.0,123
2.0,0.47,0.6420805171907141,1.496202186104693,1.5897234705090524,0.1270902017876506,0.1378,,,400.0,123
2.0,0.7,0.6611813106082868,1.4126845995643509,1.5711706346273422,0.1272763771377504,0.1394,,,600.0,123
2.0,0.94,0.6600058771672054,1.4039527048022125,1.5308460161089896,0.1251707754656672,0.1405,,,800.0,123
2.0,1.17,0.664707610931531,1.4178494906866863,1.112073908856546,0.09300188254565,0.1433,,,1000.0,123
2.0,1.41,0.6632383191301793,1.4197179966732365,0.9992829663306476,0.083609774550423,0.1434,,,1200.0,123
2.0,1.64,0.6655891860123421,1.4198058400299842,1.008005179911852,0.08499073125422,0.1443,,,1400.0,123
2.0,1.88,0.6673523361739642,1.4192419799678018,1.0498157919943332,0.0871560440957546,0.1424,,,1600.0,123
2.0,2.11,0.6635321774904496,1.4850048076360325,0.8542790251225233,0.0713121673185378,0.1431,,,1800.0,123
2.0,2.35,0.6670584778136938,1.4651260767444036,0.6595779299736023,0.0547258871141821,0.1423,,,2000.0,123
2.0,2.58,0.6632383191301793,1.4848381954012917,0.6630546501651406,0.0565166316926479,0.1456,,,2200.0,123
2.0,2.82,0.6673523361739642,1.4744045712336211,0.6989413273334503,0.0592407413665205,0.1449,,,2400.0,123
2.0,3.05,0.664707610931531,1.537408495769058,0.6016455272957683,0.0511902117077261,0.1454,,,2600.0,123
2.0,3.29,0.6694093446958566,1.542760656575683,0.40479591563344,0.0353013695497065,0.1485,,,2800.0,123
2.0,3.52,0.6729356450191007,1.5229227347231038,0.4581124873459339,0.0383410678897053,0.1434,,,3000.0,123
2.0,3.76,0.6729356450191007,1.561262606978942,0.4095825289189815,0.0348795458488166,0.1455,,,3200.0,123
2.0,3.99,0.6741110784601821,1.5272744221264147,0.4299249884113669,0.0368418211024254,0.1463,,,3400.0,123
2.0,4.23,0.6708786364972084,1.6041991588405886,0.2483638237370178,0.0217303304933011,0.1489,,,3600.0,123
2.0,4.46,0.6661769027328828,1.5629299867163675,0.2636865074932575,0.0218100133817642,0.1419,,,3800.0,123
2.0,4.69,0.6632383191301793,1.6442069431770698,0.2669122703932226,0.0226879861298948,0.1453,,,4000.0,123
2.0,4.93,0.6711724948574787,1.6064413861600644,0.2871071302331984,0.0248410590924322,0.1475,,,4200.0,123
2.0,5.16,0.6635321774904496,1.6434233786251975,0.1934787323721684,0.0161316731665283,0.1429,,,4400.0,123
2.0,5.4,0.6658830443726124,1.6574632508454168,0.1517826253222301,0.0126986814197152,0.1433,,,4600.0,123
2.0,final,0.6741110784601821,,,,,0.6620628856890979,1.6055125498680587,3400.0,123
1.0,0.23,0.628563032618278,1.5721416665006307,1.8900667771697044,0.147134605795145,0.0722,,,200.0,123
1.0,0.47,0.6473699676755804,1.4858649021872274,1.6288050958514213,0.1311968810297548,0.0745,,,400.0,123
1.0,0.7,0.6626506024096386,1.421404167409858,1.5494376814365387,0.1245465494133532,0.0744,,,600.0,123
1.0,0.94,0.6670584778136938,1.38335213789406,1.521962030827999,0.1256765894964337,0.0763,,,800.0,123
1.0,1.17,0.6679400528945049,1.4230286500540124,1.1204131005704403,0.0951870808564126,0.0783,,,1000.0,123
1.0,1.41,0.6688216279753159,1.418474906968468,1.0138493257761,0.0853078593127429,0.0776,,,1200.0,123
1.0,1.64,0.6711724948574787,1.4022227654273531,1.012230894267559,0.085450571347028,0.0778,,,1400.0,123
1.0,1.88,0.6732295033793712,1.3811753970925822,1.0173054721951484,0.0866560036875307,0.0785,,,1600.0,123
1.0,2.11,0.6729356450191007,1.4615296898188046,0.8209540712833404,0.070360960913822,0.0789,,,1800.0,123
1.0,2.35,0.6682339112547752,1.47983302118636,0.6301091679185629,0.0533880821149796,0.0781,,,2000.0,123
1.0,2.58,0.6708786364972084,1.4678972102143364,0.6348212552815675,0.0547890270408242,0.0794,,,2200.0,123
1.0,2.82,0.6788128122245077,1.4569906648593267,0.653641941100359,0.0558883720450103,0.0788,,,2400.0,123
1.0,3.05,0.6735233617396414,1.5035799726506665,0.6263105555458606,0.0537026362400502,0.079,,,2600.0,123
1.0,3.29,0.6758742286218042,1.5265724137534893,0.393633819706738,0.0344851717352867,0.0806,,,2800.0,123
1.0,3.52,0.6732295033793712,1.5092249985410997,0.4213705711066723,0.0370987828448414,0.0809,,,3000.0,123
1.0,3.76,0.669703203056127,1.5502643913442236,0.414336366020143,0.0356569528393447,0.0792,,,3200.0,123
1.0,3.99,0.6714663532177491,1.550228128249667,0.4148591544851661,0.0361583943758159,0.0802,,,3400.0,123
1.0,4.23,0.6673523361739642,1.5855927929225264,0.2331022778802434,0.0196520518045872,0.0778,,,3600.0,123
1.0,final,0.6788128122245077,,,,,0.6623567440493682,1.5533982357346867,2400.0,123
0.5,0.23,0.6356156332647663,1.564925266405151,1.8578333854675293,0.1460025700554251,0.0378,,,200.0,123
0.5,0.47,0.6538348516015281,1.4727574177009723,1.602808027267456,0.1278789262846112,0.0384,,,400.0,123
0.5,0.7,0.6605935938877461,1.4320697758150844,1.5752837774157524,0.1274558618851006,0.0389,,,600.0,123
0.5,0.94,0.6623567440493682,1.3811616587386637,1.5339484083652497,0.1270535108819604,0.0398,,,800.0,123
0.5,1.17,0.6644137525712607,1.4582567816442018,1.1124656777083874,0.0931796086300164,0.0402,,,1000.0,123
0.5,1.41,0.6664707610931531,1.4222588686077096,1.0061235031485558,0.0852767293713986,0.0407,,,1200.0,123
0.5,1.64,0.6720540699382898,1.396325869872715,1.0138462399691344,0.0869662385433912,0.0411,,,1400.0,123
0.5,1.88,0.677343520423156,1.386597483483196,1.0058654943108558,0.085309770675376,0.0407,,,1600.0,123
0.5,2.11,0.6749926535409932,1.4496214303100177,0.8185516011714935,0.0704721014481037,0.0413,,,1800.0,123
0.5,2.35,0.6720540699382898,1.4684049795033334,0.6123507084324956,0.0539311332255601,0.0422,,,2000.0,123
0.5,2.58,0.6658830443726124,1.4837567671375909,0.632478181347251,0.0553652537986636,0.0419,,,2200.0,123
0.5,2.82,0.6691154863355863,1.4798985906043824,0.6532540136575699,0.0566097350046038,0.0415,,,2400.0,123
0.5,3.05,0.6691154863355863,1.5029510059953612,0.6173775745555758,0.0537977077625691,0.0418,,,2600.0,123
0.5,3.29,0.6670584778136938,1.5553907890583254,0.3822139681503176,0.0333274717256426,0.0418,,,2800.0,123
0.5,final,0.677343520423156,,,,,0.6576550102850426,1.473921839328433,1600.0,123
0.1,0.23,0.6391419335880105,1.5324670033983157,1.8904605409502984,0.1465124385431409,0.0077,,,200.0,123
0.1,0.47,0.6491331178372025,1.4710190996961177,1.6285701295733452,0.1324702764675021,0.0081,,,400.0,123
0.1,0.7,0.6497208345577432,1.443674054525545,1.5656809723377227,0.1273674890398979,0.0081,,,600.0,123
0.1,0.94,0.6629444607699089,1.3949788048132146,1.4631726041436195,0.1217861681431531,0.0083,,,800.0,123
0.1,1.17,0.6691154863355863,1.4035063435882111,1.1759089800715443,0.0978559522517025,0.0083,,,1000.0,123
0.1,1.41,0.669703203056127,1.4230366459741963,0.9621507978439332,0.0832453280687332,0.0086,,,1200.0,123
0.1,1.64,0.6694093446958566,1.4003033082239285,1.0127188286185265,0.086712791249156,0.0085,,,1400.0,123
0.1,1.88,0.6717602115780194,1.4126999843061023,1.0217943434417247,0.0885479930415749,0.0086,,,1600.0,123
0.1,2.11,0.6670584778136938,1.4740699905176355,0.8170492877066136,0.0690161777287721,0.0084,,,1800.0,123
0.1,2.35,0.670584778136938,1.4767781298475129,0.594625126644969,0.052008775928989,0.0087,,,2000.0,123
0.1,2.58,0.6708786364972084,1.4593956251723117,0.6464768968522548,0.0563457394950091,0.0086,,,2200.0,123
0.1,2.82,0.6729356450191007,1.4608571214112611,0.6685676024854184,0.0582715341355651,0.0086,,,2400.0,123
0.1,3.05,0.6708786364972084,1.509351592431025,0.6476363990828395,0.0572673634439706,0.0088,,,2600.0,123
0.1,3.29,0.669703203056127,1.5209763207016642,0.3898892027884721,0.0334208012744784,0.0085,,,2800.0,123
0.1,3.52,0.6729356450191007,1.552846262534156,0.3814952062815427,0.0333479008171707,0.0087,,,3000.0,123
0.1,3.76,0.6726417866588305,1.5830829925758505,0.4143107184395194,0.0366677142586559,0.0088,,,3200.0,123
0.1,3.99,0.67234792829856,1.5708325919494046,0.4119047858938575,0.0374477168358862,0.009,,,3400.0,123
0.1,4.23,0.6758742286218042,1.59508632180833,0.226079007666558,0.0194222166389226,0.0085,,,3600.0,123
0.1,4.46,0.6717602115780194,1.599592891066627,0.2328469982929527,0.0205853368900716,0.0088,,,3800.0,123
0.1,4.69,0.6732295033793712,1.614628219058014,0.2504374017007649,0.0223384907282888,0.0088,,,4000.0,123
0.1,4.93,0.670584778136938,1.607679799238514,0.26213667627424,0.02322474273853,0.0088,,,4200.0,123
0.1,5.16,0.6776373787834263,1.6704545636020125,0.163760737767443,0.0140356596093624,0.0085,,,4400.0,123
0.1,5.4,0.6770496620628856,1.6443767464409638,0.1479161241557449,0.0125078101921826,0.0084,,,4600.0,123
0.1,5.63,0.6699970614163973,1.6689177649601956,0.1362817098386585,0.0113195763155817,0.0082,,,4800.0,123
0.1,5.87,0.6676461945342345,1.6890051678422966,0.1598930776771158,0.0135408116877079,0.0084,,,5000.0,123
0.1,6.1,0.6679400528945049,1.7212817042566837,0.1227974147628992,0.0100483125075697,0.0081,,,5200.0,123
0.1,6.34,0.6749926535409932,1.7165080629094291,0.0803817387623712,0.0062829003389924,0.0078,,,5400.0,123
0.1,6.57,0.6691154863355863,1.759228275202668,0.0962890076078474,0.0077255880646407,0.008,,,5600.0,123
0.1,final,0.6776373787834263,,,,,0.6576550102850426,1.7394976017582322,4400.0,123
0.0,0.23,0.6385542168674698,1.5435189670441678,1.8587693935632703,0.0,0.0,,,200.0,123
0.0,0.47,0.6459006758742286,1.4942394975630844,1.608406053185463,0.0,0.0,,,400.0,123
0.0,0.7,0.6635321774904496,1.4316638430321598,1.5291040176153183,0.0,0.0,,,600.0,123
0.0,0.94,0.6620628856890979,1.397435828688703,1.5344926312565803,0.0,0.0,,,800.0,123
0.0,1.17,0.6676461945342345,1.4134900216806856,1.204501982629299,0.0,0.0,,,1000.0,123
0.0,1.41,0.6711724948574787,1.413675883203053,0.9632892648875714,0.0,0.0,,,1200.0,123
0.0,1.64,0.6752865119012635,1.4042959612956512,1.0001108485460282,0.0,0.0,,,1400.0,123
0.0,1.88,0.6711724948574787,1.4192966260771314,0.9943422383069992,0.0,0.0,,,1600.0,123
0.0,2.11,0.6711724948574787,1.4814135646280595,0.8021633773276607,0.0,0.0,,,1800.0,123
0.0,2.35,0.6708786364972084,1.4730447042594403,0.6064592358469963,0.0,0.0,,,2000.0,123
0.0,2.58,0.6744049368204525,1.4586863341907386,0.6337309891358018,0.0,0.0,,,2200.0,123
0.0,2.82,0.6679400528945049,1.4648615838743608,0.656338395550847,0.0,0.0,,,2400.0,123
0.0,3.05,0.6732295033793712,1.50745757940479,0.5993771111569367,0.0,0.0,,,2600.0,123
0.0,final,0.6752865119012635,,,,,0.6564795768439612,1.4925414289827037,1400.0,123
zero-shot,0,,,,,,0.5019100793417572,2.5475632094159884,,456
4.0,0.23,0.6312077578607111,1.5816967528671368,1.9101850533485407,0.1481525153294205,0.2368,,,200.0,456
4.0,0.47,0.6506024096385542,1.4796606250415996,1.642493261396885,0.1319978240691125,0.2433,,,400.0,456
4.0,0.7,0.6547164266823391,1.4524561364686457,1.5716330480575562,0.128752182200551,0.2468,,,600.0,456
4.0,0.94,0.6514839847193653,1.42552803514146,1.493181165754795,0.1219788338989019,0.2463,,,800.0,456
4.0,1.17,0.6617690273288275,1.453968040984482,1.1586950066685675,0.0946998441871255,0.2464,,,1000.0,456
4.0,1.41,0.6617690273288275,1.4440450201026138,0.9907270468771456,0.0826661631837487,0.2502,,,1200.0,456
4.0,1.64,0.664707610931531,1.4298634017666332,1.0573061195015907,0.086727663166821,0.247,,,1400.0,456
4.0,1.88,0.6682339112547752,1.3960354588783526,1.0598008340597154,0.0878705049026757,0.2491,,,1600.0,456
4.0,2.11,0.6720540699382898,1.4432072633159816,0.8879448117315769,0.0730348079465329,0.2476,,,1800.0,456
4.0,2.35,0.6679400528945049,1.450197746219125,0.7011098545044661,0.0579429056867957,0.2484,,,2000.0,456
4.0,2.58,0.6635321774904496,1.4723966794962606,0.6804519464820623,0.055886425981298,0.2473,,,2200.0,456
4.0,2.82,0.6685277696150456,1.4732586997696626,0.6904543036222458,0.057829832425341,0.251,,,2400.0,456
4.0,3.05,0.6732295033793712,1.4893566271223952,0.6670105269140914,0.0547271237894892,0.2471,,,2600.0,456
4.0,3.29,0.6673523361739642,1.5111936730144655,0.4258396102115512,0.035267839282751,0.2488,,,2800.0,456
4.0,3.52,0.669703203056127,1.530291646044639,0.4430379714444279,0.0364184898231178,0.2474,,,3000.0,456
4.0,3.76,0.6702909197766677,1.527927105650284,0.4524684512242675,0.0385757796000689,0.2543,,,3200.0,456
4.0,3.99,0.664707610931531,1.5482245929234877,0.4712433513626456,0.039220287464559,0.2498,,,3400.0,456
4.0,4.23,0.6673523361739642,1.5896425643038687,0.2937835734439432,0.0244506381452083,0.2498,,,3600.0,456
4.0,4.46,0.6617690273288275,1.6199773669488071,0.2891922339983284,0.023585010683164,0.246,,,3800.0,456
4.0,final,0.6732295033793712,,,,,0.6711724948574787,1.4810068666181808,2600.0,456
2.0,0.23,0.6382603585071995,1.5765278209071982,1.8632827427983285,0.146308472007513,0.1357,,,200.0,456
2.0,0.47,0.6544225683220688,1.467618677218872,1.6384817528724671,0.131674050912261,0.1385,,,400.0,456
2.0,0.7,0.6591243020863944,1.4319710238274848,1.5560558813810348,0.1259223023056984,0.1393,,,600.0,456
2.0,0.94,0.66382603585072,1.4052888110144293,1.5585450553894042,0.1261944266036153,0.1394,,,800.0,456
2.0,1.17,0.6635321774904496,1.430152374332595,1.126537190200761,0.0933916556369513,0.1422,,,1000.0,456
2.0,1.41,0.6591243020863944,1.4666973540546822,0.9746511546522378,0.0819322988204658,0.1439,,,1200.0,456
2.0,1.64,0.6744049368204525,1.394503991182783,1.048704047203064,0.0886807087995111,0.1447,,,1400.0,456
2.0,1.88,0.6694093446958566,1.4055192372464729,1.0212937179207802,0.0852281495556235,0.143,,,1600.0,456
2.0,2.11,0.6679400528945049,1.452886218608494,0.872352801784873,0.0725004500057548,0.1425,,,1800.0,456
2.0,2.35,0.6702909197766677,1.4495533141114592,0.6408547346293926,0.0543504463974386,0.145,,,2000.0,456
2.0,2.58,0.6746987951807228,1.4808045692945486,0.6492316081002355,0.0550118695013225,0.1449,,,2200.0,456
2.0,2.82,0.675580370261534,1.4625831376865197,0.6654088965803385,0.0557527137361466,0.1435,,,2400.0,456
2.0,3.05,0.677343520423156,1.516966262740876,0.6066312225302681,0.051520523102954,0.1452,,,2600.0,456
2.0,3.29,0.6741110784601821,1.5243606954471454,0.4002736357599497,0.0336062937509268,0.1438,,,2800.0,456
2.0,3.52,0.6650014692918014,1.5686373920465897,0.4133889926970005,0.0351203433889895,0.1452,,,3000.0,456
2.0,3.76,0.6726417866588305,1.5170804606862816,0.412326693739742,0.0367030931729823,0.1511,,,3200.0,456
2.0,3.99,0.6673523361739642,1.5515641609851032,0.4563811130821705,0.0387029082421213,0.145,,,3400.0,456
2.0,4.23,0.6729356450191007,1.5808922894169857,0.2537097522534896,0.0220152143668383,0.1479,,,3600.0,456
2.0,4.46,0.6735233617396414,1.5938743746284174,0.248676957078278,0.0213032316882163,0.1463,,,3800.0,456
2.0,final,0.677343520423156,,,,,0.6644137525712607,1.5109211104496976,2600.0,456
1.0,0.23,0.6473699676755804,1.5479760010943775,1.818759879469872,0.142510739993304,0.0727,,,200.0,456
1.0,0.47,0.6523655598001763,1.4916131664576546,1.6716900530457497,0.1354087102040648,0.0749,,,400.0,456
1.0,0.7,0.6585365853658537,1.4472207211060906,1.5665954574942589,0.1279612652212381,0.0755,,,600.0,456
1.0,0.94,0.6711724948574787,1.3993993439885963,1.532220600247383,0.1243569917604327,0.0751,,,800.0,456
1.0,1.17,0.6608874522480165,1.4149445679620052,1.1333645270764827,0.0950860746763646,0.0774,,,1000.0,456
1.0,1.41,0.6644137525712607,1.4299532874626095,1.0048393227159975,0.0845927277207374,0.0776,,,1200.0,456
1.0,1.64,0.6691154863355863,1.435979309167506,0.980755369067192,0.0836895114183425,0.0786,,,1400.0,456
1.0,1.88,0.6702909197766677,1.4056770802945415,1.074463906288147,0.0900128210987895,0.0773,,,1600.0,456
1.0,2.11,0.6729356450191007,1.4483956412080805,0.8732332470268012,0.0756748239602893,0.0797,,,1800.0,456
1.0,2.35,0.6711724948574787,1.4673337932547996,0.6238076676428318,0.0546484871767461,0.0805,,,2000.0,456
1.0,2.58,0.6670584778136938,1.4834470600721734,0.6560814347490669,0.0560383742675185,0.0787,,,2200.0,456
1.0,2.82,0.6682339112547752,1.4670246301802894,0.6701043988019229,0.0579669247940182,0.0796,,,2400.0,456
1.0,3.05,0.67234792829856,1.5088982538654283,0.6134933306649327,0.052788923131302,0.0792,,,2600.0,456
1.0,3.29,0.6702909197766677,1.5185684200038008,0.4057122093439102,0.0353644661232829,0.0802,,,2800.0,456
1.0,3.52,0.670584778136938,1.5083313628641466,0.4103422233462334,0.0352248880639672,0.0791,,,3000.0,456
1.0,final,0.6729356450191007,,,,,0.669703203056127,1.44465010077891,1800.0,456
0.5,0.23,0.6315016162209814,1.5694713163053573,1.842959850728512,0.1454798643290996,0.038,,,200.0,456
0.5,0.47,0.6506024096385542,1.484248766645487,1.6405118680000306,0.1318546723201871,0.0386,,,400.0,456
0.5,0.7,0.6567734352042316,1.4331186213214504,1.5805641461908817,0.1281373547017574,0.039,,,600.0,456
0.5,0.94,0.669703203056127,1.4022321423256778,1.534635756313801,0.1241847297176718,0.0389,,,800.0,456
0.5,1.17,0.6641198942109903,1.4411737566445455,1.1067127995193005,0.0948932761698961,0.0411,,,1000.0,456
0.5,1.41,0.6652953276520717,1.4493725669408524,1.0096730849146842,0.0865139577444642,0.0411,,,1200.0,456
0.5,1.64,0.6732295033793712,1.419458550107924,1.0030999667942524,0.0851504881121218,0.0407,,,1400.0,456
0.5,1.88,0.6658830443726124,1.407697423780241,1.0104847843945026,0.0862696749716997,0.0409,,,1600.0,456
0.5,2.11,0.6679400528945049,1.44414095201809,0.8549017269164324,0.0717594475671649,0.0403,,,1800.0,456
0.5,2.35,0.6658830443726124,1.4693449353106822,0.6100757057592273,0.0528746424708515,0.0415,,,2000.0,456
0.5,2.58,0.6679400528945049,1.5079950976294698,0.6399078674614429,0.0551207953412085,0.0413,,,2200.0,456
0.5,2.82,0.67234792829856,1.4810925754700697,0.6559301230311394,0.0577473306190222,0.0422,,,2400.0,456
0.5,3.05,0.6711724948574787,1.53398920037345,0.5955021622776985,0.0521561709232628,0.042,,,2600.0,456
0.5,final,0.6732295033793712,,,,,0.6629444607699089,1.4377981754320357,1400.0,456
0.1,0.23,0.6438436673523362,1.5767454199324349,1.862647598087788,0.146837134361267,0.0078,,,200.0,456
0.1,0.47,0.6491331178372025,1.4815050723305387,1.6445194214582444,0.1324990340322256,0.008,,,400.0,456
0.1,0.7,0.6591243020863944,1.418543537259277,1.571284693777561,0.1271247239410877,0.008,,,600.0,456
0.1,0.94,0.6694093446958566,1.385395784361237,1.483665931224823,0.1229641946405172,0.0082,,,800.0,456
0.1,1.17,0.6605935938877461,1.4315662320277427,1.1513520216941833,0.0967112550325691,0.0083,,,1000.0,456
0.1,1.41,0.66382603585072,1.4388337538867988,1.0099444943666458,0.088316359873861,0.0087,,,1200.0,456
0.1,1.64,0.6620628856890979,1.4352555345024671,1.0023153176158666,0.0869825657922774,0.0086,,,1400.0,456
0.1,1.88,0.6608874522480165,1.434515025172204,1.032471328228712,0.087490839138627,0.0084,,,1600.0,456
0.1,2.11,0.6685277696150456,1.4721446476576785,0.7902646474912762,0.0688486001547426,0.0086,,,1800.0,456
0.1,2.35,0.6738172200999119,1.4663017228740542,0.6049694630503655,0.0525569481030106,0.0086,,,2000.0,456
0.1,2.58,0.6694093446958566,1.4844066115852108,0.6270207514613867,0.0552417506184428,0.0087,,,2200.0,456
0.1,2.82,0.6714663532177491,1.4918557693423715,0.6371690271794797,0.0555312727950513,0.0086,,,2400.0,456
0.1,3.05,0.669703203056127,1.5396019359073532,0.6220893338869792,0.053836625944823,0.0086,,,2600.0,456
0.1,3.29,0.6650014692918014,1.5332148634893488,0.3725982469320297,0.0321207883767783,0.0085,,,2800.0,456
0.1,3.52,0.6685277696150456,1.5646564801790908,0.3793000349774956,0.0332893674541264,0.0087,,,3000.0,456
0.1,3.76,0.6735233617396414,1.5563762862297703,0.4034991717338562,0.0353841714560985,0.0087,,,3200.0,456
0.1,final,0.6738172200999119,,,,,0.6635321774904496,1.4666700959731087,2000.0,456
0.0,0.23,0.6323831913017925,1.574864027467224,1.8426281753182407,0.0,0.0,,,200.0,456
0.0,0.47,0.6608874522480165,1.4598396868345636,1.664409408867359,0.0,0.0,,,400.0,456
0.0,0.7,0.6573611519247723,1.4423935274639237,1.5600617134571075,0.0,0.0,,,600.0,456
0.0,0.94,0.6582427270055833,1.393746580266266,1.519214640557766,0.0,0.0,,,800.0,456
0.0,1.17,0.6597120188069351,1.4266786185426288,1.1375795161724092,0.0,0.0,,,1000.0,456
0.0,1.41,0.6614751689685572,1.4546536742467373,0.978831149339676,0.0,0.0,,,1200.0,456
0.0,1.64,0.6658830443726124,1.4217477730362338,1.0194509713351727,0.0,0.0,,,1400.0,456
0.0,1.88,0.6679400528945049,1.4268033072207909,1.0547322461009023,0.0,0.0,,,1600.0,456
0.0,2.11,0.6661769027328828,1.4562838330466432,0.8015051482617855,0.0,0.0,,,1800.0,456
0.0,2.35,0.6602997355274758,1.4906856663045622,0.6265518914163113,0.0,0.0,,,2000.0,456
0.0,2.58,0.6761680869820746,1.4515544941171,0.6627977650612593,0.0,0.0,,,2200.0,456
0.0,2.82,0.6667646194534235,1.4830297536791124,0.6512515532970429,0.0,0.0,,,2400.0,456
0.0,3.05,0.6667646194534235,1.5196442552219585,0.5784695266839117,0.0,0.0,,,2600.0,456
0.0,3.29,0.6694093446958566,1.5329474511652388,0.3907025062292814,0.0,0.0,,,2800.0,456
0.0,3.52,0.6650014692918014,1.5639410689057165,0.3868240466713905,0.0,0.0,,,3000.0,456
0.0,3.76,0.6694093446958566,1.5427523373576637,0.3922710390761494,0.0,0.0,,,3200.0,456
0.0,3.99,0.6717602115780194,1.5550385097738508,0.4182674200832844,0.0,0.0,,,3400.0,456
0.0,final,0.6761680869820746,,,,,0.6600058771672054,1.4642135778175465,2200.0,456
zero-shot,0,,,,,,0.4972083455774316,2.6184371031279987,,123
zero-shot,0,,,,,,0.5019100793417572,2.5475632094159884,,456
zero-shot,0,,,,,,0.5113135468704084,2.573546449401748,,789
4.0,0.23,0.6423743755509844,1.5382250964624056,1.871119684875012,0.1464227660745382,0.2384,,,200.0,789
4.0,0.47,0.6503085512782839,1.4731714645274203,1.635704802274704,0.131966044884175,0.244,,,400.0,789
4.0,0.7,0.6611813106082868,1.415781648446979,1.6068431356549262,0.1289846068248152,0.243,,,600.0,789
4.0,0.94,0.6741110784601821,1.3764910683924754,1.5409757080674171,0.126132128033787,0.2467,,,800.0,789
4.0,1.17,0.6729356450191007,1.4167934652289818,1.1308863726304843,0.0936249452643096,0.2488,,,1000.0,789
4.0,1.41,0.6717602115780194,1.4225497271711252,1.08940649330616,0.0894364404864609,0.2472,,,1200.0,789
4.0,1.64,0.6738172200999119,1.412271247833503,1.0452161914855242,0.0855374772753566,0.2466,,,1400.0,789
4.0,1.88,0.6785189538642374,1.3948787468656034,1.0641289800405502,0.0885678378213197,0.2498,,,1600.0,789
4.0,2.11,0.6752865119012635,1.446768207477185,0.8940781759470702,0.0736612230725586,0.2479,,,1800.0,789
4.0,2.35,0.6691154863355863,1.469032595306854,0.6875951782613993,0.056694654552266,0.248,,,2000.0,789
4.0,2.58,0.6752865119012635,1.4936768888831664,0.6996766665577888,0.0567366070859134,0.2449,,,2200.0,789
4.0,2.82,0.6685277696150456,1.4989024660288148,0.6656647583842278,0.0561613987665623,0.2523,,,2400.0,789
4.0,3.05,0.6732295033793712,1.5165461635295343,0.6512025138735771,0.0536818544473499,0.248,,,2600.0,789
4.0,3.29,0.6691154863355863,1.5522216536036808,0.4449264676868915,0.0366123833693563,0.2476,,,2800.0,789
4.0,final,0.6785189538642374,,,,,0.6770496620628856,1.3909453359940736,1600.0,789
2.0,0.23,0.640317367029092,1.5516501903674058,1.876450670659542,0.1479643418267369,0.1362,,,200.0,789
2.0,0.47,0.6600058771672054,1.4607726127093168,1.6243343880772592,0.1308311951160431,0.1387,,,400.0,789
2.0,0.7,0.6644137525712607,1.4449041774614118,1.5512459440529347,0.1254736621119082,0.1392,,,600.0,789
2.0,0.94,0.67234792829856,1.389031514748734,1.548726521730423,0.1254098648019135,0.1394,,,800.0,789
2.0,1.17,0.6708786364972084,1.4269728988470347,1.1434513482451438,0.0954690875858068,0.1431,,,1000.0,789
2.0,1.41,0.6767558037026153,1.420746183241251,1.0261014673113822,0.0863999059330672,0.1441,,,1200.0,789
2.0,1.64,0.6758742286218042,1.399926192053549,1.037465129196644,0.0880110829137265,0.1451,,,1400.0,789
2.0,1.88,0.6758742286218042,1.399467237339698,1.0023250336945058,0.084572661910206,0.1444,,,1600.0,789
2.0,2.11,0.6711724948574787,1.4579283857990144,0.8299232416599989,0.0706650352384895,0.1455,,,1800.0,789
2.0,2.35,0.6761680869820746,1.456802078355525,0.6518398704379798,0.0557867812458425,0.1462,,,2000.0,789
2.0,2.58,0.6846899794299148,1.455466322887655,0.7010389605909586,0.0604568576719611,0.1471,,,2200.0,789
2.0,2.82,0.6826329709080223,1.4422782576858315,0.6438644627854228,0.0545527736656367,0.1449,,,2400.0,789
2.0,3.05,0.6770496620628856,1.5612271318987752,0.6616264435648919,0.0557955245673656,0.1443,,,2600.0,789
2.0,3.29,0.6764619453423449,1.535184392185026,0.404386692456901,0.0349716780986636,0.1475,,,2800.0,789
2.0,3.52,0.6761680869820746,1.534022635443926,0.4218926854431629,0.0363056995160877,0.1468,,,3000.0,789
2.0,3.76,0.677343520423156,1.5116534159178598,0.4405991293117404,0.0383882342092692,0.1484,,,3200.0,789
2.0,3.99,0.6749926535409932,1.547560352386533,0.4612545312196016,0.0395475071668624,0.1464,,,3400.0,789
2.0,final,0.6846899794299148,,,,,0.6796943873053188,1.4624267324362998,2200.0,789
1.0,0.23,0.6359094916250367,1.532683767783372,1.9095620849728585,0.1494919800385832,0.0726,,,200.0,789
1.0,0.47,0.6570672935645019,1.4470745066212023,1.6037398961186409,0.1308976290002465,0.0755,,,400.0,789
1.0,0.7,0.6614751689685572,1.4066534565015645,1.5447542518377304,0.1256695401668548,0.0752,,,600.0,789
1.0,0.94,0.669703203056127,1.3983280717923716,1.5166325250267982,0.1217960395291447,0.0743,,,800.0,789
1.0,1.17,0.6635321774904496,1.4336207982129712,1.1619069981575012,0.0984443476423621,0.0781,,,1000.0,789
1.0,1.41,0.6626506024096386,1.4302028351029052,1.0043579438328742,0.0844705300405621,0.0776,,,1200.0,789
1.0,1.64,0.678225095503967,1.4052137941463605,1.0089264930784705,0.0853377970214933,0.078,,,1400.0,789
1.0,1.88,0.6788128122245077,1.3905861772861756,1.0121171027421951,0.085900585502386,0.0782,,,1600.0,789
1.0,2.11,0.6764619453423449,1.4506839610112965,0.8637517052143813,0.0746267853025346,0.0795,,,1800.0,789
1.0,2.35,0.6738172200999119,1.4664936557504102,0.6495495145022869,0.0556920230109244,0.079,,,2000.0,789
1.0,2.58,0.6732295033793712,1.4657952944180772,0.6499575809389353,0.0561709057819098,0.0795,,,2200.0,789
1.0,2.82,0.6738172200999119,1.4696754190524537,0.6754249442368746,0.0594165216293186,0.0809,,,2400.0,789
1.0,3.05,0.6796943873053188,1.5107843776397971,0.5978161011217162,0.0505677178688347,0.078,,,2600.0,789
1.0,3.29,0.683220687628563,1.5291063777846237,0.3784875483438372,0.0331390075944364,0.0805,,,2800.0,789
1.0,3.52,0.6796943873053188,1.5211637942468,0.4117405888810754,0.0355281884409487,0.0794,,,3000.0,789
1.0,3.76,0.6808698207464002,1.5478494597153911,0.4153388626500964,0.0362673934269696,0.0803,,,3200.0,789
1.0,3.99,0.6826329709080223,1.556538595755311,0.4185406123101711,0.0365225008502602,0.0803,,,3400.0,789
1.0,4.23,0.6811636791066706,1.5992101745468148,0.2775822682119906,0.0247503278590738,0.0819,,,3600.0,789
1.0,4.46,0.6767558037026153,1.5992332769778417,0.2382830605283379,0.0210305980034172,0.0811,,,3800.0,789
1.0,4.69,0.6720540699382898,1.6124104569668003,0.2607367220148444,0.0224539207387715,0.0793,,,4000.0,789
1.0,final,0.683220687628563,,,,,0.6808698207464002,1.5297499870224067,2800.0,789
0.5,0.23,0.6373787834263884,1.5528981222533282,1.8726269695162767,0.1477341549098491,0.0379,,,200.0,789
0.5,0.47,0.6641198942109903,1.45577277311885,1.6258104044198989,0.1315117895975709,0.0389,,,400.0,789
0.5,0.7,0.6617690273288275,1.426195885026031,1.5637145927548408,0.1282264151424169,0.0394,,,600.0,789
0.5,0.94,0.6685277696150456,1.3833780318822646,1.5030646628141404,0.123318349905312,0.0394,,,800.0,789
0.5,1.17,0.6714663532177491,1.418666586047791,1.1215132310980789,0.0944865989685058,0.0404,,,1000.0,789
0.5,1.41,0.6738172200999119,1.4100344713526616,0.9850941587984562,0.0848357644025236,0.0413,,,1200.0,789
0.5,1.64,0.6744049368204525,1.4046046361830735,1.0407434804737568,0.0887035203631967,0.0409,,,1400.0,789
0.5,1.88,0.6682339112547752,1.401578600007998,1.0256973740458488,0.0876579819899052,0.041,,,1600.0,789
0.5,2.11,0.6761680869820746,1.45702010002551,0.8735064607858658,0.0732857179176062,0.0403,,,1800.0,789
0.5,2.35,0.6679400528945049,1.4976960281887162,0.6255579320341349,0.05429861003533,0.0416,,,2000.0,789
0.5,2.58,0.6779312371436967,1.462049883216961,0.6465058688819408,0.0567751703225076,0.0421,,,2200.0,789
0.5,2.82,0.6741110784601821,1.4623531207175176,0.6535490810126067,0.0583209693245589,0.0427,,,2400.0,789
0.5,3.05,0.6741110784601821,1.5084538857725975,0.5884963717125357,0.0508379575796425,0.0414,,,2600.0,789
0.5,3.29,0.675580370261534,1.5100172622533816,0.3746205597743392,0.0330065094307065,0.0422,,,2800.0,789
0.5,3.52,0.6761680869820746,1.5438635433347232,0.4071108684316277,0.0352289384510368,0.0415,,,3000.0,789
0.5,3.76,0.6711724948574787,1.5746427862356245,0.3963651445135474,0.0352135590650141,0.0425,,,3200.0,789
0.5,3.99,0.6791066705847781,1.5579659095624598,0.4142412520572543,0.0370527242496609,0.0428,,,3400.0,789
0.5,4.23,0.6758742286218042,1.6131928548580263,0.2351947511115577,0.0203353207092732,0.0414,,,3600.0,789
0.5,4.46,0.6764619453423449,1.6202485514429783,0.2367478831298649,0.0207421673741191,0.042,,,3800.0,789
0.5,4.69,0.6788128122245077,1.608896021033048,0.2530309817381203,0.0219073317479342,0.0415,,,4000.0,789
0.5,4.93,0.6714663532177491,1.6215983460729275,0.250879983920604,0.0226103337295353,0.0431,,,4200.0,789
0.5,5.16,0.6729356450191007,1.6662714233336784,0.1662689927127212,0.014256220459938,0.0411,,,4400.0,789
0.5,5.4,0.6764619453423449,1.6798529039226555,0.1429377406369894,0.0121037098485976,0.0406,,,4600.0,789
0.5,final,0.6791066705847781,,,,,0.6826329709080223,1.564223590122753,3400.0,789
0.1,0.23,0.636203349985307,1.5645415503383908,1.8427305155992508,0.1465944338962435,0.0079,,,200.0,789
0.1,0.47,0.6602997355274758,1.4655714793097367,1.6127510520815849,0.130594864487648,0.008,,,400.0,789
0.1,0.7,0.6602997355274758,1.4280065541543436,1.5960655748844146,0.1306352426484227,0.0081,,,600.0,789
0.1,0.94,0.6699970614163973,1.3919745585584231,1.5337777680158615,0.1255215489864349,0.0081,,,800.0,789
0.1,1.17,0.6691154863355863,1.4232629243324968,1.1811655974388122,0.0978156966529786,0.0082,,,1000.0,789
0.1,1.41,0.6717602115780194,1.4171357396207345,1.0048745796084404,0.0843323062546551,0.0083,,,1200.0,789
0.1,1.64,0.6794005289450484,1.4104889320899836,1.001910016834736,0.0864892359636724,0.0086,,,1400.0,789
0.1,1.88,0.670584778136938,1.4040114978044271,1.0468075795471667,0.0889706223271787,0.0084,,,1600.0,789
0.1,2.11,0.6673523361739642,1.467223949688797,0.8435282427817583,0.0732726230192929,0.0086,,,1800.0,789
0.1,2.35,0.6811636791066706,1.467538997456497,0.6014738132804632,0.053405929878354,0.0088,,,2000.0,789
0.1,2.58,0.6717602115780194,1.4699112300203017,0.6294956967979669,0.0552811272069811,0.0087,,,2200.0,789
0.1,2.82,0.6676461945342345,1.4878577610831942,0.6751768007129431,0.0588859769329428,0.0086,,,2400.0,789
0.1,3.05,0.6714663532177491,1.5221236244286294,0.592920972853899,0.0516609790176153,0.0086,,,2600.0,789
0.1,3.29,0.6661769027328828,1.54809931212231,0.3839636622369289,0.0331510322261601,0.0086,,,2800.0,789
0.1,3.52,0.670584778136938,1.5604825420236714,0.3929789965599775,0.035632358752191,0.009,,,3000.0,789
0.1,3.76,0.6652953276520717,1.5450785946853014,0.4003867359086871,0.0351414521224796,0.0087,,,3200.0,789
0.1,final,0.6811636791066706,,,,,0.6764619453423449,1.4745988645099593,2000.0,789
0.0,0.23,0.6315016162209814,1.549140234817451,1.839007407128811,0.0,0.0,,,200.0,789
0.0,0.47,0.6532471348809874,1.4526242363498452,1.6299713829159737,0.0,0.0,,,400.0,789
0.0,0.7,0.6623567440493682,1.416658172458892,1.568033649623394,0.0,0.0,,,600.0,789
0.0,0.94,0.6744049368204525,1.382563154066166,1.5493814235925674,0.0,0.0,,,800.0,789
0.0,1.17,0.67234792829856,1.4140232632939969,1.0970515119284392,0.0,0.0,,,1000.0,789
0.0,1.41,0.6744049368204525,1.4072841722195266,1.0030340594053269,0.0,0.0,,,1200.0,789
0.0,1.64,0.6764619453423449,1.3991595411735038,1.0174111975729463,0.0,0.0,,,1400.0,789
0.0,1.88,0.6817513958272113,1.3940962179597602,1.0058170960843562,0.0,0.0,,,1600.0,789
0.0,2.11,0.6761680869820746,1.4538705843951538,0.8210766951739789,0.0,0.0,,,1800.0,789
0.0,2.35,0.6761680869820746,1.467842550793361,0.6235128003358841,0.0,0.0,,,2000.0,789
0.0,2.58,0.6644137525712607,1.4826045622728938,0.6284856519848109,0.0,0.0,,,2200.0,789
0.0,2.82,0.6714663532177491,1.4863413145988436,0.6309251866489649,0.0,0.0,,,2400.0,789
0.0,3.05,0.6670584778136938,1.560311350197502,0.615084887444973,0.0,0.0,,,2600.0,789
0.0,3.29,0.6691154863355863,1.5377534486040312,0.4064766595512628,0.0,0.0,,,2800.0,789
0.0,final,0.6817513958272113,,,,,0.6843961210696444,1.4021927348452738,1600.0,789
zero-shot,0,,,,,,0.5001469291801351,2.6038277350976964,,1011
4.0,0.23,0.6282691742580077,1.5896169426789395,1.905453444123268,0.1492845373600721,0.2386,,,200.0,1011
4.0,0.47,0.6312077578607111,1.542478236106785,1.5919329646229743,0.1317840308882296,0.2488,,,400.0,1011
4.0,0.7,0.6420805171907141,1.4952114053659498,1.5666581904888153,0.1244670700654387,0.2412,,,600.0,1011
4.0,0.94,0.6523655598001763,1.4668338908330854,1.5088556760549543,0.1226282735168933,0.2453,,,800.0,1011
4.0,1.17,0.6523655598001763,1.490056643442585,1.1537890088558198,0.0935146383754909,0.2448,,,1000.0,1011
4.0,1.41,0.6514839847193653,1.4832517604704574,1.01806980535388,0.0842572588101029,0.2487,,,1200.0,1011
4.0,1.64,0.6532471348809874,1.5012947745159235,1.0309147000312806,0.0848471771925687,0.2477,,,1400.0,1011
4.0,1.88,0.6526594181604467,1.461071293528487,1.0882574141025545,0.0892299813218414,0.247,,,1600.0,1011
4.0,2.11,0.6538348516015281,1.5220285979502697,0.8581327214930207,0.0705329850316047,0.2474,,,1800.0,1011
4.0,2.35,0.6535409932412577,1.532047415704472,0.6396733789891005,0.0547031986434012,0.2549,,,2000.0,1011
4.0,2.58,0.6567734352042316,1.5190204534326062,0.7015296361595392,0.0589311884157359,0.2515,,,2200.0,1011
4.0,2.82,0.6538348516015281,1.5329553371942852,0.6890501168370247,0.0559187887888401,0.2451,,,2400.0,1011
4.0,3.05,0.6582427270055833,1.5605193530325676,0.6782594801578671,0.0550675803981721,0.2451,,,2600.0,1011
4.0,3.29,0.658830443726124,1.5980329249418732,0.3922314842417836,0.0331668266933411,0.2527,,,2800.0,1011
4.0,3.52,0.6664707610931531,1.583591774775987,0.47306934338063,0.0391933678090572,0.2489,,,3000.0,1011
4.0,3.76,0.6532471348809874,1.598951284022952,0.4626523371785879,0.0387500605825334,0.251,,,3200.0,1011
4.0,3.99,0.6614751689685572,1.6214684415066765,0.4637353770062327,0.0383369293808937,0.2485,,,3400.0,1011
4.0,4.23,0.6570672935645019,1.6514365486702147,0.2951855368539691,0.0244175154715776,0.2486,,,3600.0,1011
4.0,4.46,0.658830443726124,1.687181114624992,0.2801301703229547,0.0229780958220362,0.247,,,3800.0,1011
4.0,4.69,0.6553041434028798,1.705326498307938,0.2908794760145247,0.0244569891598075,0.2517,,,4000.0,1011
4.0,4.93,0.6564795768439612,1.7081565873748303,0.2957368594221771,0.0248341537266969,0.2514,,,4200.0,1011
4.0,final,0.6664707610931531,,,,,0.66382603585072,1.610462922332499,3000.0,1011
2.0,0.23,0.6229797237731414,1.6025058610138738,1.850478589832783,0.1448486949503421,0.1354,,,200.0,1011
2.0,0.47,0.6444313840728769,1.5217146582719756,1.642063409090042,0.1317863674461841,0.1383,,,400.0,1011
2.0,0.7,0.6450191007934176,1.4812340717472612,1.5480632853507996,0.1273222501948475,0.1413,,,600.0,1011
2.0,0.94,0.652953276520717,1.4470623411082746,1.508787482380867,0.1231621223688125,0.1403,,,800.0,1011
2.0,1.17,0.6514839847193653,1.492130287808248,1.142128155203536,0.093963333684951,0.1413,,,1000.0,1011
2.0,1.41,0.6567734352042316,1.4552247299364724,1.010303634703159,0.0844225243013352,0.1432,,,1200.0,1011
2.0,1.64,0.6602997355274758,1.454691719315243,0.9996843522787094,0.0846656738407909,0.1448,,,1400.0,1011
2.0,1.88,0.6547164266823391,1.4478742344884568,1.0404764626920224,0.087084066607058,0.1434,,,1600.0,1011
2.0,2.11,0.6526594181604467,1.5278683304261222,0.8227238773524005,0.0700042021367698,0.1454,,,1800.0,1011
2.0,2.35,0.6597120188069351,1.5231723181472048,0.6536243958771228,0.0555126650352031,0.1452,,,2000.0,1011
2.0,2.58,0.6614751689685572,1.5333044227697623,0.6566428462415934,0.0556510072108358,0.1449,,,2200.0,1011
2.0,2.82,0.6658830443726124,1.5116792480419428,0.6478138802945614,0.0558627159241586,0.1471,,,2400.0,1011
2.0,3.05,0.6550102850426095,1.598648714802036,0.6116898509552994,0.0515513436868786,0.1442,,,2600.0,1011
2.0,3.29,0.6547164266823391,1.5891497886920023,0.3960579046979546,0.0341615141462534,0.1471,,,2800.0,1011
2.0,3.52,0.6585365853658537,1.5947966959558442,0.41029600225389,0.0353950904216617,0.1471,,,3000.0,1011
2.0,3.76,0.6567734352042316,1.6063528805664626,0.4200976175814867,0.0366875008307397,0.1487,,,3200.0,1011
2.0,3.99,0.6555980017631502,1.6327996981203503,0.4431052510812878,0.0372793402615934,0.144,,,3400.0,1011
2.0,4.23,0.658830443726124,1.678879199783276,0.2413103956356644,0.0207141404226422,0.1465,,,3600.0,1011
2.0,final,0.6658830443726124,,,,,0.6676461945342345,1.5383585889375178,2400.0,1011
1.0,0.23,0.6171025565677344,1.6040646300538652,1.8312636339664456,0.1438463738188147,0.0728,,,200.0,1011
1.0,0.47,0.6426682339112548,1.5343039274706127,1.606598728299141,0.1307820225693285,0.0753,,,400.0,1011
1.0,0.7,0.646194534234499,1.4993267560264414,1.6142861780524254,0.1298852272517979,0.0745,,,600.0,1011
1.0,0.94,0.6485454011166618,1.4546794752636063,1.511317732334137,0.1240160505659878,0.0758,,,800.0,1011
1.0,1.17,0.6511901263590949,1.4927924928544656,1.0876261624039034,0.0911634515225887,0.0773,,,1000.0,1011
1.0,1.41,0.6600058771672054,1.4701840506208108,1.0203040443360805,0.0865923642925918,0.0782,,,1200.0,1011
1.0,1.64,0.6538348516015281,1.516306312652395,0.9881121575832368,0.085955408886075,0.08,,,1400.0,1011
1.0,1.88,0.6553041434028798,1.4703727974949112,1.0314842270314692,0.0871386920846998,0.0779,,,1600.0,1011
1.0,2.11,0.6644137525712607,1.4967950093826756,0.8186044759303331,0.0694097041711211,0.0782,,,1800.0,1011
1.0,2.35,0.6614751689685572,1.5008866869629112,0.6118927429616451,0.052713808575645,0.0793,,,2000.0,1011
1.0,2.58,0.6608874522480165,1.520452849205683,0.6340049271285534,0.0549950149096548,0.0798,,,2200.0,1011
1.0,2.82,0.6582427270055833,1.5116552842773832,0.6703515363484621,0.057505137939006,0.079,,,2400.0,1011
1.0,3.05,0.6620628856890979,1.5593220574555242,0.5912894199788571,0.0509484978578984,0.0793,,,2600.0,1011
1.0,3.29,0.6620628856890979,1.5874250359020967,0.3564930465444922,0.0309997082315385,0.08,,,2800.0,1011
1.0,3.52,0.6626506024096386,1.621837708587826,0.4003603104501962,0.0346995723526924,0.0798,,,3000.0,1011
1.0,final,0.6644137525712607,,,,,0.6752865119012635,1.4904580478488856,1800.0,1011
0.5,0.23,0.6203349985307082,1.610874027705634,1.9018712213635445,0.148736685924232,0.0376,,,200.0,1011
0.5,0.47,0.636203349985307,1.5170311881554956,1.590335618853569,0.1307836173102259,0.0395,,,400.0,1011
0.5,0.7,0.6432559506317955,1.4761868674300398,1.5554027727246285,0.1279973996430635,0.0395,,,600.0,1011
0.5,0.94,0.6514839847193653,1.4468069433150066,1.523127263188362,0.1236888659186661,0.039,,,800.0,1011
0.5,1.17,0.6488392594769321,1.4944559834895328,1.141485570122022,0.0968479377031326,0.0407,,,1000.0,1011
0.5,1.41,0.6541287099617984,1.4744633490500505,1.0078690251708031,0.0873635485954582,0.0415,,,1200.0,1011
0.5,1.64,0.6511901263590949,1.4687167729415018,0.9960778780281544,0.0847789775580167,0.0408,,,1400.0,1011
0.5,1.88,0.6553041434028798,1.4579732647861343,0.9723597906529904,0.0828021307103335,0.0408,,,1600.0,1011
0.5,2.11,0.6582427270055833,1.517496622908371,0.840671975016594,0.0719422907568514,0.041,,,1800.0,1011
0.5,2.35,0.6600058771672054,1.5257398313611457,0.6106697158515453,0.0526060487516224,0.0413,,,2000.0,1011
0.5,2.58,0.6620628856890979,1.5176434858105234,0.6099476698040962,0.0528612646739929,0.0415,,,2200.0,1011
0.5,2.82,0.66382603585072,1.5253652327557434,0.6507649801671505,0.056672619972378,0.0417,,,2400.0,1011
0.5,3.05,0.6650014692918014,1.5578453130242826,0.6085012824204751,0.0530006286781281,0.0417,,,2600.0,1011
0.5,3.29,0.6602997355274758,1.6058113949108992,0.365903275348246,0.0318754180055111,0.0417,,,2800.0,1011
0.5,3.52,0.6608874522480165,1.6035257891420402,0.3791809377074241,0.0335194732062518,0.0423,,,3000.0,1011
0.5,3.76,0.6650014692918014,1.61891830412388,0.4052519232407212,0.0362915704306215,0.0429,,,3200.0,1011
0.5,3.99,0.6641198942109903,1.616541743313534,0.4198148111999035,0.0378465119097381,0.0431,,,3400.0,1011
0.5,4.23,0.6570672935645019,1.666757920612982,0.2368125729914754,0.0201869083568453,0.0409,,,3600.0,1011
0.5,4.46,0.6558918601234205,1.6753168714911737,0.2340637811087071,0.0208560877013951,0.0427,,,3800.0,1011
0.5,final,0.6650014692918014,,,,,0.6667646194534235,1.5753400762257,2600.0,1011
0.1,0.23,0.6147516896855716,1.6078199531763675,1.8328315716981889,0.1448055118322372,0.0078,,,200.0,1011
0.1,0.47,0.6394357919482809,1.5160813487140077,1.626776336431503,0.1327638882398605,0.0081,,,400.0,1011
0.1,0.7,0.6467822509550397,1.4926356352184789,1.5445620322227478,0.1246697868779301,0.008,,,600.0,1011
0.1,0.94,0.6447252424331472,1.446032043838725,1.5092961984872817,0.1236472256109118,0.0081,,,800.0,1011
0.1,1.17,0.6494269761974728,1.4755329535072634,1.1248476942372507,0.0947001862991601,0.0083,,,1000.0,1011
0.1,1.41,0.6547164266823391,1.4828790374759222,0.9839821838587522,0.0842221128568053,0.0085,,,1200.0,1011
0.1,1.64,0.6541287099617984,1.4637894349486344,1.0158040450513364,0.0877428572624921,0.0086,,,1400.0,1011
0.1,1.88,0.6576550102850426,1.4755555196190946,0.9796486362814903,0.0844086309056729,0.0085,,,1600.0,1011
0.1,2.11,0.6538348516015281,1.50950188073487,0.855030521824956,0.0740268884040415,0.0086,,,1800.0,1011
0.1,2.35,0.6541287099617984,1.5494443956908148,0.6152010056376457,0.0544525847863405,0.0088,,,2000.0,1011
0.1,2.58,0.6564795768439612,1.5374801322147842,0.6259837754070758,0.0542009164113551,0.0086,,,2200.0,1011
0.1,2.82,0.6503085512782839,1.5408426518654634,0.6552178625017404,0.0569946807064116,0.0086,,,2400.0,1011
0.1,3.05,0.6541287099617984,1.5729093793347202,0.5771631416676383,0.0508012226503342,0.0087,,,2600.0,1011
0.1,3.29,0.6573611519247723,1.5790449311163648,0.3881204969808459,0.0337612934969365,0.0086,,,2800.0,1011
0.1,final,0.6576550102850426,,,,,0.6726417866588305,1.4500646383104483,1600.0,1011
0.0,0.23,0.6185718483690861,1.588734051286561,1.873968694508076,0.0,0.0,,,200.0,1011
0.0,0.47,0.640317367029092,1.520361023372389,1.5815252321958542,0.0,0.0,,,400.0,1011
0.0,0.7,0.6447252424331472,1.4710303031098586,1.5610200002789498,0.0,0.0,,,600.0,1011
0.0,0.94,0.64707610931531,1.4423181066224409,1.508868263661861,0.0,0.0,,,800.0,1011
0.0,1.17,0.6550102850426095,1.4565949189183014,1.125171838849783,0.0,0.0,,,1000.0,1011
0.0,1.41,0.6503085512782839,1.4831481553721422,0.9909136371314524,0.0,0.0,,,1200.0,1011
0.0,1.64,0.6535409932412577,1.4809390042692012,1.0105339565873146,0.0,0.0,,,1400.0,1011
0.0,1.88,0.652071701439906,1.4778595658004408,0.9809713773429394,0.0,0.0,,,1600.0,1011
0.0,2.11,0.6626506024096386,1.4867964595197194,0.81033208116889,0.0,0.0,,,1800.0,1011
0.0,2.35,0.6564795768439612,1.5262320937740428,0.6079266275465488,0.0,0.0,,,2000.0,1011
0.0,2.58,0.6564795768439612,1.5377045709737216,0.6403490369766951,0.0,0.0,,,2200.0,1011
0.0,2.82,0.6558918601234205,1.548080223853049,0.6098414505273104,0.0,0.0,,,2400.0,1011
0.0,3.05,0.6511901263590949,1.6044366427670147,0.6459679449349642,0.0,0.0,,,2600.0,1011
0.0,3.29,0.664707610931531,1.5779106619776329,0.3879996300116181,0.0,0.0,,,2800.0,1011
0.0,3.52,0.6582427270055833,1.607586361960457,0.3896514148637652,0.0,0.0,,,3000.0,1011
0.0,3.76,0.6620628856890979,1.6202336250947498,0.3699057396128773,0.0,0.0,,,3200.0,1011
0.0,3.99,0.6614751689685572,1.6439315198695978,0.4136618572846055,0.0,0.0,,,3400.0,1011
0.0,4.23,0.657948868645313,1.6773564236814962,0.2747755486145615,0.0,0.0,,,3600.0,1011
0.0,4.46,0.6600058771672054,1.6764746926442475,0.2465546071715653,0.0,0.0,,,3800.0,1011
0.0,4.69,0.6558918601234205,1.6877282687996262,0.2347551776841283,0.0,0.0,,,4000.0,1011
0.0,final,0.664707610931531,,,,,0.6676461945342345,1.590844166758759,2800.0,1011
zero-shot,0,,,,,,0.5142521304731119,2.5166181498263254,,2024
4.0,0.23,0.6229797237731414,1.648453074730462,1.8430640652775765,0.144169042520225,0.2383,,,200.0,2024
4.0,0.47,0.6456068175139583,1.5359901916339682,1.6343590894341469,0.1322853594645857,0.2446,,,400.0,2024
4.0,0.7,0.6553041434028798,1.4868406167003712,1.5442627477645874,0.1248603029549121,0.2444,,,600.0,2024
4.0,0.94,0.6526594181604467,1.462263525565722,1.550779406130314,0.1256969981826841,0.2448,,,800.0,2024
4.0,1.17,0.6544225683220688,1.4898129449744033,1.1685100378096105,0.096715779621154,0.2487,,,1000.0,2024
4.0,1.41,0.6626506024096386,1.4578226852374956,1.0557364535331726,0.0871566929575055,0.2482,,,1200.0,2024
4.0,1.64,0.6655891860123421,1.458567910393371,1.0537610257416965,0.0849392986856401,0.2438,,,1400.0,2024
4.0,1.88,0.6658830443726124,1.4526239165901051,1.0620853042602538,0.088229341963306,0.2494,,,1600.0,2024
4.0,2.11,0.6738172200999119,1.4878687879249624,0.877391635030508,0.073732940275222,0.2516,,,1800.0,2024
4.0,2.35,0.6635321774904496,1.5179440797934138,0.678964354544878,0.0561654296144843,0.2486,,,2000.0,2024
4.0,2.58,0.6664707610931531,1.510613400656582,0.6978598438203335,0.0575240844115614,0.248,,,2200.0,2024
4.0,2.82,0.6670584778136938,1.5276204773583133,0.684011317640543,0.0578651016484946,0.2528,,,2400.0,2024
4.0,3.05,0.6629444607699089,1.5600038821859077,0.6518924161046743,0.0549799305945634,0.2523,,,2600.0,2024
4.0,3.29,0.6644137525712607,1.5535000662855496,0.434500301964581,0.0362663446739316,0.2503,,,2800.0,2024
4.0,3.52,0.6652953276520717,1.5761874845859551,0.4432924193143844,0.0371203548368066,0.2509,,,3000.0,2024
4.0,final,0.6738172200999119,,,,,0.6791066705847781,1.4205314121875487,1800.0,2024
2.0,0.23,0.6344401998236849,1.622390502836646,1.877488014996052,0.1478030940145254,0.136,,,200.0,2024
2.0,0.47,0.6514839847193653,1.5379594549724995,1.6045908936858178,0.1302217220142483,0.1396,,,400.0,2024
2.0,0.7,0.6582427270055833,1.47196212597465,1.5908760279417038,0.1276649114489555,0.1383,,,600.0,2024
2.0,0.94,0.6576550102850426,1.4390423332212114,1.50447860121727,0.123727941494435,0.1412,,,800.0,2024
2.0,1.17,0.6644137525712607,1.4466208618877567,1.1485659870505334,0.0946594230178743,0.1415,,,1000.0,2024
2.0,1.41,0.6591243020863944,1.4813171993309422,0.9982474301755428,0.0839780563302338,0.144,,,1200.0,2024
2.0,1.64,0.6791066705847781,1.4492961578147747,1.0344307874143124,0.0861912349425256,0.1428,,,1400.0,2024
2.0,1.88,0.6732295033793712,1.443384699845293,1.0401233643293382,0.0883491992950439,0.1452,,,1600.0,2024
2.0,2.11,0.6688216279753159,1.5041099636827255,0.870901801213622,0.073721691770479,0.1448,,,1800.0,2024
2.0,2.35,0.6658830443726124,1.499578492626736,0.6500138438493014,0.0555266544874757,0.1459,,,2000.0,2024
2.0,2.58,0.6591243020863944,1.5286159788269595,0.6628848639130592,0.0565693493932485,0.1458,,,2200.0,2024
2.0,2.82,0.6614751689685572,1.5270696152598235,0.678494019806385,0.0582318723108619,0.1465,,,2400.0,2024
2.0,3.05,0.6673523361739642,1.5566399755318163,0.6283290803059935,0.0531513861753046,0.1447,,,2600.0,2024
2.0,final,0.6791066705847781,,,,,0.6811636791066706,1.3729248866066666,1400.0,2024
1.0,0.23,0.6309138995004407,1.6115979875777,1.860852472484112,0.1457979591190815,0.0727,,,200.0,2024
1.0,0.47,0.6450191007934176,1.5216065325738402,1.6532727509737015,0.1343594250082969,0.0752,,,400.0,2024
1.0,0.7,0.6591243020863944,1.4733405352829836,1.5209724774956703,0.1244334290921688,0.0756,,,600.0,2024
1.0,0.94,0.6570672935645019,1.4489334769855693,1.4996692162752152,0.122553924228996,0.0755,,,800.0,2024
1.0,1.17,0.6547164266823391,1.477861156296877,1.1727156966598704,0.0978521911427378,0.077,,,1000.0,2024
1.0,1.41,0.6594181604466647,1.4874362114980015,0.9849179117381572,0.0834417447261512,0.0781,,,1200.0,2024
1.0,1.64,0.6670584778136938,1.4600600218233415,1.0142456841468812,0.0862698356620967,0.0784,,,1400.0,2024
1.0,1.88,0.6714663532177491,1.432463717502669,1.0287430652976035,0.0866760554630309,0.0777,,,1600.0,2024
1.0,2.11,0.669703203056127,1.4805984358348954,0.826773428171873,0.0700729074049741,0.0781,,,1800.0,2024
1.0,2.35,0.67234792829856,1.492923654600553,0.6302455960214138,0.0543418900389224,0.0794,,,2000.0,2024
1.0,2.58,0.6744049368204525,1.491501980622376,0.6475127445161343,0.0563615349214524,0.0801,,,2200.0,2024
1.0,2.82,0.6626506024096386,1.5165022710404463,0.6485685367137194,0.0556837815791368,0.0791,,,2400.0,2024
1.0,3.05,0.6699970614163973,1.5459838630590514,0.6161706790894095,0.0532318166550248,0.0795,,,2600.0,2024
1.0,3.29,0.6641198942109903,1.565788835138214,0.3841427149251103,0.0337116221059113,0.0807,,,2800.0,2024
1.0,3.52,0.6658830443726124,1.5870753487803604,0.4084293345734477,0.0357759891729801,0.0805,,,3000.0,2024
1.0,3.76,0.664707610931531,1.5863450902929874,0.3929512105509639,0.0347927441820502,0.0813,,,3200.0,2024
1.0,3.99,0.6670584778136938,1.606345412803334,0.4062155652791261,0.0353717737924307,0.0801,,,3400.0,2024
1.0,final,0.6744049368204525,,,,,0.6870408463120776,1.4285784495461873,2200.0,2024
0.5,0.23,0.6282691742580077,1.614088944221573,1.877762587070465,0.147233263105154,0.0377,,,200.0,2024
0.5,0.47,0.6414928004701734,1.5325149203131487,1.596193858385086,0.1300788594782352,0.0392,,,400.0,2024
0.5,0.7,0.6511901263590949,1.4762492953347277,1.586404205262661,0.1288680145703256,0.039,,,600.0,2024
0.5,0.94,0.658830443726124,1.4431061324672492,1.515375203192234,0.1241047625988721,0.0393,,,800.0,2024
0.5,1.17,0.6620628856890979,1.4604745441207527,1.118608102798462,0.0960064792446792,0.0411,,,1000.0,2024
0.5,1.41,0.6629444607699089,1.4564979037151171,1.0125343428552152,0.0856502734869718,0.0406,,,1200.0,2024
0.5,1.64,0.6714663532177491,1.4522727927564698,1.018495436012745,0.0867580920644104,0.0409,,,1400.0,2024
0.5,1.88,0.6738172200999119,1.4565279085496716,1.009682877510786,0.085807801131159,0.0408,,,1600.0,2024
0.5,2.11,0.6658830443726124,1.5080059646263986,0.8181578075885773,0.0703582680877298,0.0412,,,1800.0,2024
0.5,2.35,0.6602997355274758,1.533845448683123,0.6145542825013399,0.0531390908546745,0.0414,,,2000.0,2024
0.5,2.58,0.6602997355274758,1.527829469739077,0.6449686378985643,0.0564056585915386,0.0419,,,2200.0,2024
0.5,2.82,0.6661769027328828,1.5397876029220567,0.6438623233884573,0.0576765051390975,0.0429,,,2400.0,2024
0.5,3.05,0.6591243020863944,1.5523650991261584,0.6392696248739957,0.0564903140626847,0.0423,,,2600.0,2024
0.5,3.29,0.6623567440493682,1.576512753455526,0.3874895713105797,0.0343239144328981,0.0424,,,2800.0,2024
0.5,final,0.6738172200999119,,,,,0.6876285630326183,1.3731750714018736,1600.0,2024
0.1,0.23,0.627681457537467,1.6189818543754464,1.859846920967102,0.1466283703222871,0.0078,,,200.0,2024
0.1,0.47,0.6429620922715251,1.5140291237669974,1.6625181379914284,0.1341433062404394,0.008,,,400.0,2024
0.1,0.7,0.6526594181604467,1.4890323963509984,1.5576077166199684,0.1278450401872396,0.0081,,,600.0,2024
0.1,0.94,0.6553041434028798,1.4510165330349891,1.485882644355297,0.122531848642975,0.0082,,,800.0,2024
0.1,1.17,0.6570672935645019,1.4887261088721864,1.1531405374407768,0.0975991895608603,0.0084,,,1000.0,2024
0.1,1.41,0.670584778136938,1.4521429879925305,1.0076139806210995,0.0860338500235229,0.0085,,,1200.0,2024
0.1,1.64,0.6558918601234205,1.4640461179812867,0.9960061465203762,0.0863141496386379,0.0086,,,1400.0,2024
0.1,1.88,0.6664707610931531,1.4505031941884972,1.039271386563778,0.088666377607733,0.0085,,,1600.0,2024
0.1,2.11,0.6720540699382898,1.4980969266123607,0.8278059621899387,0.070680328849703,0.0085,,,1800.0,2024
0.1,2.35,0.664707610931531,1.5152157261691792,0.6563848559558392,0.0573406524956226,0.0087,,,2000.0,2024
0.1,2.58,0.6655891860123421,1.528259062781041,0.6501218929886818,0.0573392106033861,0.0087,,,2200.0,2024
0.1,2.82,0.6691154863355863,1.519744127454598,0.6308330549299717,0.0555296560190618,0.0087,,,2400.0,2024
0.1,3.05,0.6626506024096386,1.5648125758985194,0.5637692241740524,0.0501645764708519,0.0088,,,2600.0,2024
0.1,3.29,0.6673523361739642,1.579699456744288,0.3754920012876391,0.0336560912337154,0.0089,,,2800.0,2024
0.1,3.52,0.6591243020863944,1.6190520928531684,0.4026501156017184,0.0355099493637681,0.0087,,,3000.0,2024
0.1,final,0.6720540699382898,,,,,0.6855715545107258,1.4132641437927345,1800.0,2024
0.0,0.23,0.6317954745812518,1.5901500601436402,1.907426416873932,0.0,0.0,,,200.0,2024
0.0,0.47,0.641198942109903,1.525162483746957,1.5988480758666992,0.0,0.0,,,400.0,2024
0.0,0.7,0.6585365853658537,1.4778898515107175,1.5699570441246034,0.0,0.0,,,600.0,2024
0.0,0.94,0.6611813106082868,1.44342515456687,1.5133464986085892,0.0,0.0,,,800.0,2024
0.0,1.17,0.6547164266823391,1.476399554072707,1.103659250214696,0.0,0.0,,,1000.0,2024
0.0,1.41,0.6614751689685572,1.483336568579336,0.9867441660165788,0.0,0.0,,,1200.0,2024
0.0,1.64,0.6635321774904496,1.4579459281658518,1.0232432329654693,0.0,0.0,,,1400.0,2024
0.0,1.88,0.6729356450191007,1.4656694638809666,0.9859756530821324,0.0,0.0,,,1600.0,2024
0.0,2.11,0.6714663532177491,1.4885670319046302,0.8342073236405849,0.0,0.0,,,1800.0,2024
0.0,2.35,0.6655891860123421,1.5083746903089086,0.6090272242948412,0.0,0.0,,,2000.0,2024
0.0,2.58,0.6614751689685572,1.5156510185571828,0.6133295579254627,0.0,0.0,,,2200.0,2024
0.0,2.82,0.6688216279753159,1.518332404141702,0.653859725818038,0.0,0.0,,,2400.0,2024
0.0,3.05,0.6670584778136938,1.5493639589862336,0.6097112853452563,0.0,0.0,,,2600.0,2024
0.0,3.29,0.6650014692918014,1.586933853554088,0.3530456623062491,0.0,0.0,,,2800.0,2024
0.0,final,0.6729356450191007,,,,,0.6826329709080223,1.3812571992392124,1600.0,2024
zero-shot,0,,,,,,0.5098442550690567,2.557918697008833,,3000
1.0,0.23,0.6450191007934176,1.533800916946043,1.892175652682781,0.1481470467895269,0.0726,,,200.0,3000
1.0,0.47,0.6564795768439612,1.4618230360748137,1.5980520784854888,0.1300753847137093,0.0753,,,400.0,3000
1.0,0.7,0.6691154863355863,1.405697761205866,1.5433751279115675,0.1260002579540014,0.0755,,,600.0,3000
1.0,0.94,0.6626506024096386,1.400533336262615,1.5454353767633435,0.126193918697536,0.0755,,,800.0,3000
1.0,1.17,0.664707610931531,1.4247258200151165,1.1229340041335671,0.0939306607842445,0.0772,,,1000.0,3000
1.0,1.41,0.6711724948574787,1.4192698681062017,0.9811902159452438,0.0844169964082539,0.0792,,,1200.0,3000
1.0,1.64,0.678225095503967,1.38808794318316,1.00947302877903,0.0851394361257553,0.0778,,,1400.0,3000
1.0,1.88,0.6799882456655891,1.4018124993819367,1.0355861289799213,0.0870824394375085,0.0776,,,1600.0,3000
1.0,2.11,0.6729356450191007,1.4365582045144696,0.8358270685747266,0.0701930059865117,0.0775,,,1800.0,3000
1.0,2.35,0.6767558037026153,1.446706737354157,0.6541502347588539,0.0562102596089243,0.0791,,,2000.0,3000
1.0,2.58,0.6749926535409932,1.4535988674001277,0.6527599216997624,0.0556854987796396,0.0786,,,2200.0,3000
1.0,2.82,0.6796943873053188,1.471331667029136,0.6597609563916922,0.0582072602771222,0.0811,,,2400.0,3000
1.0,3.05,0.6770496620628856,1.5063583345828149,0.5701486651599407,0.0494214135035872,0.0798,,,2600.0,3000
1.0,3.29,0.6738172200999119,1.5285986442728636,0.397328429557383,0.0345590669289231,0.08,,,2800.0,3000
1.0,final,0.6799882456655891,,,,,0.6791066705847781,1.442083529293835,1600.0,3000
0.0,0.23,0.6379665001469291,1.5375697227425342,1.891347032785416,0.0,0.0,,,200.0,3000
0.0,0.47,0.6550102850426095,1.4491783896772574,1.581177326142788,0.0,0.0,,,400.0,3000
zero-shot,0,,,,,,0.5098442550690567,2.557918697008833,,3000
0.0,0.23,0.6379665001469291,1.5375697227425342,1.891347032785416,0.0,0.0,,,200.0,3000
0.0,0.47,0.6550102850426095,1.4491783896772574,1.581177326142788,0.0,0.0,,,400.0,3000
0.0,0.7,0.6620628856890979,1.412580888148024,1.5372604846954343,0.0,0.0,,,600.0,3000
0.0,0.94,0.6805759623861299,1.3675367809063612,1.5459341782331466,0.0,0.0,,,800.0,3000
0.0,1.17,0.6726417866588305,1.4117616826414956,1.1529105505347252,0.0,0.0,,,1000.0,3000
0.0,1.41,0.6779312371436967,1.3974716331532795,0.9975326736271382,0.0,0.0,,,1200.0,3000
0.0,1.64,0.6746987951807228,1.3896905926967276,1.0005629432201386,0.0,0.0,,,1400.0,3000
0.0,1.88,0.6814575374669409,1.3823989089266395,1.0253118032217026,0.0,0.0,,,1600.0,3000
0.0,2.11,0.6758742286218042,1.435387252535219,0.7812792794313281,0.0,0.0,,,1800.0,3000
0.0,2.35,0.6805759623861299,1.453183564948328,0.630933943837881,0.0,0.0,,,2000.0,3000
0.0,2.58,0.6717602115780194,1.4550864943731472,0.6282439635694027,0.0,0.0,,,2200.0,3000
0.0,2.82,0.6785189538642374,1.4699004239460458,0.6525360456854105,0.0,0.0,,,2400.0,3000
0.0,3.05,0.6785189538642374,1.4868830017944732,0.6011331347003579,0.0,0.0,,,2600.0,3000
0.0,3.29,0.6735233617396414,1.5312572133136504,0.3723266191035509,0.0,0.0,,,2800.0,3000
0.0,3.52,0.6746987951807228,1.5372019596321247,0.3768142895400524,0.0,0.0,,,3000.0,3000
0.0,3.76,0.6817513958272113,1.5350653605796714,0.4066838310845196,0.0,0.0,,,3200.0,3000
0.0,3.99,0.6785189538642374,1.5384821021273103,0.4142445779778063,0.0,0.0,,,3400.0,3000
0.0,4.23,0.6805759623861299,1.594110260474272,0.2128457776803407,0.0,0.0,,,3600.0,3000
0.0,4.46,0.6791066705847781,1.604103345416274,0.2272596041485667,0.0,0.0,,,3800.0,3000
0.0,4.69,0.6744049368204525,1.6118662635999117,0.2422174594458192,0.0,0.0,,,4000.0,3000
0.0,4.93,0.6799882456655891,1.620776512663644,0.2478592840954661,0.0,0.0,,,4200.0,3000
0.0,5.16,0.6744049368204525,1.673316094977275,0.169767929604277,0.0,0.0,,,4400.0,3000
0.0,5.4,0.6808698207464002,1.6583103178495384,0.1363848527707159,0.0,0.0,,,4600.0,3000
0.0,5.63,0.6767558037026153,1.6557669655745288,0.1543571321014314,0.0,0.0,,,4800.0,3000
0.0,5.87,0.6752865119012635,1.6940670128547195,0.163362606819719,0.0,0.0,,,5000.0,3000
0.0,6.1,0.678225095503967,1.6960722609299126,0.1187689010990288,0.0,0.0,,,5200.0,3000
0.0,6.34,0.6744049368204525,1.697829914791879,0.087021956294775,0.0,0.0,,,5400.0,3000
0.0,6.57,0.6779312371436967,1.7139722762250074,0.0827001850027591,0.0,0.0,,,5600.0,3000
0.0,6.81,0.6776373787834263,1.7493763275875822,0.0906942924018949,0.0,0.0,,,5800.0,3000
0.0,7.04,0.6758742286218042,1.7761044590053858,0.0936743246391415,0.0,0.0,,,6000.0,3000
0.0,final,0.6817513958272113,,,,,0.6732295033793712,1.607484874613594,3200.0,3000
zero-shot,0,,,,,,0.5048486629444607,2.608083731211041,,4000
1.0,0.23,0.6414928004701734,1.5513343901063918,1.820449184179306,0.1442180680856108,0.0734,,,200.0,4000
1.0,0.47,0.6500146929180135,1.4828536271383368,1.5944572913646695,0.1301793783530593,0.0755,,,400.0,4000
1.0,0.7,0.658830443726124,1.4451382362313596,1.5986322301626206,0.1306234604120254,0.0755,,,600.0,4000
1.0,0.94,0.658830443726124,1.433105568902618,1.5185357639193535,0.1247416195645928,0.0759,,,800.0,4000
1.0,1.17,0.6602997355274758,1.4466774525657808,1.1457772609591483,0.0957996896002441,0.0772,,,1000.0,4000
1.0,1.41,0.6605935938877461,1.462130927948471,1.0037050290405751,0.0865625265799462,0.0794,,,1200.0,4000
1.0,1.64,0.6629444607699089,1.4368196176039345,1.009837436079979,0.0859946224745363,0.0785,,,1400.0,4000
1.0,1.88,0.6720540699382898,1.430793925327236,1.052857890278101,0.0889636430703103,0.0779,,,1600.0,4000
1.0,2.11,0.6641198942109903,1.4949430179287675,0.7841029720008373,0.0681007981486618,0.0799,,,1800.0,4000
1.0,2.35,0.6679400528945049,1.5083370342557303,0.6375804811716079,0.0548482350353151,0.0792,,,2000.0,4000
1.0,2.58,0.6605935938877461,1.523774511982965,0.6340428398549557,0.054970722310245,0.0798,,,2200.0,4000
1.0,2.82,0.6682339112547752,1.4777180948679216,0.6839561852812767,0.0592603762354701,0.0797,,,2400.0,4000
1.0,3.05,0.6702909197766677,1.5442544127820763,0.5910602131707128,0.051547067258507,0.0802,,,2600.0,4000
1.0,3.29,0.6685277696150456,1.5507609794814552,0.3761807939037681,0.0329943154379725,0.0806,,,2800.0,4000
1.0,3.52,0.6664707610931531,1.573881850482925,0.4025572542101144,0.0355102590471506,0.0811,,,3000.0,4000
1.0,3.76,0.6611813106082868,1.593938282753067,0.4186890833824873,0.0367011913284659,0.0806,,,3200.0,4000
1.0,3.99,0.6726417866588305,1.5900087421023772,0.4428252705186605,0.0387862810771912,0.0805,,,3400.0,4000
1.0,4.23,0.6664707610931531,1.6421021191190348,0.2352129518584115,0.0208489071857184,0.0814,,,3600.0,4000
1.0,4.46,0.6617690273288275,1.6446006049873056,0.2448250485025346,0.021488337740302,0.0807,,,3800.0,4000
1.0,4.69,0.6691154863355863,1.6579333674441776,0.2445634779147804,0.0212516020331531,0.0799,,,4000.0,4000
1.0,4.93,0.6644137525712607,1.6599564680519294,0.2627693878114223,0.0231213521957397,0.0809,,,4200.0,4000
1.0,5.16,0.6691154863355863,1.6727529129069796,0.1741657263878732,0.0144621756486594,0.0767,,,4400.0,4000
1.0,5.4,0.6664707610931531,1.701602122099162,0.1452126347087323,0.012057438539341,0.0767,,,4600.0,4000
1.0,5.63,0.6635321774904496,1.728420651452947,0.1526872123777866,0.0130059901438653,0.0785,,,4800.0,4000
1.0,5.87,0.6688216279753159,1.7207661622627812,0.1682631116826087,0.0142841691803187,0.0782,,,5000.0,4000
1.0,6.1,0.6650014692918014,1.7478909323995266,0.1258941067848354,0.010630497932434,0.0779,,,5200.0,4000
1.0,6.34,0.664707610931531,1.7486919899250246,0.0892504457943141,0.0066652498859912,0.0695,,,5400.0,4000
1.0,6.57,0.6688216279753159,1.7617636638776435,0.0879657612927258,0.0069140083249658,0.0729,,,5600.0,4000
1.0,6.81,0.66382603585072,1.7884254712341043,0.1048796638986095,0.0084635348338633,0.0747,,,5800.0,4000
1.0,7.04,0.6620628856890979,1.7661228822744002,0.0966184894624166,0.0076960755046457,0.0738,,,6000.0,4000
1.0,final,0.6726417866588305,,,,,0.6679400528945049,1.5993806545152196,3400.0,4000
0.0,0.23,0.636203349985307,1.5690540029411977,1.878713187277317,0.0,0.0,,,200.0,4000
0.0,0.47,0.6467822509550397,1.4874287636322798,1.628730446100235,0.0,0.0,,,400.0,4000
0.0,0.7,0.6658830443726124,1.4228949588675588,1.5245802947878837,0.0,0.0,,,600.0,4000
0.0,0.94,0.6611813106082868,1.4113247148996937,1.518763702213764,0.0,0.0,,,800.0,4000
0.0,1.17,0.664707610931531,1.4401225346416155,1.0793657447211444,0.0,0.0,,,1000.0,4000
0.0,1.41,0.6641198942109903,1.4527389694934658,1.0011989115178586,0.0,0.0,,,1200.0,4000
0.0,1.64,0.6650014692918014,1.4310257238848505,1.0436209864914416,0.0,0.0,,,1400.0,4000
0.0,1.88,0.6691154863355863,1.4172103538290388,1.0191283728182317,0.0,0.0,,,1600.0,4000
0.0,2.11,0.6714663532177491,1.468842853632458,0.8313690472394228,0.0,0.0,,,1800.0,4000
0.0,2.35,0.6708786364972084,1.4855416750088182,0.6142802055180073,0.0,0.0,,,2000.0,4000
0.0,2.58,0.6699970614163973,1.501547727923235,0.6246279436349869,0.0,0.0,,,2200.0,4000
0.0,2.82,0.6641198942109903,1.4959536398154232,0.6362875443696976,0.0,0.0,,,2400.0,4000
0.0,3.05,0.6688216279753159,1.523169712252453,0.5936976327002048,0.0,0.0,,,2600.0,4000
0.0,3.29,0.664707610931531,1.5486405530537783,0.3655744035169482,0.0,0.0,,,2800.0,4000
0.0,3.52,0.6676461945342345,1.576765448651943,0.3785651636868715,0.0,0.0,,,3000.0,4000
0.0,3.76,0.6694093446958566,1.5989415163927978,0.3933913883566856,0.0,0.0,,,3200.0,4000
0.0,3.99,0.6699970614163973,1.5746988480209498,0.412701706290245,0.0,0.0,,,3400.0,4000
0.0,4.23,0.6676461945342345,1.6249521407631262,0.247972308024764,0.0,0.0,,,3600.0,4000
0.0,4.46,0.6667646194534235,1.649773159133593,0.2269248971901834,0.0,0.0,,,3800.0,4000
0.0,4.69,0.6664707610931531,1.6629883006429658,0.2374327983893454,0.0,0.0,,,4000.0,4000
0.0,4.93,0.6614751689685572,1.6751901681304784,0.2523113509919494,0.0,0.0,,,4200.0,4000
0.0,5.16,0.6617690273288275,1.691330163366053,0.166412408221513,0.0,0.0,,,4400.0,4000
0.0,5.4,0.670584778136938,1.7050524553480548,0.1300750475469976,0.0,0.0,,,4600.0,4000
0.0,5.63,0.66382603585072,1.715765262434772,0.1325162542797625,0.0,0.0,,,4800.0,4000
0.0,5.87,0.6676461945342345,1.7395333983496712,0.1522489624843001,0.0,0.0,,,5000.0,4000
0.0,6.1,0.6685277696150456,1.7195758206894074,0.1273369181202724,0.0,0.0,,,5200.0,4000
0.0,6.34,0.6685277696150456,1.7464115811452212,0.0820084577938541,0.0,0.0,,,5400.0,4000
0.0,6.57,0.6644137525712607,1.7436881121417689,0.0835236536851152,0.0,0.0,,,5600.0,4000
0.0,6.81,0.6670584778136938,1.7866668923966786,0.1017478088289499,0.0,0.0,,,5800.0,4000
0.0,7.04,0.6629444607699089,1.783916776999284,0.0936968815035652,0.0,0.0,,,6000.0,4000
0.0,final,0.6714663532177491,,,,,0.6664707610931531,1.4883261392861298,1800.0,4000
zero-shot,0,,,,,,0.50426094622392,2.611049674939591,,5000
1.0,0.23,0.6317954745812518,1.5648872131745044,1.8044111022353173,0.1419396093487739,0.0729,,,200.0,5000
1.0,0.47,0.6544225683220688,1.4875847982932917,1.6047516164183615,0.1307374171540141,0.0753,,,400.0,5000
1.0,0.7,0.657948868645313,1.4438735619734708,1.562541509270668,0.1275019207783043,0.0754,,,600.0,5000
1.0,0.94,0.6676461945342345,1.413020059602106,1.5398871660232545,0.1256733410805463,0.0755,,,800.0,5000
1.0,1.17,0.6702909197766677,1.43257675102939,1.135309068717761,0.0945720683224499,0.0769,,,1000.0,5000
1.0,1.41,0.6688216279753159,1.4392394804793387,0.9769369269162416,0.0841026925854385,0.0793,,,1200.0,5000
1.0,1.64,0.670584778136938,1.426240942214049,1.0340914796292782,0.0881031922809779,0.0785,,,1400.0,5000
1.0,1.88,0.6744049368204525,1.4335857646240404,0.9991346061229706,0.0849754630215466,0.0784,,,1600.0,5000
1.0,2.11,0.6770496620628856,1.464974087054611,0.83468481130898,0.071477179871872,0.0789,,,1800.0,5000
1.0,2.35,0.675580370261534,1.4616043472724418,0.6209778251498937,0.0542389825545251,0.0803,,,2000.0,5000
1.0,2.58,0.6799882456655891,1.462148109289467,0.6288900471478701,0.0538053708616644,0.0788,,,2200.0,5000
1.0,2.82,0.6741110784601821,1.5167577286660583,0.6408210120350123,0.0558281453419476,0.0801,,,2400.0,5000
1.0,3.05,0.678225095503967,1.5171490686975997,0.5944029672071338,0.0517633606027811,0.0801,,,2600.0,5000
1.0,3.29,0.6770496620628856,1.5415348155758433,0.3779885360226035,0.0329910024441778,0.0803,,,2800.0,5000
1.0,3.52,0.6764619453423449,1.5277580505534196,0.3994160389155149,0.0345716619864106,0.0797,,,3000.0,5000
1.0,3.76,0.6767558037026153,1.572623328885155,0.4084669270738959,0.0357161936443299,0.0804,,,3200.0,5000
1.0,3.99,0.6761680869820746,1.5950379651537931,0.4050546070560813,0.0357237990386784,0.081,,,3400.0,5000
1.0,4.23,0.6702909197766677,1.6264207706779303,0.2348797329328954,0.0200248345639556,0.0786,,,3600.0,5000
1.0,4.46,0.6758742286218042,1.6551348870199216,0.2394431766681373,0.0212287125084549,0.0814,,,3800.0,5000
1.0,4.69,0.6776373787834263,1.6243497521744874,0.2574579206481576,0.0223865864984691,0.08,,,4000.0,5000
1.0,4.93,0.6676461945342345,1.6679316311417836,0.2476751145347953,0.0223411711584776,0.0827,,,4200.0,5000
1.0,5.16,0.6711724948574787,1.690205906231264,0.1684569227043539,0.0140805457625538,0.0771,,,4400.0,5000
1.0,5.4,0.669703203056127,1.6902673461666329,0.1441201694868505,0.0120957273524254,0.0774,,,4600.0,5000
1.0,5.63,0.6605935938877461,1.7135806575509474,0.1612133921682834,0.0140286786109209,0.0801,,,4800.0,5000
1.0,5.87,0.6732295033793712,1.7326032868420906,0.1647578610572964,0.0146217553131282,0.0815,,,5000.0,5000
1.0,6.1,0.6732295033793712,1.734654585473719,0.1274848187091993,0.0105856888461858,0.0767,,,5200.0,5000
1.0,6.34,0.6694093446958566,1.760677042933657,0.0908909991756081,0.0069941090419888,0.0715,,,5400.0,5000
1.0,6.57,0.669703203056127,1.7579782637574553,0.0886225113738328,0.0069725261908024,0.0729,,,5600.0,5000
1.0,6.81,0.6714663532177491,1.7818161407148982,0.1055941854137927,0.0088363143708556,0.0772,,,5800.0,5000
1.0,7.04,0.669703203056127,1.805772544880177,0.0887982292636297,0.0069115090277045,0.0722,,,6000.0,5000
1.0,final,0.6799882456655891,,,,,0.6623567440493682,1.5964653875209147,2200.0,5000
0.0,0.23,0.6300323244196298,1.5776489147045596,1.8586616653203964,0.0,0.0,,,200.0,5000
0.0,0.47,0.6441375257126065,1.4951961901550113,1.6044969189167022,0.0,0.0,,,400.0,5000
0.0,0.7,0.6597120188069351,1.43558517284965,1.5158381217718124,0.0,0.0,,,600.0,5000
0.0,0.94,0.6670584778136938,1.4077973026687034,1.5389582926034928,0.0,0.0,,,800.0,5000
0.0,1.17,0.669703203056127,1.4473741908932376,1.0825986136496066,0.0,0.0,,,1000.0,5000
0.0,1.41,0.6699970614163973,1.4426666578404383,1.023703823983669,0.0,0.0,,,1200.0,5000
0.0,1.64,0.6732295033793712,1.4253774407047963,0.988561917990446,0.0,0.0,,,1400.0,5000
0.0,1.88,0.6752865119012635,1.4185274361933535,0.9889390839636326,0.0,0.0,,,1600.0,5000
0.0,2.11,0.6785189538642374,1.449817326220911,0.8145555553221493,0.0,0.0,,,1800.0,5000
0.0,2.35,0.6752865119012635,1.4761223587399892,0.5883469528704882,0.0,0.0,,,2000.0,5000
0.0,2.58,0.6788128122245077,1.47011061675262,0.6272118415683507,0.0,0.0,,,2200.0,5000
0.0,2.82,0.6744049368204525,1.482451814082031,0.6450493108481169,0.0,0.0,,,2400.0,5000
0.0,3.05,0.6788128122245077,1.5093123398211084,0.5714659409224987,0.0,0.0,,,2600.0,5000
0.0,3.29,0.6770496620628856,1.5579221677051514,0.3660287379100919,0.0,0.0,,,2800.0,5000
0.0,3.52,0.677343520423156,1.5474617874275542,0.4017600835487246,0.0,0.0,,,3000.0,5000
0.0,3.76,0.6835145459888334,1.5638082803714426,0.3789770888909697,0.0,0.0,,,3200.0,5000
0.0,3.99,0.6770496620628856,1.5730029795753442,0.399421863220632,0.0,0.0,,,3400.0,5000
0.0,4.23,0.6735233617396414,1.6338909916621325,0.2245321644097566,0.0,0.0,,,3600.0,5000
0.0,4.46,0.6776373787834263,1.647033688849013,0.2220426667295396,0.0,0.0,,,3800.0,5000
0.0,4.69,0.6708786364972084,1.6474230411716184,0.2209370598755776,0.0,0.0,,,4000.0,5000
0.0,4.93,0.6799882456655891,1.6298576845269397,0.239915647432208,0.0,0.0,,,4200.0,5000
0.0,5.16,0.6708786364972084,1.6882815673146008,0.1716872589103877,0.0,0.0,,,4400.0,5000
0.0,5.4,0.67234792829856,1.6968186788617812,0.1256209157640114,0.0,0.0,,,4600.0,5000
0.0,5.63,0.6746987951807228,1.6953490690522215,0.1381650294922292,0.0,0.0,,,4800.0,5000
0.0,5.87,0.6729356450191007,1.7268149061760691,0.1406965688802302,0.0,0.0,,,5000.0,5000
0.0,6.1,0.6688216279753159,1.7481397088751736,0.1261705654859543,0.0,0.0,,,5200.0,5000
0.0,6.34,0.6708786364972084,1.7755447089094083,0.081123521705158,0.0,0.0,,,5400.0,5000
0.0,6.57,0.6720540699382898,1.7817856496199418,0.081525769396685,0.0,0.0,,,5600.0,5000
0.0,6.81,0.6761680869820746,1.7805475216559232,0.0902423824276775,0.0,0.0,,,5800.0,5000
0.0,7.04,0.6691154863355863,1.806060531999026,0.099554388152319,0.0,0.0,,,6000.0,5000
0.0,final,0.6835145459888334,,,,,0.6667646194534235,1.6751253251079388,3200.0,5000
zero-shot,0,,,,,,0.4942697619747281,2.622408192822627,,6000
1.0,0.23,0.6376726417866588,1.582305266406653,1.828889310657978,0.1440752186626196,0.073,,,200.0,6000
1.0,0.47,0.6535409932412577,1.4870183206361216,1.6098191678524016,0.1309735315293073,0.0752,,,400.0,6000
1.0,0.7,0.6561857184836909,1.4485817627103896,1.6055694726109504,0.1306240431591868,0.0752,,,600.0,6000
1.0,0.94,0.6547164266823391,1.4161993334512657,1.5180981793999673,0.1239009925350546,0.0755,,,800.0,6000
1.0,1.17,0.6488392594769321,1.4582667470048394,1.1617652267217635,0.0973208814486861,0.0773,,,1000.0,6000
1.0,1.41,0.6600058771672054,1.4271609361753932,1.0193636631965637,0.0871556124556809,0.0788,,,1200.0,6000
1.0,1.64,0.6602997355274758,1.4500515682361703,1.028945842385292,0.0855853429250419,0.0768,,,1400.0,6000
1.0,1.88,0.6694093446958566,1.4261933184882103,1.048611475676298,0.0889999510534107,0.0782,,,1600.0,6000
1.0,2.11,0.6673523361739642,1.4943572948548571,0.8067126526823267,0.0707604484725743,0.0806,,,1800.0,6000
1.0,2.35,0.6591243020863944,1.4848332304552376,0.6380682707577944,0.0551608860120177,0.0796,,,2000.0,6000
1.0,2.58,0.6655891860123421,1.4986301442471943,0.6656093099713325,0.0564404930360615,0.0782,,,2200.0,6000
1.0,2.82,0.6685277696150456,1.4613788445977438,0.6700039870291948,0.0571169522032141,0.0786,,,2400.0,6000
1.0,3.05,0.6688216279753159,1.5520000374390734,0.600310105245735,0.0521403157431632,0.0799,,,2600.0,6000
1.0,3.29,0.6626506024096386,1.576074912482908,0.3994180772453546,0.0350148904323577,0.0806,,,2800.0,6000
1.0,3.52,0.6608874522480165,1.5879769845811753,0.399465845413506,0.0348833360429853,0.0803,,,3000.0,6000
1.0,3.76,0.658830443726124,1.5891394479254433,0.4194445338845253,0.0368904755450785,0.0808,,,3200.0,6000
1.0,3.99,0.6658830443726124,1.5728685593485938,0.4458076411485672,0.0393756842147558,0.0812,,,3400.0,6000
1.0,4.23,0.6655891860123421,1.6409774547704976,0.2502064597047865,0.0213689262606203,0.0787,,,3600.0,6000
1.0,4.46,0.6629444607699089,1.6653793696407146,0.2428665258735418,0.0211210003588348,0.08,,,3800.0,6000
1.0,4.69,0.6629444607699089,1.6716914638644838,0.2492576768621802,0.0227052164357155,0.0835,,,4000.0,6000
1.0,4.93,0.6635321774904496,1.6838634563059869,0.2701617956347764,0.0242056429572403,0.0822,,,4200.0,6000
1.0,5.16,0.6658830443726124,1.7094444097787396,0.1808380634849891,0.0151305773295462,0.0772,,,4400.0,6000
1.0,5.4,0.6600058771672054,1.7316479904666355,0.1422146009374409,0.0119360058289021,0.0774,,,4600.0,6000
1.0,5.63,0.6682339112547752,1.7424293357135616,0.1534759489912539,0.0130724924150854,0.0785,,,4800.0,6000
1.0,5.87,0.6623567440493682,1.7375702145447844,0.1568939221370965,0.0136719833966344,0.0802,,,5000.0,6000
1.0,6.1,0.6620628856890979,1.7795453321362746,0.1327035201154649,0.0109274149127304,0.0761,,,5200.0,6000
1.0,6.34,0.6608874522480165,1.7816557526378256,0.0846584909921512,0.0063259512837976,0.0695,,,5400.0,6000
1.0,6.57,0.6608874522480165,1.790275133290152,0.0898893727641552,0.0070051733404397,0.0723,,,5600.0,6000
1.0,6.81,0.657948868645313,1.7891650945342292,0.0943617834988981,0.0071645693108439,0.0706,,,5800.0,6000
1.0,7.04,0.6553041434028798,1.8386579123518587,0.0918737308261916,0.0076273832004517,0.0767,,,6000.0,6000
1.0,final,0.6694093446958566,,,,,0.6767558037026153,1.3997240003473157,1600.0,6000
0.0,0.23,0.6326770496620628,1.57664662133656,1.838594197034836,0.0,0.0,,,200.0,6000
0.0,0.47,0.6426682339112548,1.5110364523909212,1.6866480520367622,0.0,0.0,,,400.0,6000
0.0,0.7,0.6620628856890979,1.4464081835998983,1.5201999312639236,0.0,0.0,,,600.0,6000
0.0,0.94,0.6632383191301793,1.4181934934905305,1.5276692336797717,0.0,0.0,,,800.0,6000
0.0,1.17,0.6573611519247723,1.4414065915312866,1.1415842348337173,0.0,0.0,,,1000.0,6000
0.0,1.41,0.6623567440493682,1.448816763331811,0.99033360555768,0.0,0.0,,,1200.0,6000
0.0,1.64,0.6652953276520717,1.436225871426058,1.003625276386738,0.0,0.0,,,1400.0,6000
0.0,1.88,0.6694093446958566,1.416570160044245,1.0196420396864414,0.0,0.0,,,1600.0,6000
0.0,2.11,0.6620628856890979,1.478488738138186,0.8480472657829523,0.0,0.0,,,1800.0,6000
0.0,2.35,0.6655891860123421,1.479169463676948,0.6276667814701795,0.0,0.0,,,2000.0,6000
0.0,2.58,0.6626506024096386,1.522251503014964,0.6446522122621536,0.0,0.0,,,2200.0,6000
0.0,2.82,0.6632383191301793,1.5221758853362792,0.6459257667511702,0.0,0.0,,,2400.0,6000
0.0,3.05,0.6676461945342345,1.5545604918026203,0.6541898346319794,0.0,0.0,,,2600.0,6000
0.0,3.29,0.664707610931531,1.5754668553051372,0.3886917004734277,0.0,0.0,,,2800.0,6000
0.0,3.52,0.6602997355274758,1.568866185430145,0.3846052769571543,0.0,0.0,,,3000.0,6000
0.0,3.76,0.664707610931531,1.5924707495427082,0.4057008230686187,0.0,0.0,,,3200.0,6000
0.0,3.99,0.6605935938877461,1.5707092019623952,0.4411499162390828,0.0,0.0,,,3400.0,6000
0.0,4.23,0.6650014692918014,1.6375599327663306,0.2746128029935062,0.0,0.0,,,3600.0,6000
0.0,4.46,0.6629444607699089,1.626562461462786,0.2367784063890576,0.0,0.0,,,3800.0,6000
0.0,4.69,0.6629444607699089,1.6530344738807532,0.248528938293457,0.0,0.0,,,4000.0,6000
0.0,4.93,0.6679400528945049,1.674287805233568,0.2571297901123762,0.0,0.0,,,4200.0,6000
0.0,5.16,0.6623567440493682,1.7268433274502548,0.2326492299698293,0.0,0.0,,,4400.0,6000
0.0,5.4,0.6644137525712607,1.717542914005367,0.1519710993953049,0.0,0.0,,,4600.0,6000
0.0,5.63,0.6632383191301793,1.7502320954423425,0.1502436788938939,0.0,0.0,,,4800.0,6000
0.0,5.87,0.6664707610931531,1.740656226426757,0.1671617934480309,0.0,0.0,,,5000.0,6000
0.0,6.1,0.6635321774904496,1.7596254575403163,0.1927294245269149,0.0,0.0,,,5200.0,6000
0.0,6.34,0.6626506024096386,1.772425028565278,0.1085053822677582,0.0,0.0,,,5400.0,6000
0.0,6.57,0.6652953276520717,1.7822811945620405,0.1063807629793882,0.0,0.0,,,5600.0,6000
0.0,6.81,0.6708786364972084,1.7957269689842703,0.0968386800680309,0.0,0.0,,,5800.0,6000
0.0,7.04,0.6673523361739642,1.816553057939068,0.1014002775261178,0.0,0.0,,,6000.0,6000
0.0,final,0.6708786364972084,,,,,0.669703203056127,1.708293187803918,5800.0,6000
zero-shot,0,,,,,,0.4977960622979723,2.631438469347308,,7000
1.0,0.23,0.636203349985307,1.5449425041973328,1.8484080609679223,0.1450165814906358,0.0727,,,200.0,7000
1.0,0.47,0.6544225683220688,1.4609767565158336,1.6346379002928737,0.1322572245821356,0.0749,,,400.0,7000
1.0,0.7,0.6650014692918014,1.4177028281248003,1.5767879429459573,0.1277631587535143,0.075,,,600.0,7000
1.0,0.94,0.6735233617396414,1.3573559652942788,1.5393047216534614,0.1252141862362623,0.0752,,,800.0,7000
1.0,1.17,0.6741110784601821,1.3908343098635116,1.1516694328188897,0.0970251962542533,0.0777,,,1000.0,7000
1.0,1.41,0.6670584778136938,1.409461380329827,1.0130813063681126,0.0857917564176023,0.0781,,,1200.0,7000
1.0,1.64,0.6688216279753159,1.4165014173400916,0.9859579223394394,0.0842332242801785,0.0787,,,1400.0,7000
1.0,1.88,0.6788128122245077,1.3966788396112295,1.0381259372830391,0.0872611414361745,0.0775,,,1600.0,7000
1.0,2.11,0.6708786364972084,1.4117311818649445,0.8346774653433385,0.0710779181588441,0.0785,,,1800.0,7000
1.0,2.35,0.6785189538642374,1.4382703623770263,0.6212690059840679,0.0531456670816987,0.0788,,,2000.0,7000
1.0,2.58,0.6729356450191007,1.4484610300781515,0.6417797776311636,0.0556681281793862,0.0798,,,2200.0,7000
1.0,2.82,0.6776373787834263,1.458715517574151,0.6671497070044279,0.0574490275699645,0.0793,,,2400.0,7000
1.0,3.05,0.6735233617396414,1.4943564742444508,0.6286977002769709,0.0540796487312763,0.0792,,,2600.0,7000
1.0,3.29,0.6779312371436967,1.5117631509939502,0.3863545842841268,0.0335415001027286,0.0799,,,2800.0,7000
1.0,3.52,0.6799882456655891,1.5168455161489252,0.3877054248750209,0.0341292073763907,0.0809,,,3000.0,7000
1.0,3.76,0.6794005289450484,1.5422662945484509,0.4293327108770609,0.0368402944505214,0.079,,,3200.0,7000
1.0,3.99,0.6817513958272113,1.509729406692125,0.4439214326441288,0.0390557621512562,0.0809,,,3400.0,7000
1.0,4.23,0.678225095503967,1.5891669054364863,0.2417543987557292,0.0203743140865117,0.0777,,,3600.0,7000
1.0,4.46,0.6799882456655891,1.6218447610276117,0.2333004949614405,0.0200897713843733,0.0793,,,3800.0,7000
1.0,4.69,0.6779312371436967,1.6094537774605011,0.2494400098361074,0.0215681527089327,0.0796,,,4000.0,7000
1.0,4.93,0.6761680869820746,1.6203667457896125,0.2578441210277378,0.0231540619768202,0.0824,,,4200.0,7000
1.0,5.16,0.6761680869820746,1.6771189344304118,0.229151906883344,0.0206683331076055,0.0827,,,4400.0,7000
1.0,5.4,0.6749926535409932,1.656722888416169,0.1520044611860066,0.0125818055681884,0.0764,,,4600.0,7000
1.0,5.63,0.67234792829856,1.6849066619483506,0.1516679532825947,0.0129854284599423,0.0789,,,4800.0,7000
1.0,5.87,0.6749926535409932,1.6753775531181403,0.1656013339944183,0.0142287237010896,0.0791,,,5000.0,7000
1.0,6.1,0.6714663532177491,1.710307570772594,0.1301099895325023,0.0108662252686917,0.0771,,,5200.0,7000
1.0,6.34,0.6708786364972084,1.734490518513197,0.0949962486233562,0.0074637702200561,0.0728,,,5400.0,7000
1.0,6.57,0.677343520423156,1.7370098127780715,0.087847333997488,0.0065559517499059,0.0694,,,5600.0,7000
1.0,6.81,0.6708786364972084,1.74948073263698,0.0972251108335331,0.0079987316951155,0.076,,,5800.0,7000
1.0,7.04,0.6776373787834263,1.7569903464237453,0.0913711770274676,0.0069771097786724,0.0709,,,6000.0,7000
1.0,final,0.6817513958272113,,,,,0.6717602115780194,1.5558201040620492,3400.0,7000
0.0,0.23,0.6367910667058477,1.5443224633682344,1.845840387046337,0.0,0.0,,,200.0,7000
0.0,0.47,0.6576550102850426,1.4628634316375455,1.6429453843832016,0.0,0.0,,,400.0,7000
0.0,0.7,0.6585365853658537,1.4156182015288972,1.5506933549046515,0.0,0.0,,,600.0,7000
0.0,0.94,0.6661769027328828,1.376582095667155,1.5182493975758553,0.0,0.0,,,800.0,7000
0.0,1.17,0.6708786364972084,1.403671157314537,1.142348120585084,0.0,0.0,,,1000.0,7000
0.0,1.41,0.664707610931531,1.423442403043399,0.9890735159814358,0.0,0.0,,,1200.0,7000
0.0,1.64,0.67234792829856,1.3847933036945443,1.0178807434439658,0.0,0.0,,,1400.0,7000
0.0,1.88,0.6744049368204525,1.3914145410078398,1.0092787715792657,0.0,0.0,,,1600.0,7000
0.0,2.11,0.6726417866588305,1.428635973580753,0.8205612330511213,0.0,0.0,,,1800.0,7000
0.0,2.35,0.6655891860123421,1.480425311122752,0.6526001425087452,0.0,0.0,,,2000.0,7000
0.0,2.58,0.6720540699382898,1.467596898771124,0.6287502157688141,0.0,0.0,,,2200.0,7000
0.0,2.82,0.6694093446958566,1.480662116400466,0.6252318365126848,0.0,0.0,,,2400.0,7000
0.0,3.05,0.6767558037026153,1.4908630801340148,0.6154234100191388,0.0,0.0,,,2600.0,7000
0.0,3.29,0.6752865119012635,1.5218852500406883,0.3696026010811329,0.0,0.0,,,2800.0,7000
0.0,3.52,0.6694093446958566,1.5295270918713857,0.3813859999552369,0.0,0.0,,,3000.0,7000
0.0,3.76,0.677343520423156,1.5444240197342285,0.4048146229237318,0.0,0.0,,,3200.0,7000
0.0,3.99,0.6732295033793712,1.5289709416691288,0.4069828873872756,0.0,0.0,,,3400.0,7000
0.0,4.23,0.6714663532177491,1.5880418667854928,0.2202995835337788,0.0,0.0,,,3600.0,7000
0.0,4.46,0.6788128122245077,1.6351529381536505,0.2229445546865463,0.0,0.0,,,3800.0,7000
0.0,4.69,0.6791066705847781,1.6230548253453132,0.2568520804680884,0.0,0.0,,,4000.0,7000
0.0,4.93,0.6764619453423449,1.6322785536926914,0.2471103860810399,0.0,0.0,,,4200.0,7000
0.0,5.16,0.677343520423156,1.6796487993329474,0.1633691851678304,0.0,0.0,,,4400.0,7000
0.0,5.4,0.6767558037026153,1.67404539035833,0.1307814089767635,0.0,0.0,,,4600.0,7000
0.0,5.63,0.6714663532177491,1.7029764332422397,0.1416451260633766,0.0,0.0,,,4800.0,7000
0.0,5.87,0.6714663532177491,1.7032665042992097,0.1593127128668129,0.0,0.0,,,5000.0,7000
0.0,6.1,0.6767558037026153,1.710930242035412,0.1219974232605454,0.0,0.0,,,5200.0,7000
0.0,6.34,0.6776373787834263,1.714973397721552,0.0859030402079224,0.0,0.0,,,5400.0,7000
0.0,6.57,0.6699970614163973,1.755656679658164,0.0948653760692104,0.0,0.0,,,5600.0,7000
0.0,6.81,0.6749926535409932,1.752397559598513,0.0941674552671611,0.0,0.0,,,5800.0,7000
0.0,7.04,0.6764619453423449,1.756459788525767,0.0905604034336283,0.0,0.0,,,6000.0,7000
0.0,final,0.6791066705847781,,,,,0.670584778136938,1.6457719124663133,4000.0,7000
zero-shot,0,,,,,,0.5166029973552747,2.5904610922082254,,8000
1.0,0.23,0.628563032618278,1.5808951400358326,1.8528757265210152,0.1455752160027623,0.0728,,,200.0,8000
1.0,0.47,0.6435498089920658,1.5046288942611117,1.5791028419137,0.1289580368250608,0.0755,,,400.0,8000
1.0,0.7,0.6591243020863944,1.4529332143924814,1.5785261222720146,0.1270570123940706,0.0745,,,600.0,8000
1.0,0.94,0.6655891860123421,1.4351906441184936,1.5280146113038062,0.1237038687616586,0.0749,,,800.0,8000
1.0,1.17,0.6644137525712607,1.4620593101740795,1.1370199453830718,0.0966384197957813,0.0783,,,1000.0,8000
1.0,1.41,0.6691154863355863,1.4636923175610552,0.979724541157484,0.0828869393561035,0.078,,,1200.0,8000
1.0,1.64,0.6629444607699089,1.4433298349520616,1.0344401895999908,0.0879237229190766,0.0783,,,1400.0,8000
1.0,1.88,0.6735233617396414,1.441522671725867,1.027578740864992,0.0881661100499331,0.079,,,1600.0,8000
1.0,2.11,0.6717602115780194,1.4705197918320487,0.8375363753037527,0.0709524969663471,0.0781,,,1800.0,8000
1.0,2.35,0.6726417866588305,1.5094996694603493,0.6476122238487005,0.0551533989887684,0.0785,,,2000.0,8000
1.0,2.58,0.67234792829856,1.5110655623676144,0.6293559385091066,0.0543699154444038,0.0795,,,2200.0,8000
1.0,2.82,0.6702909197766677,1.4981812975037423,0.6554936966300011,0.0575254178978502,0.0807,,,2400.0,8000
1.0,3.05,0.6691154863355863,1.5563475460716112,0.6379679540678626,0.0550991554372012,0.0795,,,2600.0,8000
1.0,3.29,0.6729356450191007,1.5593216115854571,0.4030883302539587,0.0353368746768683,0.0806,,,2800.0,8000
1.0,3.52,0.6664707610931531,1.5587692744515411,0.4228360284119844,0.0364828945510089,0.0794,,,3000.0,8000
1.0,3.76,0.6764619453423449,1.5759984277957262,0.4116955246217549,0.0359816848579794,0.0804,,,3200.0,8000
1.0,3.99,0.6699970614163973,1.5758516046533575,0.4364647479355335,0.0379727207589894,0.08,,,3400.0,8000
1.0,4.23,0.6714663532177491,1.6128665351741565,0.2391309885291229,0.0204227997735142,0.0787,,,3600.0,8000
1.0,4.46,0.6694093446958566,1.6495794750752255,0.2430199752934277,0.0211557477992028,0.0801,,,3800.0,8000
1.0,4.69,0.6673523361739642,1.6268814749273524,0.2740878061577678,0.0237368147633969,0.0797,,,4000.0,8000
1.0,4.93,0.664707610931531,1.673627637814957,0.2634574852697551,0.023421417530626,0.0816,,,4200.0,8000
1.0,5.16,0.6673523361739642,1.685236260430658,0.2359368289588019,0.020354505777359,0.0794,,,4400.0,8000
1.0,5.4,0.6670584778136938,1.684542616044918,0.1625991245172917,0.013093086136505,0.0745,,,4600.0,8000
1.0,5.63,0.6711724948574787,1.71456087199583,0.1625170570425689,0.0137540861219167,0.078,,,4800.0,8000
1.0,5.87,0.6717602115780194,1.7028082643856977,0.1529024544730782,0.0130054609477519,0.0784,,,5000.0,8000
1.0,6.1,0.6670584778136938,1.7446546428455103,0.135914499660721,0.0117906398978084,0.0798,,,5200.0,8000
1.0,6.34,0.6676461945342345,1.747715115862456,0.0930633770255371,0.0072889679577201,0.0726,,,5400.0,8000
1.0,6.57,0.66382603585072,1.775864520494706,0.0938460527593269,0.007112347735092,0.0704,,,5600.0,8000
1.0,6.81,0.6679400528945049,1.745451518727722,0.1134553560428321,0.0088803735096007,0.0726,,,5800.0,8000
1.0,7.04,0.66382603585072,1.7669060621897754,0.10338074025698,0.0083505335450172,0.0747,,,6000.0,8000
1.0,final,0.6764619453423449,,,,,0.6699970614163973,1.556146192596199,3200.0,8000
0.0,0.23,0.6338524831031442,1.58436551669959,1.839552710354328,0.0,0.0,,,200.0,8000
0.0,0.47,0.6464883925947693,1.4975668655715548,1.6336350345611572,0.0,0.0,,,400.0,8000
0.0,0.7,0.6600058771672054,1.4627681932062602,1.5445044866204265,0.0,0.0,,,600.0,8000
0.0,0.94,0.652953276520717,1.4277250646248727,1.5427578043937684,0.0,0.0,,,800.0,8000
0.0,1.17,0.6632383191301793,1.4755210905189973,1.1032823985815048,0.0,0.0,,,1000.0,8000
0.0,1.41,0.6635321774904496,1.4542558048880525,0.9707359252870082,0.0,0.0,,,1200.0,8000
0.0,1.64,0.6661769027328828,1.4420277679313325,1.020145922601223,0.0,0.0,,,1400.0,8000
0.0,1.88,0.6738172200999119,1.4363064049903764,1.0179047982394696,0.0,0.0,,,1600.0,8000
0.0,2.11,0.6614751689685572,1.4819545598720896,0.8291810462996364,0.0,0.0,,,1800.0,8000
0.0,2.35,0.6658830443726124,1.502861376058134,0.6263331069052219,0.0,0.0,,,2000.0,8000
0.0,2.58,0.6682339112547752,1.5096156098651354,0.6139284401759505,0.0,0.0,,,2200.0,8000
0.0,2.82,0.6694093446958566,1.4961671611683318,0.6366130835562944,0.0,0.0,,,2400.0,8000
0.0,3.05,0.670584778136938,1.5367480802634097,0.5760640079528093,0.0,0.0,,,2600.0,8000
0.0,3.29,0.6688216279753159,1.5731880963286546,0.3394104627147317,0.0,0.0,,,2800.0,8000
0.0,3.52,0.6702909197766677,1.5890000878871275,0.4110996844060719,0.0,0.0,,,3000.0,8000
0.0,3.76,0.6702909197766677,1.5681106908301063,0.3988370786607265,0.0,0.0,,,3200.0,8000
0.0,3.99,0.66382603585072,1.6084437047317734,0.4196450158953667,0.0,0.0,,,3400.0,8000
0.0,4.23,0.6673523361739642,1.6515044033825137,0.2583383263461292,0.0,0.0,,,3600.0,8000
0.0,4.46,0.6664707610931531,1.6410896151758732,0.2344068504311144,0.0,0.0,,,3800.0,8000
0.0,4.69,0.6702909197766677,1.6572950193190483,0.2375649972725659,0.0,0.0,,,4000.0,8000
0.0,4.93,0.6741110784601821,1.6490766555464973,0.2410087329242378,0.0,0.0,,,4200.0,8000
0.0,5.16,0.6688216279753159,1.6827945314082824,0.1586896501062437,0.0,0.0,,,4400.0,8000
0.0,5.4,0.6650014692918014,1.7012856832644956,0.1462834524456411,0.0,0.0,,,4600.0,8000
0.0,5.63,0.6600058771672054,1.704100370056798,0.1336165542062372,0.0,0.0,,,4800.0,8000
0.0,5.87,0.6694093446958566,1.720662192530468,0.1534933409187942,0.0,0.0,,,5000.0,8000
0.0,6.1,0.6717602115780194,1.7470882170837203,0.1183521603397093,0.0,0.0,,,5200.0,8000
0.0,6.34,0.6694093446958566,1.7509490626018749,0.0875041450839489,0.0,0.0,,,5400.0,8000
0.0,6.57,0.6685277696150456,1.786161350426238,0.0845696676848456,0.0,0.0,,,5600.0,8000
0.0,6.81,0.6635321774904496,1.787506392868764,0.0992472681449726,0.0,0.0,,,5800.0,8000
0.0,7.04,0.6650014692918014,1.798849741571131,0.1138123674783855,0.0,0.0,,,6000.0,8000
0.0,final,0.6741110784601821,,,,,0.669703203056127,1.6526936385829836,4200.0,8000
warmstart,0.23,0.6376726417866588,1.54941067358798,1.8712965747714043,0.1468783851340413,0.0728,,,200.0,42
warmstart,0.47,0.6488392594769321,1.482805869577914,1.624602837562561,0.1325724927335977,0.0754,,,400.0,42
warmstart,0.7,0.6626506024096386,1.4416093571621147,1.6074925643205642,0.1291296790912747,0.0744,,,600.0,42
warmstart,0.94,0.6664707610931531,1.4057008005085323,1.51922820687294,0.1238763007894158,0.0754,,,800.0,42
warmstart,1.17,0.6720540699382898,1.4235515081546182,1.1131402678787707,0.0935183167085051,0.0775,,,1000.0,42
warmstart,1.41,0.6682339112547752,1.4236581809829691,1.0307150134444236,0.0862314721476286,0.0772,,,1200.0,42
warmstart,1.64,0.67234792829856,1.4065426924089948,1.0070202231407166,0.0857980317622423,0.0785,,,1400.0,42
warmstart,1.88,0.6794005289450484,1.3849980856849975,1.034594942331314,0.0874625593610107,0.0779,,,1600.0,42
warmstart,2.11,0.6726417866588305,1.4654712929791855,0.8250217076390982,0.069379347115755,0.0776,,,1800.0,42
warmstart,2.35,0.6741110784601821,1.46830939411539,0.6199817275255919,0.0531068900320678,0.0789,,,2000.0,42
warmstart,2.58,0.6752865119012635,1.4660770266311085,0.636311322003603,0.0555794396717101,0.0803,,,2200.0,42
warmstart,2.82,0.6726417866588305,1.4821407170881429,0.6683829959481955,0.0579831894859671,0.0798,,,2400.0,42
warmstart,3.05,0.6702909197766677,1.5238073867907989,0.6433843894302845,0.0546415627468377,0.0783,,,2600.0,42
warmstart,3.29,0.6661769027328828,1.5546454511256629,0.4185114830359817,0.0363728483207523,0.08,,,2800.0,42
warmstart,3.52,0.6785189538642374,1.546310457221172,0.383171141333878,0.0339009873196482,0.0813,,,3000.0,42
warmstart,3.76,0.6770496620628856,1.5558382001232829,0.4127852836623787,0.035385358184576,0.079,,,3200.0,42
warmstart,3.99,0.6741110784601821,1.5730240799699011,0.4180306340008974,0.0356424145773053,0.0786,,,3400.0,42
warmstart,4.23,0.6741110784601821,1.6233051507228828,0.2363601608222234,0.020524598872289,0.0799,,,3600.0,42
warmstart,4.46,0.6720540699382898,1.6068341254338494,0.2625448711402714,0.0232952101156115,0.0815,,,3800.0,42
warmstart,0.23,0.6376726417866588,1.54941067358798,1.8712965747714043,0.1468783851340413,0.0728,,,200.0,42
warmstart,0.47,0.6488392594769321,1.482805869577914,1.624602837562561,0.1325724927335977,0.0754,,,400.0,42
warmstart,0.7,0.6626506024096386,1.4416093571621147,1.6074925643205642,0.1291296790912747,0.0744,,,600.0,42
warmstart,0.94,0.6664707610931531,1.4057008005085323,1.51922820687294,0.1238763007894158,0.0754,,,800.0,42
warmstart,1.17,0.6720540699382898,1.4235515081546182,1.1131402678787707,0.0935183167085051,0.0775,,,1000.0,42
warmstart,1.41,0.6682339112547752,1.4236581809829691,1.0307150134444236,0.0862314721476286,0.0772,,,1200.0,42
warmstart,1.64,0.67234792829856,1.4065426924089948,1.0070202231407166,0.0857980317622423,0.0785,,,1400.0,42
warmstart,1.88,0.6794005289450484,1.3849980856849975,1.034594942331314,0.0874625593610107,0.0779,,,1600.0,42
warmstart,2.11,0.6726417866588305,1.4654712929791855,0.8250217076390982,0.069379347115755,0.0776,,,1800.0,42
warmstart,2.35,0.6741110784601821,1.46830939411539,0.6199817275255919,0.0531068900320678,0.0789,,,2000.0,42
warmstart,2.58,0.6752865119012635,1.4660770266311085,0.636311322003603,0.0555794396717101,0.0803,,,2200.0,42
warmstart,2.82,0.6726417866588305,1.4821407170881429,0.6683829959481955,0.0579831894859671,0.0798,,,2400.0,42
warmstart,3.05,0.6699970614163973,1.520297698823277,0.6418286654725671,0.0281434168014675,0.042,,,2600.0,42
warmstart,3.29,0.6650014692918014,1.553365682192911,0.4139468383416533,0.0,0.0,,,2800.0,42
warmstart,3.52,0.6817513958272113,1.5395776496200115,0.3761839232221245,0.0,0.0,,,3000.0,42
warmstart,3.76,0.6776373787834263,1.554648563769366,0.4054387111589312,0.0,0.0,,,3200.0,42
warmstart,3.99,0.6761680869820746,1.569723371369258,0.4117158330604434,0.0,0.0,,,3400.0,42
warmstart,4.23,0.6758742286218042,1.618730154855091,0.2337834217189811,0.0,0.0,,,3600.0,42
warmstart,4.46,0.6720540699382898,1.6119569185645028,0.2590168133750558,0.0,0.0,,,3800.0,42
warmstart,4.69,0.6717602115780194,1.6193220166031346,0.2579967436380684,0.0,0.0,,,4000.0,42
warmstart,4.93,0.6691154863355863,1.6498195028396134,0.2469600654393434,0.0,0.0,,,4200.0,42
warmstart,5.16,0.6658830443726124,1.669501835988824,0.1917237523011863,0.0,0.0,,,4400.0,42
warmstart,5.4,0.6691154863355863,1.6783970584597547,0.1444284598808735,0.0,0.0,,,4600.0,42
warmstart,5.63,0.669703203056127,1.7053580361667746,0.1540579589921981,0.0,0.0,,,4800.0,42
warmstart,5.87,0.6749926535409932,1.7135663634402032,0.1566157372668385,0.0,0.0,,,5000.0,42
warmstart,final,0.6817513958272113,,,,,0.675580370261534,1.5400242302440876,3000.0,42
warmstart,0.23,0.6356156332647663,1.5558245879147217,1.8670876145362847,0.1473064729198813,0.0731,,,200.0,123
warmstart,0.47,0.6503085512782839,1.4772775265668163,1.5950087836384774,0.1290916892886161,0.0749,,,400.0,123
warmstart,0.7,0.6506024096385542,1.446154128934158,1.546641717851162,0.1250289691984653,0.0748,,,600.0,123
warmstart,0.94,0.6605935938877461,1.412124207238397,1.5186902770400048,0.1241591267287731,0.0756,,,800.0,123
warmstart,1.17,0.6694093446958566,1.410471180817887,1.1379631888866424,0.0956983457319438,0.0776,,,1000.0,123
warmstart,1.41,0.664707610931531,1.4164685177130452,1.039207893013954,0.0878708128817379,0.078,,,1200.0,123
warmstart,1.64,0.6749926535409932,1.4112208742027663,0.9908044254779816,0.0843496039044112,0.0785,,,1400.0,123
warmstart,1.88,0.6688216279753159,1.4097100840643368,1.0383982789516448,0.0877042521722614,0.0779,,,1600.0,123
warmstart,2.11,0.6632383191301793,1.470004495297885,0.8849746263772249,0.0753481593355536,0.0785,,,1800.0,123
warmstart,2.35,0.6694093446958566,1.461911293362436,0.6283479226380586,0.0541113132983446,0.0793,,,2000.0,123
warmstart,2.58,0.6670584778136938,1.4788714161943486,0.6652731152623892,0.0561709889769554,0.0779,,,2200.0,123
warmstart,2.82,0.6702909197766677,1.473842017446726,0.6751687329262495,0.0588330546766519,0.0802,,,2400.0,123
warmstart,3.05,0.6752865119012635,1.4846619700040322,0.5694580630585552,0.0266820632386952,0.0448,,,2600.0,123
warmstart,3.29,0.6729356450191007,1.5054820113556195,0.3949547925218939,0.0,0.0,,,2800.0,123
warmstart,3.52,0.6729356450191007,1.5309026557629226,0.4151624564453959,0.0,0.0,,,3000.0,123
warmstart,3.76,0.670584778136938,1.5363638399104809,0.4116257585957646,0.0,0.0,,,3200.0,123
warmstart,3.99,0.6699970614163973,1.517368886108578,0.4278920693695545,0.0,0.0,,,3400.0,123
warmstart,4.23,0.6744049368204525,1.5680905766358209,0.2483863888820633,0.0,0.0,,,3600.0,123
warmstart,4.46,0.67234792829856,1.5675231613133398,0.2386204061284661,0.0,0.0,,,3800.0,123
warmstart,4.69,0.6664707610931531,1.588431603131559,0.2477936484478414,0.0,0.0,,,4000.0,123
warmstart,4.93,0.6676461945342345,1.6159655712227452,0.2664732919260859,0.0,0.0,,,4200.0,123
warmstart,5.16,0.6714663532177491,1.6174516228413252,0.1688259848486632,0.0,0.0,,,4400.0,123
warmstart,5.4,0.6688216279753159,1.6388995237571855,0.148842756585218,0.0,0.0,,,4600.0,123
warmstart,5.63,0.6714663532177491,1.6631548527300866,0.1527141362428665,0.0,0.0,,,4800.0,123
warmstart,5.87,0.664707610931531,1.6691662758685126,0.1654993384331465,0.0,0.0,,,5000.0,123
warmstart,final,0.6752865119012635,,,,,0.6576550102850426,1.5786695651996847,2600.0,123
warmstart,0.23,0.6312077578607111,1.5669827513088033,1.8773841279745105,0.1475928064808249,0.0729,,,200.0,456
warmstart,0.47,0.6523655598001763,1.4758026198432823,1.6096165871620178,0.1295239513367414,0.0745,,,400.0,456
warmstart,0.7,0.6503085512782839,1.4393754048169518,1.5596228873729705,0.1262576509267091,0.0749,,,600.0,456
warmstart,0.94,0.6602997355274758,1.405079196033988,1.5242247654497625,0.1243136901222169,0.0754,,,800.0,456
warmstart,1.17,0.6570672935645019,1.4579258367940324,1.121101995811332,0.0935279777925461,0.077,,,1000.0,456
warmstart,1.41,0.6635321774904496,1.4175743327363604,0.9907052956521512,0.0837704911734908,0.078,,,1200.0,456
warmstart,1.64,0.66382603585072,1.411892586794104,1.0495358248054982,0.0890832127910107,0.0782,,,1400.0,456
warmstart,1.88,0.6752865119012635,1.4031718010556302,1.0306997053325175,0.0868015903234481,0.0777,,,1600.0,456
warmstart,2.11,0.6661769027328828,1.460395363404966,0.8478057140856982,0.0727919046767056,0.0791,,,1800.0,456
warmstart,2.35,0.664707610931531,1.4910332818189649,0.6428259778022766,0.054809809308499,0.0786,,,2000.0,456
warmstart,2.58,0.6694093446958566,1.480952886038586,0.6422712469100952,0.054332863362506,0.078,,,2200.0,456
warmstart,2.82,0.6661769027328828,1.4458447024992485,0.651697848290205,0.0560570331756025,0.0792,,,2400.0,456
warmstart,3.05,0.6682339112547752,1.4920917103439788,0.5902088434295729,0.0287435477692633,0.0464,,,2600.0,456
warmstart,3.29,0.6650014692918014,1.5104261769500158,0.3602761764451861,0.0,0.0,,,2800.0,456
warmstart,3.52,0.6758742286218042,1.5334892131425408,0.3959170040860772,0.0,0.0,,,3000.0,456
warmstart,3.76,0.6714663532177491,1.5225378134094405,0.4112943543121218,0.0,0.0,,,3200.0,456
warmstart,3.99,0.664707610931531,1.5493540018402825,0.4309117346256971,0.0,0.0,,,3400.0,456
warmstart,4.23,0.6676461945342345,1.5772795222837577,0.2401339767075842,0.0,0.0,,,3600.0,456
warmstart,4.46,0.6661769027328828,1.614028509315448,0.2539087905362248,0.0,0.0,,,3800.0,456
warmstart,4.69,0.6726417866588305,1.615063076750727,0.2572244986332953,0.0,0.0,,,4000.0,456
warmstart,4.93,0.6667646194534235,1.6415469778169087,0.2551221454422921,0.0,0.0,,,4200.0,456
warmstart,5.16,0.6620628856890979,1.6654709694562784,0.212267836490646,0.0,0.0,,,4400.0,456
warmstart,5.4,0.6679400528945049,1.672420967896826,0.1511746726278215,0.0,0.0,,,4600.0,456
warmstart,5.63,0.6667646194534235,1.7003337549105344,0.1525724018085748,0.0,0.0,,,4800.0,456
warmstart,5.87,0.6670584778136938,1.6839177035038309,0.1543139169085771,0.0,0.0,,,5000.0,456
warmstart,final,0.6758742286218042,,,,,0.6623567440493682,1.5510795125532528,3000.0,456
warmstart,0.23,0.6379665001469291,1.5313818593113484,1.8746426212787628,0.1473294258117675,0.0729,,,200.0,789
warmstart,0.47,0.6491331178372025,1.4589444658457094,1.6224174240231517,0.1309765866398811,0.0747,,,400.0,789
warmstart,0.7,0.6582427270055833,1.4388422006163708,1.6160721403360367,0.1303546687588095,0.0746,,,600.0,789
warmstart,0.94,0.6714663532177491,1.404168778400438,1.4969638296961785,0.123275891598314,0.0761,,,800.0,789
warmstart,1.17,0.6708786364972084,1.430597146363809,1.096049717371352,0.0927866923063993,0.078,,,1000.0,789
warmstart,1.41,0.670584778136938,1.413392601418138,0.9897426231205464,0.084690017318353,0.0788,,,1200.0,789
warmstart,1.64,0.6761680869820746,1.4076927946554785,1.0475741240382197,0.0878324594721198,0.0774,,,1400.0,789
warmstart,1.88,0.6752865119012635,1.3865502179807472,1.0362243093550203,0.0875977784208953,0.0779,,,1600.0,789
warmstart,2.11,0.6708786364972084,1.4542123238339062,0.8116478967969306,0.0688051784038543,0.0781,,,1800.0,789
warmstart,2.35,0.6752865119012635,1.4673531697912494,0.6472842002660036,0.0557622701674699,0.0793,,,2000.0,789
warmstart,2.58,0.6702909197766677,1.479635712927382,0.6394887762516737,0.0547670672740787,0.0789,,,2200.0,789
warmstart,2.82,0.6691154863355863,1.4866518782686564,0.6415881901234388,0.0560570959560573,0.0804,,,2400.0,789
warmstart,3.05,0.6770496620628856,1.4970200792537378,0.6185612080991268,0.0284972136002033,0.044,,,2600.0,789
warmstart,3.29,0.6794005289450484,1.5332409889250338,0.3636740144342184,0.0,0.0,,,2800.0,789
warmstart,3.52,0.675580370261534,1.5484669601220158,0.3933368339389562,0.0,0.0,,,3000.0,789
warmstart,3.76,0.6738172200999119,1.5586565180172334,0.3972187588363886,0.0,0.0,,,3200.0,789
warmstart,3.99,0.6770496620628856,1.568132184303546,0.4145955687388777,0.0,0.0,,,3400.0,789
warmstart,4.23,0.678225095503967,1.5844217240722818,0.294411093192175,0.0,0.0,,,3600.0,789
warmstart,4.46,0.669703203056127,1.6170125580030157,0.2465563254058361,0.0,0.0,,,3800.0,789
warmstart,4.69,0.6764619453423449,1.6109115396077025,0.2498555768467485,0.0,0.0,,,4000.0,789
warmstart,4.93,0.6761680869820746,1.61240751730005,0.2719899716041982,0.0,0.0,,,4200.0,789
warmstart,5.16,0.6785189538642374,1.658103382380752,0.1732296715425036,0.0,0.0,,,4400.0,789
warmstart,5.4,0.6744049368204525,1.6652694951426517,0.1460118482820689,0.0,0.0,,,4600.0,789
warmstart,5.63,0.6761680869820746,1.6818655559044882,0.1429053081013262,0.0,0.0,,,4800.0,789
warmstart,5.87,0.6744049368204525,1.6943828916675794,0.1639823160786181,0.0,0.0,,,5000.0,789
warmstart,final,0.6794005289450484,,,,,0.678225095503967,1.540420824872582,2800.0,789
warmstart,0.23,0.6197472818101675,1.6274584128581318,1.8153153866529463,0.144435964860022,0.0737,,,200.0,1011
warmstart,0.47,0.6397296503085512,1.508270881402293,1.6238057509064674,0.1317550769820809,0.0751,,,400.0,1011
warmstart,0.7,0.6459006758742286,1.480389413292745,1.5339240643382073,0.1260416911914944,0.0759,,,600.0,1011
warmstart,0.94,0.6473699676755804,1.459495261806339,1.5508222365379334,0.1242374672740697,0.0742,,,800.0,1011
warmstart,1.17,0.6511901263590949,1.453569275261618,1.1739662367105483,0.0966111007146537,0.076,,,1000.0,1011
warmstart,1.41,0.6526594181604467,1.4823176610690512,0.9926823960244656,0.0833903369028121,0.0775,,,1200.0,1011
warmstart,1.64,0.652071701439906,1.462238235400769,1.0296880197525025,0.0869574865512549,0.0779,,,1400.0,1011
warmstart,1.88,0.6523655598001763,1.4629225659433478,0.9934993278980256,0.0851895770989358,0.079,,,1600.0,1011
warmstart,2.11,0.6585365853658537,1.507336741855766,0.8269447010755538,0.0715051888488233,0.0796,,,1800.0,1011
warmstart,2.35,0.6541287099617984,1.528775032569197,0.6400826631858945,0.054004192026332,0.0778,,,2000.0,1011
warmstart,2.58,0.6561857184836909,1.5397240358908106,0.6174829258769751,0.0539462590403854,0.0803,,,2200.0,1011
warmstart,2.82,0.6611813106082868,1.512832556477092,0.6643734251707792,0.0580241121351718,0.0803,,,2400.0,1011
warmstart,3.05,0.6617690273288275,1.5718102194511152,0.5877314521599328,0.0268454273324459,0.0437,,,2600.0,1011
warmstart,3.29,0.6567734352042316,1.6082769352444612,0.3589332890510559,0.0,0.0,,,2800.0,1011
warmstart,3.52,0.6558918601234205,1.6273450755456458,0.3798212430998683,0.0,0.0,,,3000.0,1011
warmstart,3.76,0.6632383191301793,1.6305528209729998,0.4117992990091443,0.0,0.0,,,3200.0,1011
warmstart,3.99,0.6611813106082868,1.6304608031717638,0.4122699523717165,0.0,0.0,,,3400.0,1011
warmstart,4.23,0.6623567440493682,1.66891964204235,0.2443814416415989,0.0,0.0,,,3600.0,1011
warmstart,4.46,0.6650014692918014,1.6940437816992038,0.2290453037992119,0.0,0.0,,,3800.0,1011
warmstart,4.69,0.6600058771672054,1.680782042984538,0.2520039992220699,0.0,0.0,,,4000.0,1011
warmstart,4.93,0.6611813106082868,1.7269920508300352,0.2556721332110465,0.0,0.0,,,4200.0,1011
warmstart,5.16,0.658830443726124,1.737424884163349,0.1714596910681575,0.0,0.0,,,4400.0,1011
warmstart,5.4,0.6585365853658537,1.7532385282575331,0.1387818718142807,0.0,0.0,,,4600.0,1011
warmstart,5.63,0.6602997355274758,1.7358114135079687,0.1463284863671287,0.0,0.0,,,4800.0,1011
warmstart,5.87,0.6576550102850426,1.7535223245550666,0.1547142277378589,0.0,0.0,,,5000.0,1011
warmstart,final,0.6650014692918014,,,,,0.669703203056127,1.6930316083052213,3800.0,1011
warmstart,0.23,0.6279753158977373,1.6042694913755962,1.8255250495672224,0.1433289079368114,0.0728,,,200.0,2024
warmstart,0.47,0.6406112253893623,1.5327277014685,1.625261255800724,0.132688170466572,0.0755,,,400.0,2024
warmstart,0.7,0.6485454011166618,1.4762152146144083,1.6220662489533424,0.1298971786722541,0.0741,,,600.0,2024
warmstart,0.94,0.652953276520717,1.4481136983119842,1.5033421126008033,0.1243902985379099,0.0764,,,800.0,2024
warmstart,1.17,0.6544225683220688,1.4719671673750898,1.1619454969465732,0.0970085879601538,0.0771,,,1000.0,2024
warmstart,1.41,0.6605935938877461,1.480749726085287,0.9887605883181096,0.0841626747325062,0.0784,,,1200.0,2024
warmstart,1.64,0.6667646194534235,1.4556410333320668,0.9988317520916462,0.085516109522432,0.0789,,,1400.0,2024
warmstart,1.88,0.6682339112547752,1.4258360194347202,1.0142995703220368,0.0854531958512961,0.0777,,,1600.0,2024
warmstart,2.11,0.664707610931531,1.4997130497532525,0.8811528885364532,0.0738831674866378,0.0774,,,1800.0,2024
warmstart,2.35,0.6658830443726124,1.4993600544598815,0.6297574734687805,0.0541352778021246,0.0792,,,2000.0,2024
warmstart,2.58,0.6547164266823391,1.5407028067928183,0.6511340213567018,0.0570160149782896,0.0805,,,2200.0,2024
warmstart,2.82,0.6614751689685572,1.5284544339503676,0.6567702203989029,0.0565715536754578,0.0793,,,2400.0,2024
warmstart,3.05,0.6664707610931531,1.5321890582346125,0.5997759292274714,0.0289302780665457,0.046,,,2600.0,2024
warmstart,3.29,0.6676461945342345,1.5712438633327726,0.3866225127130747,0.0,0.0,,,2800.0,2024
warmstart,3.52,0.6673523361739642,1.5820099568317962,0.3873989767767489,0.0,0.0,,,3000.0,2024
warmstart,3.76,0.6670584778136938,1.5788417867867344,0.4131228946149349,0.0,0.0,,,3200.0,2024
warmstart,3.99,0.6702909197766677,1.5995475369063048,0.4026937251538038,0.0,0.0,,,3400.0,2024
warmstart,4.23,0.6591243020863944,1.659014466857686,0.2188830368523485,0.0,0.0,,,3600.0,2024
warmstart,4.46,0.6685277696150456,1.644947161262539,0.2387577348947525,0.0,0.0,,,3800.0,2024
warmstart,4.69,0.6611813106082868,1.6755533358506374,0.2597453038394451,0.0,0.0,,,4000.0,2024
warmstart,4.93,0.6629444607699089,1.675332275377173,0.2625064873229712,0.0,0.0,,,4200.0,2024
warmstart,5.16,0.6641198942109903,1.707925361463192,0.1780266959499567,0.0,0.0,,,4400.0,2024
warmstart,5.4,0.6629444607699089,1.7178937035590591,0.1376159000303596,0.0,0.0,,,4600.0,2024
warmstart,5.63,0.6629444607699089,1.748613511818912,0.1556343847513198,0.0,0.0,,,4800.0,2024
warmstart,5.87,0.6626506024096386,1.7316687334785383,0.1548015950713306,0.0,0.0,,,5000.0,2024
warmstart,final,0.6702909197766677,,,,,0.6796943873053188,1.5229348347112075,3400.0,2024
warmstart,0.23,0.6350279165442256,1.5387740268134174,1.836574369966984,0.143485042899847,0.0725,,,200.0,3000
warmstart,0.47,0.6553041434028798,1.4644553621499077,1.6518559420108796,0.1322333163022995,0.0741,,,400.0,3000
warmstart,0.7,0.6667646194534235,1.408452860343257,1.5481402948498726,0.1262266822345555,0.0754,,,600.0,3000
warmstart,0.94,0.6714663532177491,1.3684849334383165,1.5089560970664024,0.1250103821232915,0.0765,,,800.0,3000
warmstart,1.17,0.6641198942109903,1.4213935946878742,1.1463064723418577,0.096427792776376,0.0776,,,1000.0,3000
warmstart,1.41,0.6717602115780194,1.404090856611641,0.9983214178681372,0.0849444487690925,0.0784,,,1200.0,3000
warmstart,1.64,0.6767558037026153,1.3810615518116405,0.994334157705307,0.0839312950335443,0.0778,,,1400.0,3000
warmstart,1.88,0.6796943873053188,1.3977069760635257,1.0376312303543092,0.0885907699353993,0.0787,,,1600.0,3000
warmstart,2.11,0.6738172200999119,1.452161355874064,0.8612261617183685,0.0739759169425815,0.0791,,,1800.0,3000
warmstart,2.35,0.6732295033793712,1.4489412495394052,0.6467521691322327,0.0555118042044341,0.079,,,2000.0,3000
warmstart,2.58,0.6811636791066706,1.4448926018032648,0.6480012499913573,0.0563124993443489,0.08,,,2200.0,3000
warmstart,2.82,0.683220687628563,1.4526894612502184,0.6284359770268202,0.0546764232311397,0.08,,,2400.0,3000
warmstart,3.05,0.6779312371436967,1.4737933310049267,0.6100235818768851,0.0295644482877105,0.0462,,,2600.0,3000
warmstart,3.29,0.682339112547752,1.4775694545195308,0.3733360909670591,0.0,0.0,,,2800.0,3000
warmstart,3.52,0.6729356450191007,1.514954748120933,0.397863606698811,0.0,0.0,,,3000.0,3000
warmstart,3.76,0.6794005289450484,1.512821346481968,0.4206669485569,0.0,0.0,,,3200.0,3000
warmstart,3.99,0.6770496620628856,1.52820209843987,0.4070475725457072,0.0,0.0,,,3400.0,3000
warmstart,4.23,0.6767558037026153,1.5483794993480935,0.2807157576270401,0.0,0.0,,,3600.0,3000
warmstart,4.46,0.6846899794299148,1.5576959054740849,0.2414880818873644,0.0,0.0,,,3800.0,3000
warmstart,4.69,0.6799882456655891,1.56556890692968,0.2571113676764071,0.0,0.0,,,4000.0,3000
warmstart,4.93,0.6729356450191007,1.6019092790394924,0.2650544841680676,0.0,0.0,,,4200.0,3000
warmstart,5.16,0.6796943873053188,1.6237577797777685,0.1827523377339821,0.0,0.0,,,4400.0,3000
warmstart,5.4,0.6729356450191007,1.6336219012386968,0.1380843633692711,0.0,0.0,,,4600.0,3000
warmstart,5.63,0.6761680869820746,1.6728101323369389,0.1533893403830006,0.0,0.0,,,4800.0,3000
warmstart,5.87,0.6779312371436967,1.669074711320052,0.1616081854328513,0.0,0.0,,,5000.0,3000
warmstart,final,0.6846899794299148,,,,,0.6838084043491037,1.6273976145615972,3800.0,3000
warmstart,0.23,0.6400235086688216,1.562201435780336,1.8742037704586985,0.1480978917330503,0.0732,,,200.0,4000
warmstart,0.47,0.6508962679988246,1.4948628673194753,1.6131265395879746,0.1297276074811816,0.0744,,,400.0,4000
warmstart,0.7,0.6555980017631502,1.4514778337512266,1.5442973864078522,0.1271180975064635,0.0761,,,600.0,4000
warmstart,0.94,0.6602997355274758,1.4298229074779414,1.4981974619627,0.1230000657960772,0.0759,,,800.0,4000
warmstart,1.17,0.6585365853658537,1.4357200690377925,1.1775624305941164,0.0982702000252902,0.077,,,1000.0,4000
warmstart,1.41,0.658830443726124,1.4434760132502922,1.0113297989964485,0.0863940386101603,0.0787,,,1200.0,4000
warmstart,1.64,0.6620628856890979,1.4376566114143312,1.0028076224029063,0.0850885844882577,0.0782,,,1400.0,4000
warmstart,1.88,0.669703203056127,1.4428803610374323,1.0016127045452594,0.0856067408062517,0.0787,,,1600.0,4000
warmstart,2.11,0.6679400528945049,1.4854686346749084,0.8073954679816961,0.0691607734188437,0.0789,,,1800.0,4000
warmstart,2.35,0.6744049368204525,1.5162313248947932,0.6262104362994433,0.0544884563423693,0.08,,,2000.0,4000
warmstart,2.58,0.6702909197766677,1.4923377542890872,0.6519902504608035,0.0561778546590358,0.0793,,,2200.0,4000
warmstart,2.82,0.6655891860123421,1.5145322758241362,0.6546628551930189,0.0564882479235529,0.0794,,,2400.0,4000
warmstart,3.05,0.6752865119012635,1.5705531330063804,0.6057492893189191,0.0303386799897998,0.0477,,,2600.0,4000
warmstart,3.29,0.6682339112547752,1.555027591509571,0.3997126449644566,0.0,0.0,,,2800.0,4000
warmstart,3.52,0.6694093446958566,1.5745655848914792,0.3956255236640572,0.0,0.0,,,3000.0,4000
warmstart,3.76,0.6741110784601821,1.5672258370209189,0.3966272246092558,0.0,0.0,,,3200.0,4000
warmstart,3.99,0.6729356450191007,1.597175088728872,0.4143904752284288,0.0,0.0,,,3400.0,4000
warmstart,4.23,0.6667646194534235,1.6442425239446967,0.2326214984245598,0.0,0.0,,,3600.0,4000
warmstart,4.46,0.6673523361739642,1.6475200716481642,0.2419896810688078,0.0,0.0,,,3800.0,4000
warmstart,4.69,0.6676461945342345,1.675112771280296,0.2408459853008389,0.0,0.0,,,4000.0,4000
warmstart,4.93,0.6708786364972084,1.658443226591475,0.2627051180042326,0.0,0.0,,,4200.0,4000
warmstart,5.16,0.6667646194534235,1.686053850949949,0.1730942814609488,0.0,0.0,,,4400.0,4000
warmstart,5.4,0.6608874522480165,1.6988123052792097,0.1284446853306144,0.0,0.0,,,4600.0,4000
warmstart,5.63,0.6614751689685572,1.6961314343649465,0.1424775808770209,0.0,0.0,,,4800.0,4000
warmstart,5.87,0.6658830443726124,1.6999823368194698,0.1653893199004233,0.0,0.0,,,5000.0,4000
warmstart,final,0.6752865119012635,,,,,0.6602997355274758,1.5845550929592738,2600.0,4000
warmstart,0.23,0.6344401998236849,1.5690493107262409,1.857896849811077,0.1496228717640042,0.0745,,,200.0,5000
warmstart,0.47,0.6464883925947693,1.4961466324388928,1.6382443845272063,0.1315679774060845,0.0743,,,400.0,5000
warmstart,0.7,0.6620628856890979,1.4560350030791995,1.5317429761588572,0.1247706856019795,0.0753,,,600.0,5000
warmstart,0.94,0.6644137525712607,1.4129322895469856,1.496119123995304,0.1217746840789914,0.0753,,,800.0,5000
warmstart,1.17,0.6676461945342345,1.4450180382018156,1.1157749824551866,0.0930406820494681,0.077,,,1000.0,5000
warmstart,1.41,0.6667646194534235,1.452844808110762,0.986101546138525,0.0849090670607984,0.0793,,,1200.0,5000
warmstart,1.64,0.6629444607699089,1.454220543845135,0.9964073626697064,0.0846028250083327,0.0783,,,1400.0,5000
warmstart,1.88,0.6764619453423449,1.4186264853108956,1.0337580716609955,0.0880172870773822,0.0785,,,1600.0,5000
warmstart,2.11,0.6711724948574787,1.460625525470905,0.8343437816435472,0.0716033213026821,0.079,,,1800.0,5000
warmstart,2.35,0.6741110784601821,1.4796688279228425,0.6190887465327978,0.0541043845843523,0.0804,,,2000.0,5000
warmstart,2.58,0.6741110784601821,1.4949585052927978,0.6247166482359171,0.0542695805989205,0.0799,,,2200.0,5000
warmstart,2.82,0.6720540699382898,1.4916843822203487,0.655316762700677,0.055514171551913,0.0781,,,2400.0,5000
warmstart,3.05,0.6735233617396414,1.54530343510563,0.595227533467114,0.0288049443718045,0.0462,,,2600.0,5000
warmstart,3.29,0.6741110784601821,1.5571321118343868,0.3630120531469583,0.0,0.0,,,2800.0,5000
warmstart,3.52,0.6741110784601821,1.5736119543283504,0.3939404447376728,0.0,0.0,,,3000.0,5000
warmstart,3.76,0.6738172200999119,1.5542552677491397,0.3989557817205786,0.0,0.0,,,3200.0,5000
warmstart,3.99,0.6717602115780194,1.5649220447767282,0.4094472271949053,0.0,0.0,,,3400.0,5000
warmstart,4.23,0.6758742286218042,1.6611516630512948,0.215545258304337,0.0,0.0,,,3600.0,5000
warmstart,4.46,0.6691154863355863,1.6392402054455713,0.2223271162249148,0.0,0.0,,,3800.0,5000
warmstart,4.69,0.6688216279753159,1.6372913160010223,0.2565827816352248,0.0,0.0,,,4000.0,5000
warmstart,4.93,0.6720540699382898,1.632609613565988,0.258755578957498,0.0,0.0,,,4200.0,5000
warmstart,5.16,0.6805759623861299,1.661034017249552,0.1781891879253089,0.0,0.0,,,4400.0,5000
warmstart,5.4,0.6749926535409932,1.690974145190631,0.1451488892175257,0.0,0.0,,,4600.0,5000
warmstart,5.63,0.6741110784601821,1.6791856486833063,0.1449613319803029,0.0,0.0,,,4800.0,5000
warmstart,5.87,0.669703203056127,1.7168387059355497,0.146196494968608,0.0,0.0,,,5000.0,5000
warmstart,final,0.6805759623861299,,,,,0.670584778136938,1.7821531295075754,4400.0,5000
warmstart,0.23,0.6373787834263884,1.557902474894511,1.8175006061792367,0.1445696557313203,0.0737,,,200.0,6000
warmstart,0.47,0.6503085512782839,1.4868878635490008,1.6316509526968002,0.1311501505412161,0.0744,,,400.0,6000
warmstart,0.7,0.6535409932412577,1.4675190357681305,1.5774758157134057,0.1280465685948729,0.0751,,,600.0,6000
warmstart,0.94,0.6632383191301793,1.4126411897625393,1.5532541316747666,0.1250665707141161,0.0745,,,800.0,6000
warmstart,1.17,0.6623567440493682,1.430579946088749,1.129417626708746,0.0945020332373678,0.0772,,,1000.0,6000
warmstart,1.41,0.6602997355274758,1.4541482177160432,1.029718958735466,0.0862610340770334,0.0773,,,1200.0,6000
warmstart,1.64,0.6600058771672054,1.4527848254327664,1.0236805060505867,0.086873436551541,0.0782,,,1400.0,6000
warmstart,1.88,0.6617690273288275,1.4359938888524582,1.0048187373578548,0.0857490915618836,0.0786,,,1600.0,6000
warmstart,2.11,0.6661769027328828,1.4684458117501862,0.8184305557236076,0.069585747141391,0.0784,,,1800.0,6000
warmstart,2.35,0.669703203056127,1.484860516333629,0.6288183534517884,0.0541880991309881,0.0793,,,2000.0,6000
warmstart,2.58,0.6688216279753159,1.4943524571926567,0.6285904872789979,0.055703896312043,0.0814,,,2200.0,6000
warmstart,2.82,0.670584778136938,1.504497272562637,0.6811668909341096,0.0591542373690754,0.0799,,,2400.0,6000
warmstart,3.05,0.6714663532177491,1.538792713684017,0.6346639439836145,0.0287434862181544,0.0433,,,2600.0,6000
warmstart,3.29,0.6679400528945049,1.5874754031580964,0.3929034199938178,0.0,0.0,,,2800.0,6000
warmstart,3.52,0.6691154863355863,1.569153435083827,0.4115653779543936,0.0,0.0,,,3000.0,6000
warmstart,3.76,0.66382603585072,1.5894884201942947,0.4163820164650678,0.0,0.0,,,3200.0,6000
warmstart,3.99,0.6670584778136938,1.5738289714945508,0.4155000103265047,0.0,0.0,,,3400.0,6000
warmstart,4.23,0.6635321774904496,1.6447261383419278,0.230658928132616,0.0,0.0,,,3600.0,6000
warmstart,4.46,0.6620628856890979,1.6516987503082865,0.2394870039075613,0.0,0.0,,,3800.0,6000
warmstart,4.69,0.6635321774904496,1.6498834868231276,0.2478745472058653,0.0,0.0,,,4000.0,6000
warmstart,4.93,0.6738172200999119,1.6597582392576264,0.2584614762105047,0.0,0.0,,,4200.0,6000
warmstart,5.16,0.6726417866588305,1.6966533326345998,0.1656390778280911,0.0,0.0,,,4400.0,6000
warmstart,5.4,0.6658830443726124,1.7047790081543746,0.1415397862065583,0.0,0.0,,,4600.0,6000
warmstart,5.63,0.6623567440493682,1.7458975028893613,0.1441251241322606,0.0,0.0,,,4800.0,6000
warmstart,5.87,0.6661769027328828,1.722642870955421,0.1658003874868154,0.0,0.0,,,5000.0,6000
warmstart,final,0.6738172200999119,,,,,0.6670584778136938,1.6236413915543355,4200.0,6000
warmstart,0.23,0.6473699676755804,1.533279956928464,1.8107169944047927,0.1443943982943892,0.0739,,,200.0,7000
warmstart,0.47,0.6488392594769321,1.4667245073595925,1.6255178508162498,0.1308834150061011,0.0745,,,400.0,7000
warmstart,0.7,0.6564795768439612,1.4314746701678842,1.6007577779889106,0.1311142282932996,0.0757,,,600.0,7000
warmstart,0.94,0.6708786364972084,1.3812325551795006,1.525876403450966,0.12339797552675,0.0748,,,800.0,7000
warmstart,1.17,0.6635321774904496,1.4022551683898956,1.1591752465814351,0.0949623426049947,0.0757,,,1000.0,7000
warmstart,1.41,0.6746987951807228,1.4002962862958357,1.0305944506824016,0.0875700363703072,0.0783,,,1200.0,7000
warmstart,1.64,0.6726417866588305,1.399543886198004,0.993155700713396,0.0843969708122313,0.0783,,,1400.0,7000
warmstart,1.88,0.6708786364972084,1.393793925410889,1.023609105348587,0.0861679880321025,0.0776,,,1600.0,7000
warmstart,2.11,0.677343520423156,1.4218927535841197,0.8302053494239225,0.0711912926938384,0.079,,,1800.0,7000
warmstart,2.35,0.6732295033793712,1.4377169768284113,0.6258649773150683,0.0546457157284021,0.0803,,,2000.0,7000
warmstart,2.58,0.6770496620628856,1.4336568199638895,0.619030919149518,0.0531453341804444,0.0791,,,2200.0,7000
warmstart,2.82,0.6770496620628856,1.4636229585452252,0.6531330302357674,0.0568631411809474,0.0801,,,2400.0,7000
warmstart,3.05,0.675580370261534,1.5246085996772134,0.6374167424440383,0.027977245543152,0.042,,,2600.0,7000
warmstart,3.29,0.6843961210696444,1.5217944090239552,0.3824448598921299,0.0,0.0,,,2800.0,7000
warmstart,3.52,0.6799882456655891,1.516013352407836,0.3992032185196876,0.0,0.0,,,3000.0,7000
warmstart,3.76,0.6761680869820746,1.5230282817277845,0.3948328476026654,0.0,0.0,,,3200.0,7000
warmstart,3.99,0.6802821040258595,1.5136347782461217,0.4360339041799307,0.0,0.0,,,3400.0,7000
warmstart,4.23,0.675580370261534,1.5767624197271055,0.2403472504951059,0.0,0.0,,,3600.0,7000
warmstart,4.46,0.6711724948574787,1.6040325174078045,0.2469942510686814,0.0,0.0,,,3800.0,7000
warmstart,4.69,0.6791066705847781,1.5913788619687408,0.2520139626599848,0.0,0.0,,,4000.0,7000
warmstart,4.93,0.6749926535409932,1.5987016451453375,0.272666087988764,0.0,0.0,,,4200.0,7000
warmstart,5.16,0.6779312371436967,1.6301450687683647,0.1656603052886203,0.0,0.0,,,4400.0,7000
warmstart,5.4,0.6735233617396414,1.6834443019237233,0.1434607350174337,0.0,0.0,,,4600.0,7000
warmstart,5.63,0.6714663532177491,1.6673625410741617,0.1570117486827075,0.0,0.0,,,4800.0,7000
warmstart,5.87,0.6714663532177491,1.6773710219502065,0.1621602490730583,0.0,0.0,,,5000.0,7000
warmstart,final,0.6843961210696444,,,,,0.6658830443726124,1.547586752646396,2800.0,7000
warmstart,0.23,0.6300323244196298,1.5824297106059342,1.7993924593925477,0.1427772519737482,0.0735,,,200.0,8000
warmstart,0.47,0.6482515427563914,1.5265977005379852,1.5928569296002388,0.1294603031314909,0.0752,,,400.0,8000
warmstart,0.7,0.6561857184836909,1.4540700343577888,1.5829212746024133,0.1272420950792729,0.0744,,,600.0,8000
warmstart,0.94,0.6629444607699089,1.4107061571981008,1.5628190660476684,0.1268120600283145,0.0751,,,800.0,8000
warmstart,1.17,0.664707610931531,1.430643414806486,1.1682670943439006,0.0980773441027849,0.0774,,,1000.0,8000
warmstart,1.41,0.664707610931531,1.433561312322087,0.999552920013666,0.0843037768825888,0.0778,,,1200.0,8000
warmstart,1.64,0.6676461945342345,1.4337342110515303,1.0280847623944285,0.0875819477811455,0.0785,,,1400.0,8000
warmstart,1.88,0.6702909197766677,1.4203934099896318,0.9961531920731068,0.0838480268977582,0.0776,,,1600.0,8000
warmstart,2.11,0.6655891860123421,1.47796665112341,0.8290245160419727,0.0712412576004862,0.0791,,,1800.0,8000
warmstart,2.35,0.6670584778136938,1.4860763597796671,0.6333508089929819,0.0540423170942813,0.0786,,,2000.0,8000
warmstart,2.58,0.6749926535409932,1.487904803773217,0.6480652906745672,0.056136350557208,0.0797,,,2200.0,8000
warmstart,2.82,0.6758742286218042,1.5013868589104185,0.6371697741001845,0.0561224542185664,0.081,,,2400.0,8000
warmstart,3.05,0.6685277696150456,1.556170926421942,0.6231211695075035,0.030059447158128,0.046,,,2600.0,8000
warmstart,3.29,0.669703203056127,1.5638476775528367,0.4043850046768784,0.0,0.0,,,2800.0,8000
warmstart,3.52,0.6667646194534235,1.563157093584485,0.3925619693472981,0.0,0.0,,,3000.0,8000
warmstart,3.76,0.6670584778136938,1.555677867972637,0.4019116824679076,0.0,0.0,,,3200.0,8000
warmstart,3.99,0.6670584778136938,1.5636884080218176,0.4354705973342061,0.0,0.0,,,3400.0,8000
warmstart,4.23,0.6617690273288275,1.6210109777671955,0.3001856737397611,0.0,0.0,,,3600.0,8000
warmstart,4.46,0.6688216279753159,1.6175137064998513,0.2422488100640475,0.0,0.0,,,3800.0,8000
warmstart,4.69,0.6714663532177491,1.634144778115729,0.2428611646592617,0.0,0.0,,,4000.0,8000
warmstart,4.93,0.6679400528945049,1.63409573195298,0.2674539937078953,0.0,0.0,,,4200.0,8000
warmstart,5.16,0.6688216279753159,1.703615815997509,0.2140356830041855,0.0,0.0,,,4400.0,8000
warmstart,5.4,0.6741110784601821,1.7041125368308292,0.1522971519641578,0.0,0.0,,,4600.0,8000
warmstart,5.63,0.6655891860123421,1.7226566740810048,0.1572366422880441,0.0,0.0,,,4800.0,8000
warmstart,5.87,0.6691154863355863,1.703312191548433,0.1605454027280211,0.0,0.0,,,5000.0,8000
warmstart,final,0.6758742286218042,,,,,0.6764619453423449,1.4920338395585602,2400.0,8000
zero-shot,0,,,,,,0.5036732295033793,2.6061954632808697,,9000
1.0,0.23,0.6397296503085512,1.54868108445744,1.8470553612709049,0.1472127034328877,0.0738,,,200.0,9000
1.0,0.47,0.664707610931531,1.460156403041888,1.6517781761288644,0.131279345434159,0.0736,,,400.0,9000
1.0,0.7,0.6685277696150456,1.4176216373855564,1.533035008609295,0.1255371770448982,0.0757,,,600.0,9000
1.0,0.94,0.6761680869820746,1.376938062207404,1.5550181658565998,0.1266175384446978,0.0753,,,800.0,9000
1.0,1.17,0.6873347046723479,1.4063776952884774,1.1496696922183036,0.0968883980251848,0.0777,,,1000.0,9000
1.0,1.41,0.6791066705847781,1.4101316872464185,0.9670501528680324,0.0828774915635585,0.0789,,,1200.0,9000
1.0,1.64,0.6791066705847781,1.4010204970398756,1.0384907138347623,0.0866612942330539,0.077,,,1400.0,9000
1.0,1.88,0.677343520423156,1.4008648121248368,1.0027711346745491,0.0841213032416999,0.0774,,,1600.0,9000
1.0,2.11,0.6749926535409932,1.4475964289744252,0.8880328238010406,0.0770357216708362,0.0798,,,1800.0,9000
1.0,2.35,0.6764619453423449,1.463182110979807,0.6420842242240906,0.0551944807358086,0.0792,,,2000.0,9000
1.0,2.58,0.6817513958272113,1.4580394073055312,0.6395782024413347,0.0549313566088676,0.0791,,,2200.0,9000
1.0,2.82,0.6758742286218042,1.4788935940790415,0.6278889693319798,0.0547981080785393,0.0803,,,2400.0,9000
1.0,3.05,0.6826329709080223,1.5065953282443978,0.5825992019101967,0.0510730760265141,0.0806,,,2600.0,9000
1.0,3.29,0.6829268292682927,1.5137419972810682,0.3786690364032983,0.0323990993481129,0.0788,,,2800.0,9000
1.0,3.52,0.6735233617396414,1.5334328034678664,0.4057880705595016,0.0349117112345993,0.0792,,,3000.0,9000
1.0,3.76,0.6817513958272113,1.5519162889371856,0.4012485660240054,0.0359069308172911,0.0821,,,3200.0,9000
1.0,3.99,0.6711724948574787,1.5594543886647096,0.4213604932278394,0.0368877617362886,0.0805,,,3400.0,9000
1.0,4.23,0.6749926535409932,1.5782873325056446,0.225756110825805,0.0191108258534222,0.078,,,3600.0,9000
1.0,4.46,0.6767558037026153,1.578423341967728,0.2447746122255921,0.0218099631089717,0.0818,,,3800.0,9000
1.0,4.69,0.677343520423156,1.6162361985369706,0.2615501221269369,0.0232907534670084,0.0818,,,4000.0,9000
1.0,4.93,0.6732295033793712,1.5910727626395302,0.2724973360076547,0.0246311429515481,0.0829,,,4200.0,9000
1.0,5.16,0.6726417866588305,1.6341577079973604,0.175957502182573,0.0152513939514756,0.0798,,,4400.0,9000
1.0,5.4,0.6752865119012635,1.6226854219599187,0.1441413110820576,0.011929397219792,0.0764,,,4600.0,9000
1.0,5.63,0.6770496620628856,1.6738260150341089,0.1497942107729613,0.0126088450849056,0.0776,,,4800.0,9000
1.0,5.87,0.6785189538642374,1.6376768962936894,0.1551287727057934,0.0134579765517264,0.0798,,,5000.0,9000
1.0,6.1,0.677343520423156,1.7128663968241218,0.1757553402427584,0.0155332860723137,0.0812,,,5200.0,9000
1.0,6.34,0.6788128122245077,1.7085997048210404,0.1013774505257606,0.0081394884642213,0.0743,,,5400.0,9000
1.0,6.57,0.6770496620628856,1.7268494156539842,0.0878392525948584,0.0071030450984835,0.0748,,,5600.0,9000
1.0,6.81,0.6682339112547752,1.7432796307742298,0.1005351243447512,0.0080552545189857,0.0742,,,5800.0,9000
1.0,7.04,0.6729356450191007,1.7362085572768755,0.090249860053882,0.0073024468775838,0.0749,,,6000.0,9000
1.0,final,0.6873347046723479,,,,,0.6679400528945049,1.4765413989311031,1000.0,9000
0.0,0.23,0.6444313840728769,1.542933199779097,1.855532712042332,0.0,0.0,,,200.0,9000
0.0,0.47,0.6629444607699089,1.4610702319247493,1.6046297883987426,0.0,0.0,,,400.0,9000
0.0,0.7,0.6632383191301793,1.4298103739855887,1.6069837394356727,0.0,0.0,,,600.0,9000
0.0,0.94,0.6735233617396414,1.365202909387493,1.5245916110277176,0.0,0.0,,,800.0,9000
0.0,1.17,0.6758742286218042,1.4187552087488435,1.0856321999430656,0.0,0.0,,,1000.0,9000
0.0,1.41,0.678225095503967,1.4190527707241998,1.012031090259552,0.0,0.0,,,1200.0,9000
0.0,1.64,0.682339112547752,1.3807083395625297,1.0110797943174838,0.0,0.0,,,1400.0,9000
0.0,1.88,0.6864531295915369,1.3984121143765356,0.9983600287884474,0.0,0.0,,,1600.0,9000
0.0,2.11,0.67234792829856,1.4562062390439832,0.8201315741450526,0.0,0.0,,,1800.0,9000
0.0,2.35,0.6746987951807228,1.4799476684348358,0.6229483727365732,0.0,0.0,,,2000.0,9000
0.0,2.58,0.6791066705847781,1.4873967412076483,0.6228878344595432,0.0,0.0,,,2200.0,9000
0.0,2.82,0.6788128122245077,1.47897888778274,0.6314040616899729,0.0,0.0,,,2400.0,9000
0.0,3.05,0.6820452541874816,1.4707309415751684,0.5868075737357139,0.0,0.0,,,2600.0,9000
0.0,3.29,0.6802821040258595,1.5096577387363324,0.3677698407694697,0.0,0.0,,,2800.0,9000
0.0,3.52,0.6799882456655891,1.5427074223590391,0.3834930964931846,0.0,0.0,,,3000.0,9000
0.0,3.76,0.675580370261534,1.5570828708311828,0.3826214303076267,0.0,0.0,,,3200.0,9000
0.0,3.99,0.6767558037026153,1.5710645454475678,0.4149545856192708,0.0,0.0,,,3400.0,9000
0.0,4.23,0.6752865119012635,1.6138722775720198,0.2233619195924984,0.0,0.0,,,3600.0,9000
0.0,4.46,0.6852776961504555,1.6190454882801963,0.2234707861021161,0.0,0.0,,,3800.0,9000
0.0,4.69,0.6767558037026153,1.6320101030076772,0.2426647645235061,0.0,0.0,,,4000.0,9000
0.0,4.93,0.6811636791066706,1.6247035466745394,0.2489743007160723,0.0,0.0,,,4200.0,9000
0.0,5.16,0.6732295033793712,1.6753989436365109,0.1647519673779607,0.0,0.0,,,4400.0,9000
0.0,5.4,0.6799882456655891,1.6720500715753452,0.1299259801395237,0.0,0.0,,,4600.0,9000
0.0,5.63,0.6752865119012635,1.701334415692776,0.1391749757062644,0.0,0.0,,,4800.0,9000
0.0,5.87,0.6814575374669409,1.696696894539478,0.1409420026279985,0.0,0.0,,,5000.0,9000
0.0,6.1,0.6826329709080223,1.6952915168179858,0.1190655370801687,0.0,0.0,,,5200.0,9000
0.0,6.34,0.6802821040258595,1.7292000016078786,0.0812471184693277,0.0,0.0,,,5400.0,9000
0.0,6.57,0.6770496620628856,1.756360199778633,0.0889391735335812,0.0,0.0,,,5600.0,9000
zero-shot,0,,,,,,0.5036732295033793,2.6061954632808697,,9000
0.0,0.23,0.6444313840728769,1.542933199779097,1.855532712042332,0.0,0.0,,,200.0,9000
0.0,0.47,0.6629444607699089,1.4610702319247493,1.6046297883987426,0.0,0.0,,,400.0,9000
0.0,0.7,0.6632383191301793,1.4298103739855887,1.6069837394356727,0.0,0.0,,,600.0,9000
0.0,0.94,0.6735233617396414,1.365202909387493,1.5245916110277176,0.0,0.0,,,800.0,9000
0.0,1.17,0.6758742286218042,1.4187552087488435,1.0856321999430656,0.0,0.0,,,1000.0,9000
0.0,1.41,0.678225095503967,1.4190527707241998,1.012031090259552,0.0,0.0,,,1200.0,9000
0.0,1.64,0.682339112547752,1.3807083395625297,1.0110797943174838,0.0,0.0,,,1400.0,9000
0.0,1.88,0.6864531295915369,1.3984121143765356,0.9983600287884474,0.0,0.0,,,1600.0,9000
0.0,2.11,0.67234792829856,1.4562062390439832,0.8201315741450526,0.0,0.0,,,1800.0,9000
0.0,2.35,0.6746987951807228,1.4799476684348358,0.6229483727365732,0.0,0.0,,,2000.0,9000
0.0,2.58,0.6791066705847781,1.4873967412076483,0.6228878344595432,0.0,0.0,,,2200.0,9000
0.0,2.82,0.6788128122245077,1.47897888778274,0.6314040616899729,0.0,0.0,,,2400.0,9000
0.0,3.05,0.6820452541874816,1.4707309415751684,0.5868075737357139,0.0,0.0,,,2600.0,9000
0.0,3.29,0.6802821040258595,1.5096577387363324,0.3677698407694697,0.0,0.0,,,2800.0,9000
0.0,3.52,0.6799882456655891,1.5427074223590391,0.3834930964931846,0.0,0.0,,,3000.0,9000
0.0,3.76,0.675580370261534,1.5570828708311828,0.3826214303076267,0.0,0.0,,,3200.0,9000
0.0,3.99,0.6767558037026153,1.5710645454475678,0.4149545856192708,0.0,0.0,,,3400.0,9000
0.0,4.23,0.6752865119012635,1.6138722775720198,0.2233619195924984,0.0,0.0,,,3600.0,9000
0.0,4.46,0.6852776961504555,1.6190454882801963,0.2234707861021161,0.0,0.0,,,3800.0,9000
0.0,4.69,0.6767558037026153,1.6320101030076772,0.2426647645235061,0.0,0.0,,,4000.0,9000
0.0,4.93,0.6811636791066706,1.6247035466745394,0.2489743007160723,0.0,0.0,,,4200.0,9000
0.0,5.16,0.6732295033793712,1.6753989436365109,0.1647519673779607,0.0,0.0,,,4400.0,9000
0.0,5.4,0.6799882456655891,1.6720500715753452,0.1299259801395237,0.0,0.0,,,4600.0,9000
0.0,5.63,0.6752865119012635,1.701334415692776,0.1391749757062644,0.0,0.0,,,4800.0,9000
0.0,5.87,0.6814575374669409,1.696696894539478,0.1409420026279985,0.0,0.0,,,5000.0,9000
0.0,6.1,0.6826329709080223,1.6952915168179858,0.1190655370801687,0.0,0.0,,,5200.0,9000
0.0,6.34,0.6802821040258595,1.7292000016078786,0.0812471184693277,0.0,0.0,,,5400.0,9000
0.0,6.57,0.6770496620628856,1.756360199778633,0.0889391735335812,0.0,0.0,,,5600.0,9000
0.0,6.81,0.6744049368204525,1.7466503538666422,0.0868803347274661,0.0,0.0,,,5800.0,9000
0.0,7.04,0.670584778136938,1.7702406267891413,0.0911927688913419,0.0,0.0,,,6000.0,9000
0.0,final,0.6864531295915369,,,,,0.6670584778136938,1.4634083585812,1600.0,9000
zero-shot,0,,,,,,0.516015280634734,2.5399226146062404,,10000
1.0,0.23,0.6232735821334117,1.6313698111370736,1.8953733044862744,0.1483365960791707,0.0726,,,200.0,10000
1.0,0.47,0.6441375257126065,1.5321377583051687,1.6221037530899047,0.1308089552819729,0.0746,,,400.0,10000
1.0,0.7,0.6397296503085512,1.5083237648220438,1.5636398708820345,0.1285118386521935,0.0759,,,600.0,10000
1.0,0.94,0.6447252424331472,1.479904658542883,1.4872684887051582,0.121743059400469,0.0757,,,800.0,10000
1.0,1.17,0.6561857184836909,1.4919963874012592,1.131899801939726,0.0950996911153197,0.0775,,,1000.0,10000
1.0,1.41,0.652071701439906,1.4966891357697636,1.0255549523234366,0.0870363108254969,0.0782,,,1200.0,10000
1.0,1.64,0.6564795768439612,1.4779011807019942,0.9988771997392176,0.0851992173679173,0.0786,,,1400.0,10000
1.0,1.88,0.6635321774904496,1.4655903685698957,1.0029377552866936,0.085637675486505,0.0787,,,1600.0,10000
1.0,2.11,0.6650014692918014,1.5258848105603515,0.8168857394345105,0.0711811640113592,0.0802,,,1800.0,10000
1.0,2.35,0.6626506024096386,1.5363069850138065,0.6592903079837561,0.057544692158699,0.0803,,,2000.0,10000
1.0,2.58,0.6632383191301793,1.5426937592859795,0.6518072243779898,0.056112804505974,0.0793,,,2200.0,10000
1.0,2.82,0.6620628856890979,1.543924447055988,0.675808164998889,0.0575758669152855,0.0785,,,2400.0,10000
1.0,3.05,0.664707610931531,1.594165429451029,0.622714815326035,0.0546695436537265,0.0807,,,2600.0,10000
1.0,3.29,0.6591243020863944,1.610192413509435,0.4121310571953654,0.0356239018775522,0.0796,,,2800.0,10000
1.0,3.52,0.6617690273288275,1.64337436777334,0.4155331872217357,0.0358922750223428,0.0795,,,3000.0,10000
1.0,3.76,0.6558918601234205,1.6420781927672057,0.4061637926846743,0.0359560524765402,0.0813,,,3200.0,10000
1.0,3.99,0.66382603585072,1.635424497230523,0.4044872254505753,0.0364241412747651,0.0826,,,3400.0,10000
1.0,4.23,0.6576550102850426,1.6731692125893256,0.2606347898766398,0.0226098336093127,0.0798,,,3600.0,10000
1.0,4.46,0.6547164266823391,1.6882655219824356,0.2424973819311708,0.0217705691140145,0.0824,,,3800.0,10000
1.0,4.69,0.6550102850426095,1.7083338940455357,0.258832098133862,0.0223886765353381,0.0796,,,4000.0,10000
1.0,4.93,0.6605935938877461,1.72782943054679,0.2606647119857371,0.0232857107184827,0.082,,,4200.0,10000
1.0,5.16,0.658830443726124,1.7472640263694474,0.1732292345911264,0.0149902786593884,0.0796,,,4400.0,10000
1.0,5.4,0.6547164266823391,1.7859302175209657,0.1402074078656733,0.0116847698111087,0.0769,,,4600.0,10000
1.0,5.63,0.6570672935645019,1.7788906134894902,0.1521849502529949,0.012626054752618,0.0766,,,4800.0,10000
1.0,5.87,0.6620628856890979,1.8092606392041253,0.1523054989054799,0.0128594522643834,0.0779,,,5000.0,10000
1.0,6.1,0.6602997355274758,1.8357973503709155,0.1459944202308543,0.0120915730576962,0.0765,,,5200.0,10000
1.0,6.34,0.6570672935645019,1.852058644929494,0.0904446658166125,0.0072640729509294,0.0743,,,5400.0,10000
1.0,6.57,0.6547164266823391,1.8596395108057335,0.1018617385905236,0.0081812816765159,0.0743,,,5600.0,10000
1.0,6.81,0.6500146929180135,1.866841214354025,0.0930982197169214,0.0075934468209743,0.0754,,,5800.0,10000
1.0,7.04,0.6541287099617984,1.8593772501935688,0.0955074727099963,0.007967105815187,0.077,,,6000.0,10000
1.0,final,0.6650014692918014,,,,,0.6714663532177491,1.4633277138646406,1800.0,10000
0.0,0.23,0.6153394064061123,1.6259092443170808,1.8654566434025768,0.0,0.0,,,200.0,10000
0.0,0.47,0.6341463414634146,1.552270714514332,1.600351105928421,0.0,0.0,,,400.0,10000
0.0,0.7,0.6444313840728769,1.5133265358120285,1.545658141374588,0.0,0.0,,,600.0,10000
0.0,0.94,0.6476638260358507,1.473807100474817,1.502491654753685,0.0,0.0,,,800.0,10000
0.0,1.17,0.6523655598001763,1.4962231941234354,1.1224459448456765,0.0,0.0,,,1000.0,10000
0.0,1.41,0.6514839847193653,1.5028877366195172,0.9850910331308842,0.0,0.0,,,1200.0,10000
0.0,1.64,0.6600058771672054,1.483905666161032,1.022275403738022,0.0,0.0,,,1400.0,10000
0.0,1.88,0.6661769027328828,1.4589609570129107,1.0004679614305496,0.0,0.0,,,1600.0,10000
0.0,2.11,0.66382603585072,1.514004976056514,0.8163790372293442,0.0,0.0,,,1800.0,10000
0.0,2.35,0.6597120188069351,1.5167155415739273,0.6138337891548872,0.0,0.0,,,2000.0,10000
0.0,2.58,0.6658830443726124,1.5350690500336186,0.642069593295455,0.0,0.0,,,2200.0,10000
0.0,2.82,0.66382603585072,1.5380049898734416,0.6480900083854795,0.0,0.0,,,2400.0,10000
0.0,3.05,0.6614751689685572,1.6091140553841268,0.6051185915619135,0.0,0.0,,,2600.0,10000
0.0,3.29,0.664707610931531,1.608165785525779,0.3671205434203148,0.0,0.0,,,2800.0,10000
0.0,3.52,0.6567734352042316,1.6174419280048542,0.3871980425342917,0.0,0.0,,,3000.0,10000
0.0,3.76,0.6608874522480165,1.608010396024181,0.3965199158340692,0.0,0.0,,,3200.0,10000
0.0,3.99,0.6620628856890979,1.6216129635209169,0.4138250757008791,0.0,0.0,,,3400.0,10000
0.0,4.23,0.6570672935645019,1.6693980020528116,0.2256471909349784,0.0,0.0,,,3600.0,10000
0.0,4.46,0.6635321774904496,1.7121549330842238,0.2273278010915964,0.0,0.0,,,3800.0,10000
0.0,4.69,0.6611813106082868,1.7147201927766849,0.2352124097384512,0.0,0.0,,,4000.0,10000
0.0,4.93,0.66382603585072,1.713820746216114,0.255344497282058,0.0,0.0,,,4200.0,10000
0.0,5.16,0.66382603585072,1.747896684992149,0.1757461769611109,0.0,0.0,,,4400.0,10000
0.0,5.4,0.6623567440493682,1.7732638382330173,0.1197639264166355,0.0,0.0,,,4600.0,10000
0.0,5.63,0.6641198942109903,1.7787083848027878,0.1413396691158414,0.0,0.0,,,4800.0,10000
0.0,5.87,0.6629444607699089,1.7791155906344316,0.1427913931384682,0.0,0.0,,,5000.0,10000
0.0,6.1,0.6661769027328828,1.8026335205080368,0.1298444471601396,0.0,0.0,,,5200.0,10000
0.0,6.34,0.6602997355274758,1.831831769525672,0.0831514581805095,0.0,0.0,,,5400.0,10000
0.0,6.57,0.6641198942109903,1.8161294427367825,0.086272550271824,0.0,0.0,,,5600.0,10000
0.0,6.81,0.6614751689685572,1.848047660863508,0.100231098360382,0.0,0.0,,,5800.0,10000
0.0,7.04,0.6600058771672054,1.86199941685576,0.0912581007619519,0.0,0.0,,,6000.0,10000
0.0,final,0.6661769027328828,,,,,0.6838084043491037,1.3947560721343313,1600.0,10000
zero-shot,0,,,,,,0.5063179547458125,2.5864691411331404,,11000
1.0,0.23,0.6350279165442256,1.5636310488765044,1.8401050087809565,0.144262555539608,0.0727,,,200.0,11000
1.0,0.47,0.6485454011166618,1.491372475930953,1.6091592064499856,0.1316465423256158,0.0756,,,400.0,11000
1.0,0.7,0.6600058771672054,1.433743903295734,1.5285952338576316,0.1248717786371707,0.0755,,,600.0,11000
1.0,0.94,0.6617690273288275,1.4240495760301404,1.543903692960739,0.1246806997805833,0.0747,,,800.0,11000
1.0,1.17,0.6694093446958566,1.4258078294328616,1.147255783821456,0.0957134284265339,0.077,,,1000.0,11000
1.0,1.41,0.6650014692918014,1.4565472593035658,1.0229043829441071,0.0879996892996132,0.0792,,,1200.0,11000
1.0,1.64,0.6714663532177491,1.4383692370069192,1.0122746446728703,0.0852719883527606,0.0777,,,1400.0,11000
1.0,1.88,0.6744049368204525,1.4383056957932594,1.0206073297560214,0.086469615586102,0.0781,,,1600.0,11000
1.0,2.11,0.67234792829856,1.478010253874022,0.8362033386051189,0.0715305848512798,0.0788,,,1800.0,11000
1.0,2.35,0.6732295033793712,1.4890898961793877,0.6393088981509208,0.055639995727688,0.0801,,,2000.0,11000
1.0,2.58,0.6741110784601821,1.490954423945615,0.6542125450074673,0.0554838338308036,0.0782,,,2200.0,11000
1.0,2.82,0.6758742286218042,1.4681799827587454,0.6397928264737129,0.0553127398807555,0.0796,,,2400.0,11000
1.0,3.05,0.6785189538642374,1.5218639096336577,0.594406970217824,0.0513159155007451,0.0795,,,2600.0,11000
1.0,3.29,0.6688216279753159,1.5628657934422567,0.3954452867805957,0.0341597213130444,0.0795,,,2800.0,11000
1.0,3.52,0.6749926535409932,1.560122929073382,0.4110859883204102,0.035670413756743,0.0798,,,3000.0,11000
1.0,3.76,0.6661769027328828,1.5692339628680887,0.4134456983581185,0.035645304210484,0.0794,,,3200.0,11000
1.0,3.99,0.6682339112547752,1.566655193186493,0.4196898912638426,0.0364874650910496,0.08,,,3400.0,11000
1.0,4.23,0.6676461945342345,1.6173888633715696,0.2325737729854881,0.0198887996189296,0.0788,,,3600.0,11000
1.0,4.46,0.6658830443726124,1.644916498272201,0.2435725101269781,0.0210074753966182,0.0794,,,3800.0,11000
1.0,4.69,0.6691154863355863,1.6203843457118017,0.2567662655748426,0.0224718274362385,0.0805,,,4000.0,11000
1.0,4.93,0.6670584778136938,1.6692002716395142,0.2638171182759106,0.0233569692261517,0.0813,,,4200.0,11000
1.0,5.16,0.6611813106082868,1.6932211684508076,0.1954226831905544,0.0170496711879968,0.0802,,,4400.0,11000
1.0,5.4,0.6711724948574787,1.6884360997914356,0.1406842910731211,0.0121418251376599,0.0794,,,4600.0,11000
1.0,5.63,0.6708786364972084,1.717659712678504,0.1403062675520777,0.0116406273469328,0.0766,,,4800.0,11000
1.0,5.87,0.6641198942109903,1.733294507667593,0.1682536784186959,0.0145850547589361,0.0798,,,5000.0,11000
1.0,6.1,0.669703203056127,1.725289807052007,0.1373611477250233,0.0110768928751349,0.0746,,,5200.0,11000
1.0,6.34,0.6746987951807228,1.7434448619257377,0.0872511695604771,0.0068230640701949,0.0725,,,5400.0,11000
1.0,6.57,0.6688216279753159,1.7489466379923992,0.0963270778488367,0.0075561453588306,0.0727,,,5600.0,11000
1.0,6.81,0.6708786364972084,1.7808729648029598,0.0972398711368441,0.0076297474745661,0.0728,,,5800.0,11000
1.0,7.04,0.67234792829856,1.7869925554310824,0.0975166456784245,0.0082634681928902,0.0781,,,6000.0,11000
1.0,final,0.6785189538642374,,,,,0.67234792829856,1.5049699482639642,2600.0,11000
0.0,0.23,0.6326770496620628,1.58266151088005,1.8483395144343373,0.0,0.0,,,200.0,11000
0.0,0.47,0.652071701439906,1.4698105050716683,1.652276563346386,0.0,0.0,,,400.0,11000
0.0,0.7,0.6508962679988246,1.459903825180621,1.5234492060542106,0.0,0.0,,,600.0,11000
0.0,0.94,0.6644137525712607,1.4167461150049148,1.530478952229023,0.0,0.0,,,800.0,11000
0.0,1.17,0.6623567440493682,1.4670246786276733,1.080613575130701,0.0,0.0,,,1000.0,11000
0.0,1.41,0.6629444607699089,1.447153584837318,0.9845703649520874,0.0,0.0,,,1200.0,11000
0.0,1.64,0.6699970614163973,1.4391645710152317,1.0120357596874237,0.0,0.0,,,1400.0,11000
0.0,1.88,0.6752865119012635,1.408046376414415,1.0277829253673554,0.0,0.0,,,1600.0,11000
0.0,2.11,0.6720540699382898,1.4567143599005472,0.8269387221336365,0.0,0.0,,,1800.0,11000
0.0,2.35,0.6735233617396414,1.51129991693634,0.5998639805614948,0.0,0.0,,,2000.0,11000
0.0,2.58,0.67234792829856,1.5007340332847323,0.6579458355903626,0.0,0.0,,,2200.0,11000
0.0,2.82,0.6667646194534235,1.5041082380030248,0.6339077098667621,0.0,0.0,,,2400.0,11000
0.0,3.05,0.6614751689685572,1.5456326084209826,0.5870563831366599,0.0,0.0,,,2600.0,11000
0.0,3.29,0.6667646194534235,1.5877770437340928,0.3691367646306753,0.0,0.0,,,2800.0,11000
0.0,3.52,0.67234792829856,1.5696858369775144,0.3769448928162455,0.0,0.0,,,3000.0,11000
0.0,3.76,0.6664707610931531,1.5715050722548725,0.4047107908129692,0.0,0.0,,,3200.0,11000
0.0,3.99,0.6661769027328828,1.6163602356626257,0.4242042352259159,0.0,0.0,,,3400.0,11000
0.0,4.23,0.6673523361739642,1.6229949970648914,0.2199131394736468,0.0,0.0,,,3600.0,11000
0.0,4.46,0.6688216279753159,1.62479427265063,0.237278335057199,0.0,0.0,,,3800.0,11000
0.0,4.69,0.6708786364972084,1.6455637767950366,0.2387187718600034,0.0,0.0,,,4000.0,11000
0.0,4.93,0.670584778136938,1.6543103099534906,0.2524556437879801,0.0,0.0,,,4200.0,11000
0.0,5.16,0.6635321774904496,1.7014790695973996,0.1570668467669747,0.0,0.0,,,4400.0,11000
0.0,5.4,0.6699970614163973,1.6964060538592074,0.1366730052884668,0.0,0.0,,,4600.0,11000
0.0,5.63,0.6676461945342345,1.699386885892704,0.1380713612213731,0.0,0.0,,,4800.0,11000
0.0,5.87,0.6652953276520717,1.71712901492067,0.1479944894090294,0.0,0.0,,,5000.0,11000
0.0,6.1,0.6664707610931531,1.7315269246579197,0.1187669859789639,0.0,0.0,,,5200.0,11000
0.0,6.34,0.6735233617396414,1.745630581309576,0.0821809434099122,0.0,0.0,,,5400.0,11000
0.0,6.57,0.6667646194534235,1.7724794349423794,0.0885319946147501,0.0,0.0,,,5600.0,11000
0.0,6.81,0.6658830443726124,1.7856712929823453,0.0960283743869513,0.0,0.0,,,5800.0,11000
0.0,7.04,0.6664707610931531,1.7988914183718367,0.0923355383845046,0.0,0.0,,,6000.0,11000
0.0,final,0.6752865119012635,,,,,0.6735233617396414,1.39710047470623,1600.0,11000
zero-shot,0,,,,,,0.5083749632677049,2.5976216051111214,,12000
1.0,0.23,0.6388480752277402,1.560798999669795,1.8562673807144163,0.1476905184984207,0.0737,,,200.0,12000
1.0,0.47,0.657948868645313,1.4664778589256504,1.659497164487839,0.1322575463727116,0.0738,,,400.0,12000
1.0,0.7,0.6650014692918014,1.4412679876119572,1.5424717715382577,0.1247885025292634,0.0748,,,600.0,12000
1.0,0.94,0.6658830443726124,1.4033859907582409,1.5174147778749465,0.1247092924267053,0.0759,,,800.0,12000
1.0,1.17,0.6626506024096386,1.4318240043033126,1.1288219887018205,0.0949259549658745,0.0776,,,1000.0,12000
1.0,1.41,0.6720540699382898,1.4206783896399149,0.998849643021822,0.085905562788248,0.0792,,,1200.0,12000
1.0,1.64,0.678225095503967,1.3904840982804536,1.0114408133924009,0.0846968226134777,0.0773,,,1400.0,12000
1.0,1.88,0.6870408463120776,1.364787774036255,1.0358013259619474,0.0870955363754183,0.0776,,,1600.0,12000
1.0,2.11,0.6749926535409932,1.4107945335461327,0.8314202414453029,0.0707125744130462,0.0784,,,1800.0,12000
1.0,2.35,0.6767558037026153,1.4484346763127136,0.6343581468611955,0.0548029718361794,0.0795,,,2000.0,12000
1.0,2.58,0.6805759623861299,1.4598367254488125,0.6542154157906771,0.056450258642435,0.0794,,,2200.0,12000
1.0,2.82,0.6796943873053188,1.455140751931305,0.6786812256276608,0.0590186519175767,0.08,,,2400.0,12000
1.0,3.05,0.6794005289450484,1.5006321793684283,0.6123894166201354,0.0530083462130278,0.0797,,,2600.0,12000
1.0,3.29,0.677343520423156,1.508134124281124,0.3908109841868281,0.0345961969997733,0.0813,,,2800.0,12000
1.0,3.52,0.6752865119012635,1.518885847648522,0.414466886036098,0.035968460952863,0.0799,,,3000.0,12000
1.0,3.76,0.6785189538642374,1.5270843138738202,0.4119066732376814,0.0370062411762774,0.0824,,,3200.0,12000
1.0,3.99,0.6796943873053188,1.5233179227485398,0.4284339127130806,0.0374783414602279,0.0804,,,3400.0,12000
1.0,4.23,0.678225095503967,1.5756326145611543,0.2396423411368596,0.021278841458261,0.0816,,,3600.0,12000
1.0,4.46,0.6758742286218042,1.5779538412427607,0.2419764207862317,0.0207702559698373,0.0791,,,3800.0,12000
1.0,4.69,0.6770496620628856,1.594374967766901,0.2488508647121489,0.0213966467883437,0.0792,,,4000.0,12000
1.0,4.93,0.6738172200999119,1.6293089628710034,0.2702198976837098,0.024313046419993,0.0825,,,4200.0,12000
1.0,5.16,0.6817513958272113,1.6472909511134024,0.1739798060152679,0.0146578235179185,0.0777,,,4400.0,12000
1.0,5.4,0.6817513958272113,1.640165588346398,0.1428129315562546,0.0117487243656069,0.076,,,4600.0,12000
1.0,5.63,0.6805759623861299,1.6541230612350428,0.1557274381164461,0.0130541050620377,0.0773,,,4800.0,12000
1.0,5.87,0.6726417866588305,1.666100283650626,0.1660116414353251,0.0138645636197179,0.0771,,,5000.0,12000
1.0,6.1,0.6749926535409932,1.6697817465119105,0.1217935205623507,0.0102560377400368,0.0777,,,5200.0,12000
1.0,6.34,0.6702909197766677,1.6958799565885825,0.0980754577042535,0.0078782459162175,0.0744,,,5400.0,12000
1.0,6.57,0.6729356450191007,1.7152331408913473,0.1029623852390795,0.0081792878266423,0.0736,,,5600.0,12000
1.0,6.81,0.6758742286218042,1.7257384576063244,0.1045203068805858,0.0083853641059249,0.0743,,,5800.0,12000
1.0,7.04,0.6744049368204525,1.741129899003945,0.0930824275361374,0.0074600110203027,0.0742,,,6000.0,12000
1.0,final,0.6870408463120776,,,,,0.6788128122245077,1.4234153230576314,1600.0,12000
0.0,0.23,0.6332647663826035,1.5686483796540338,1.8859541419148445,0.0,0.0,,,200.0,12000
0.0,0.47,0.6600058771672054,1.4781799374206817,1.619615004062653,0.0,0.0,,,400.0,12000
0.0,0.7,0.6635321774904496,1.4292850062456897,1.5400482466816905,0.0,0.0,,,600.0,12000
0.0,0.94,0.6667646194534235,1.4035041571504188,1.5334847456216811,0.0,0.0,,,800.0,12000
0.0,1.17,0.6685277696150456,1.447572922272224,1.1369026696681976,0.0,0.0,,,1000.0,12000
0.0,1.41,0.6767558037026153,1.4202950264368552,0.9718430231511592,0.0,0.0,,,1200.0,12000
0.0,1.64,0.6808698207464002,1.4149068209167233,0.9922847647964954,0.0,0.0,,,1400.0,12000
0.0,1.88,0.682339112547752,1.3829431337291551,1.0001874920725822,0.0,0.0,,,1600.0,12000
0.0,2.11,0.6764619453423449,1.448458174134646,0.900211443528533,0.0,0.0,,,1800.0,12000
0.0,2.35,0.6802821040258595,1.4461525185928603,0.6198315099999309,0.0,0.0,,,2000.0,12000
0.0,2.58,0.682339112547752,1.4726118267090431,0.6271352890133858,0.0,0.0,,,2200.0,12000
0.0,2.82,0.6799882456655891,1.4594585881526072,0.6455852580070496,0.0,0.0,,,2400.0,12000
0.0,3.05,0.6746987951807228,1.586399714297979,0.5981414327025414,0.0,0.0,,,2600.0,12000
0.0,3.29,0.6764619453423449,1.5246319530677908,0.3917726399376988,0.0,0.0,,,2800.0,12000
0.0,3.52,0.6814575374669409,1.51338407154683,0.3961036857590079,0.0,0.0,,,3000.0,12000
0.0,3.76,0.682339112547752,1.542091421526809,0.402308278363198,0.0,0.0,,,3200.0,12000
0.0,3.99,0.6788128122245077,1.5302536062657606,0.4115491959452629,0.0,0.0,,,3400.0,12000
0.0,4.23,0.6799882456655891,1.5641944801110297,0.2293526804959401,0.0,0.0,,,3600.0,12000
0.0,4.46,0.6770496620628856,1.595976670437128,0.2328215808980167,0.0,0.0,,,3800.0,12000
0.0,4.69,0.6729356450191007,1.6173421138530264,0.2333865997008979,0.0,0.0,,,4000.0,12000
0.0,4.93,0.6791066705847781,1.6050129720753443,0.2399260184727609,0.0,0.0,,,4200.0,12000
0.0,5.16,0.6805759623861299,1.6132144657016465,0.1708872792683541,0.0,0.0,,,4400.0,12000
0.0,5.4,0.6808698207464002,1.6323181596567375,0.1450052794534713,0.0,0.0,,,4600.0,12000
0.0,5.63,0.6738172200999119,1.6561020049774189,0.1438344008661806,0.0,0.0,,,4800.0,12000
0.0,5.87,0.6744049368204525,1.6878481620800625,0.1456414980068802,0.0,0.0,,,5000.0,12000
0.0,6.1,0.6788128122245077,1.6879686790110957,0.1219866793585242,0.0,0.0,,,5200.0,12000
0.0,6.34,0.6770496620628856,1.6925887323602873,0.0836058642249554,0.0,0.0,,,5400.0,12000
0.0,6.57,0.669703203056127,1.6887422802516232,0.0932090370357036,0.0,0.0,,,5600.0,12000
0.0,6.81,0.6741110784601821,1.7410418943836168,0.0921442335471511,0.0,0.0,,,5800.0,12000
0.0,7.04,0.6811636791066706,1.713160527460091,0.0881334567614249,0.0,0.0,,,6000.0,12000
0.0,final,0.682339112547752,,,,,0.6802821040258595,1.425383482037521,1600.0,12000
zero-shot,0,,,,,,0.5077872465471642,2.574234894503925,,13000
1.0,0.23,0.6203349985307082,1.6083748443246484,1.893793005347252,0.1489780775830149,0.0729,,,200.0,13000
1.0,0.47,0.6367910667058477,1.5247638811618134,1.5432802841067317,0.1262348134443164,0.0756,,,400.0,13000
1.0,0.7,0.6526594181604467,1.475496363506715,1.5744437885284424,0.1275755843892693,0.075,,,600.0,13000
1.0,0.94,0.6570672935645019,1.4421302404187897,1.5352895194292069,0.1235956923663616,0.0745,,,800.0,13000
1.0,1.17,0.6547164266823391,1.4571793475222523,1.1260625746753066,0.0937587630748748,0.0769,,,1000.0,13000
1.0,1.41,0.6561857184836909,1.476021334244299,1.047262695580721,0.0875371210649609,0.0771,,,1200.0,13000
1.0,1.64,0.657948868645313,1.4438564229845263,1.0352290359139442,0.0867504367604851,0.0773,,,1400.0,13000
1.0,1.88,0.6582427270055833,1.4625091362517966,0.9867411103844642,0.0851554878801107,0.0794,,,1600.0,13000
1.0,2.11,0.6608874522480165,1.493758017162768,0.8249717702902853,0.0706578694935888,0.0789,,,1800.0,13000
1.0,2.35,0.6561857184836909,1.5123377690201747,0.6316067276149988,0.0549282309878617,0.08,,,2000.0,13000
1.0,2.58,0.657948868645313,1.483135762720503,0.6885696950554848,0.0587787679303437,0.0786,,,2200.0,13000
1.0,2.82,0.6629444607699089,1.5096464357479789,0.6306512928754091,0.0552328655403107,0.0805,,,2400.0,13000
1.0,3.05,0.6661769027328828,1.5335931254070785,0.6119996484741569,0.053272187244147,0.0801,,,2600.0,13000
1.0,3.29,0.6591243020863944,1.5762342604825752,0.405016309171915,0.035571622820571,0.0807,,,2800.0,13000
1.0,3.52,0.6655891860123421,1.6043332448749728,0.3996685920283198,0.0355642773769795,0.0817,,,3000.0,13000
1.0,3.76,0.6641198942109903,1.5729794374396442,0.4114302884414792,0.0367172534205019,0.0819,,,3200.0,13000
1.0,3.99,0.664707610931531,1.5684052859199002,0.4518543727695941,0.0390457259397953,0.0795,,,3400.0,13000
1.0,4.23,0.6573611519247723,1.629933114301237,0.2519181117415428,0.0223296886309981,0.0814,,,3600.0,13000
1.0,4.46,0.6570672935645019,1.6426230158625088,0.2548787348717451,0.0224031241983175,0.0808,,,3800.0,13000
1.0,4.69,0.6550102850426095,1.6653484880241127,0.2656157062202692,0.0231756813917309,0.0803,,,4000.0,13000
1.0,4.93,0.6652953276520717,1.6480768215225403,0.2626204451359808,0.0231911851931363,0.0811,,,4200.0,13000
1.0,5.16,0.6626506024096386,1.6733582994708796,0.1642345403082435,0.0138444706797599,0.0777,,,4400.0,13000
1.0,5.4,0.66382603585072,1.6759288765352125,0.1382486696448177,0.0112227123510092,0.0751,,,4600.0,13000
1.0,5.63,0.669703203056127,1.6830250778304736,0.1559715813305228,0.0135548472683876,0.08,,,4800.0,13000
1.0,5.87,0.6650014692918014,1.7212196979808556,0.1579185063391923,0.0136629987973719,0.0796,,,5000.0,13000
1.0,6.1,0.6652953276520717,1.7282447676220047,0.1244816297548823,0.0101666375342756,0.0755,,,5200.0,13000
1.0,6.34,0.6632383191301793,1.7599407506626632,0.0906207734253257,0.0068065967038273,0.0699,,,5400.0,13000
1.0,6.57,0.6641198942109903,1.7531655662171182,0.0957943064440041,0.0075032642204314,0.0726,,,5600.0,13000
1.0,6.81,0.6632383191301793,1.7653254769389992,0.1084478144021704,0.0088125800248235,0.0752,,,5800.0,13000
1.0,7.04,0.6673523361739642,1.7658690767991625,0.0963853829816207,0.008004161035642,0.0767,,,6000.0,13000
1.0,final,0.669703203056127,,,,,0.6597120188069351,1.6990292569030707,4800.0,13000
0.0,0.23,0.6179841316485454,1.6014717589607317,1.8546769255399704,0.0,0.0,,,200.0,13000
0.0,0.47,0.6373787834263884,1.5187122295647553,1.6072539719939232,0.0,0.0,,,400.0,13000
0.0,0.7,0.6488392594769321,1.486750285834941,1.544173155426979,0.0,0.0,,,600.0,13000
0.0,0.94,0.658830443726124,1.4338476320872613,1.5429959070682526,0.0,0.0,,,800.0,13000
0.0,1.17,0.6597120188069351,1.454638963617229,1.1880824773013592,0.0,0.0,,,1000.0,13000
0.0,1.41,0.6561857184836909,1.4653692457068503,1.0277609717845917,0.0,0.0,,,1200.0,13000
0.0,1.64,0.6585365853658537,1.4423753675067912,0.9780454529821871,0.0,0.0,,,1400.0,13000
0.0,1.88,0.6632383191301793,1.443823226577844,1.0316970905661582,0.0,0.0,,,1600.0,13000
0.0,2.11,0.6570672935645019,1.508504099646912,0.8010361750388983,0.0,0.0,,,1800.0,13000
0.0,2.35,0.6591243020863944,1.5083673687636976,0.6152364781498909,0.0,0.0,,,2000.0,13000
0.0,2.58,0.6597120188069351,1.498654577509992,0.6261622772365808,0.0,0.0,,,2200.0,13000
0.0,2.82,0.6635321774904496,1.5303249450560847,0.6596623947471381,0.0,0.0,,,2400.0,13000
0.0,3.05,0.6553041434028798,1.6028554932075565,0.5981425058841705,0.0,0.0,,,2600.0,13000
0.0,3.29,0.6558918601234205,1.594187442954414,0.4006658800318837,0.0,0.0,,,2800.0,13000
0.0,3.52,0.6652953276520717,1.5768308800317037,0.3855080766230822,0.0,0.0,,,3000.0,13000
0.0,3.76,0.6661769027328828,1.5924718816105912,0.4132966159656643,0.0,0.0,,,3200.0,13000
0.0,3.99,0.6629444607699089,1.5696435723275324,0.4171984881162643,0.0,0.0,,,3400.0,13000
0.0,4.23,0.6632383191301793,1.6341845927573355,0.2167140004970133,0.0,0.0,,,3600.0,13000
0.0,4.46,0.6550102850426095,1.6554440555942431,0.2291364585421979,0.0,0.0,,,3800.0,13000
0.0,4.69,0.6641198942109903,1.648055891762262,0.2567107780277729,0.0,0.0,,,4000.0,13000
0.0,4.93,0.6614751689685572,1.665663686914021,0.2571159817371517,0.0,0.0,,,4200.0,13000
0.0,5.16,0.6702909197766677,1.6867351217757525,0.1735357239935547,0.0,0.0,,,4400.0,13000
0.0,5.4,0.6667646194534235,1.6755983624218704,0.146023983862251,0.0,0.0,,,4600.0,13000
0.0,5.63,0.6655891860123421,1.709244762453443,0.1391792356874793,0.0,0.0,,,4800.0,13000
0.0,5.87,0.6600058771672054,1.7235379798462067,0.1421898655686527,0.0,0.0,,,5000.0,13000
0.0,6.1,0.6608874522480165,1.7220651772034157,0.1241316003445535,0.0,0.0,,,5200.0,13000
0.0,6.34,0.6611813106082868,1.7564584522992766,0.0903661248832941,0.0,0.0,,,5400.0,13000
0.0,6.57,0.6620628856890979,1.7748519730084509,0.0892032107757404,0.0,0.0,,,5600.0,13000
0.0,6.81,0.6655891860123421,1.7632433109832728,0.1085075023351237,0.0,0.0,,,5800.0,13000
0.0,7.04,0.6650014692918014,1.8094924992054937,0.0944925196189433,0.0,0.0,,,6000.0,13000
0.0,final,0.6702909197766677,,,,,0.6685277696150456,1.6847731414136906,4400.0,13000
zero-shot,0,,,,,,0.5107258301498677,2.596413800900661,,14000
1.0,0.23,0.6291507493388186,1.6102023531400629,1.8487698647379875,0.1463423584774136,0.0734,,,200.0,14000
1.0,0.47,0.6444313840728769,1.5360768716404658,1.5922965604066848,0.1291528394445777,0.075,,,400.0,14000
1.0,0.7,0.6506024096385542,1.477898900171886,1.6004333207011223,0.1306655785441398,0.0755,,,600.0,14000
1.0,0.94,0.6626506024096386,1.4372876880451262,1.5371697434782985,0.1250247339904308,0.0752,,,800.0,14000
1.0,1.17,0.6600058771672054,1.4705198268276645,1.1505507069826126,0.0971067586820572,0.0778,,,1000.0,14000
1.0,1.41,0.6538348516015281,1.4526282176528649,1.0521678571403026,0.08741728996858,0.0767,,,1200.0,14000
1.0,1.64,0.6553041434028798,1.4765815565314953,0.9979682548344136,0.0860575824230909,0.0794,,,1400.0,14000
1.0,1.88,0.669703203056127,1.450682696895392,1.0100654417276382,0.0860940184257924,0.0785,,,1600.0,14000
1.0,2.11,0.6641198942109903,1.5017487975803503,0.8241586926206946,0.0692426958866417,0.0775,,,1800.0,14000
1.0,2.35,0.6497208345577432,1.5478415598492394,0.6499666953831911,0.0553757012449204,0.0785,,,2000.0,14000
1.0,2.58,0.6635321774904496,1.5286265447705134,0.6609007935225963,0.0569888671394437,0.0794,,,2200.0,14000
1.0,2.82,0.6685277696150456,1.5234252000394513,0.6309360872954131,0.0554402483534067,0.0808,,,2400.0,14000
1.0,3.05,0.6673523361739642,1.560331012969363,0.5665716304931994,0.049378912737593,0.0802,,,2600.0,14000
1.0,3.29,0.6576550102850426,1.6020700155620256,0.3684334047138691,0.0328816278465092,0.0819,,,2800.0,14000
1.0,3.52,0.657948868645313,1.6075987955278903,0.4140386777743697,0.0362164875678718,0.0804,,,3000.0,14000
1.0,3.76,0.6626506024096386,1.594756095857085,0.4205615462362766,0.0378248731791973,0.0825,,,3200.0,14000
1.0,3.99,0.6617690273288275,1.6267438988947638,0.4337777342647314,0.0373893331270664,0.0794,,,3400.0,14000
1.0,4.23,0.658830443726124,1.6772525567991607,0.2301628411281853,0.0201008336711674,0.0803,,,3600.0,14000
1.0,4.46,0.6605935938877461,1.6588433439017674,0.2321139576286077,0.0202501359675079,0.0802,,,3800.0,14000
1.0,4.69,0.6623567440493682,1.677220358310501,0.2402419759053737,0.0209868728276342,0.0803,,,4000.0,14000
1.0,4.93,0.6620628856890979,1.659482519415733,0.2796077377535402,0.0252627355977892,0.0829,,,4200.0,14000
1.0,5.16,0.6644137525712607,1.6929204186165714,0.1754462304990738,0.0152142302598804,0.0798,,,4400.0,14000
1.0,5.4,0.6676461945342345,1.7441590196274324,0.1436421374324709,0.0118857010547071,0.0764,,,4600.0,14000
1.0,5.63,0.6617690273288275,1.745078905414141,0.1534501586668193,0.0131960414722561,0.0792,,,4800.0,14000
1.0,5.87,0.6688216279753159,1.7127965002805388,0.1587820484582335,0.0136411449685692,0.0791,,,5000.0,14000
1.0,6.1,0.6676461945342345,1.7439896762633793,0.1198344354191795,0.0096222292259335,0.0743,,,5200.0,14000
1.0,6.34,0.6670584778136938,1.7581366764038338,0.0805906706443056,0.0060210143681615,0.0695,,,5400.0,14000
1.0,6.57,0.6685277696150456,1.7693751447522357,0.0884055187925696,0.0069478674791753,0.0729,,,5600.0,14000
1.0,6.81,0.6682339112547752,1.7905463112335922,0.0981149359513074,0.0075474993605166,0.0714,,,5800.0,14000
1.0,7.04,0.6641198942109903,1.8030842983684152,0.096131187188439,0.0073231961950659,0.0708,,,6000.0,14000
1.0,final,0.669703203056127,,,,,0.6835145459888334,1.4058528811729134,1600.0,14000
0.0,0.23,0.6265060240963856,1.6022676112824876,1.8570051115751267,0.0,0.0,,,200.0,14000
0.0,0.47,0.6467822509550397,1.5102201346050736,1.6208252283930775,0.0,0.0,,,400.0,14000
0.0,0.7,0.6558918601234205,1.4800970338212718,1.5527950985729695,0.0,0.0,,,600.0,14000
0.0,0.94,0.6526594181604467,1.4430149140303323,1.5144122564792633,0.0,0.0,,,800.0,14000
0.0,1.17,0.6564795768439612,1.4749046167204949,1.1489349725842477,0.0,0.0,,,1000.0,14000
0.0,1.41,0.6541287099617984,1.469716939476354,0.9838504981994628,0.0,0.0,,,1200.0,14000
0.0,1.64,0.6617690273288275,1.449595843382944,1.0031851950287818,0.0,0.0,,,1400.0,14000
0.0,1.88,0.6711724948574787,1.4305584022237243,1.0221836234629154,0.0,0.0,,,1600.0,14000
0.0,2.11,0.6655891860123421,1.4974930480827555,0.7966476842705924,0.0,0.0,,,1800.0,14000
0.0,2.35,0.6576550102850426,1.5279333903934549,0.6416418552398682,0.0,0.0,,,2000.0,14000
0.0,2.58,0.6664707610931531,1.4926376341021903,0.6413927647471428,0.0,0.0,,,2200.0,14000
0.0,2.82,0.6682339112547752,1.4949194935185748,0.6558341300487518,0.0,0.0,,,2400.0,14000
0.0,3.05,0.6679400528945049,1.5482605859317606,0.5872922074655071,0.0,0.0,,,2600.0,14000
0.0,3.29,0.6585365853658537,1.5752178182890582,0.3686038971319794,0.0,0.0,,,2800.0,14000
0.0,3.52,0.6667646194534235,1.578391360248708,0.3857891130074858,0.0,0.0,,,3000.0,14000
0.0,3.76,0.6623567440493682,1.5935636881411583,0.3971843405812978,0.0,0.0,,,3200.0,14000
0.0,3.99,0.6691154863355863,1.5823484011127988,0.4304183385148644,0.0,0.0,,,3400.0,14000
0.0,4.23,0.657948868645313,1.64159984011318,0.2328349582455121,0.0,0.0,,,3600.0,14000
0.0,4.46,0.6661769027328828,1.655602907840203,0.2484891796484589,0.0,0.0,,,3800.0,14000
0.0,4.69,0.6667646194534235,1.6746137031484554,0.2259400687739253,0.0,0.0,,,4000.0,14000
0.0,4.93,0.6626506024096386,1.6781989297480082,0.2490033862926066,0.0,0.0,,,4200.0,14000
0.0,5.16,0.6676461945342345,1.703740048611686,0.1675344828842208,0.0,0.0,,,4400.0,14000
0.0,5.4,0.6682339112547752,1.7396923982498051,0.1370392795652151,0.0,0.0,,,4600.0,14000
0.0,5.63,0.6682339112547752,1.7340943124971773,0.1366514835506677,0.0,0.0,,,4800.0,14000
0.0,5.87,0.6720540699382898,1.7401082298176238,0.1397189633827656,0.0,0.0,,,5000.0,14000
0.0,6.1,0.6644137525712607,1.7787497143096656,0.1234501769766211,0.0,0.0,,,5200.0,14000
0.0,6.34,0.6582427270055833,1.7737828512034834,0.0783259156439453,0.0,0.0,,,5400.0,14000
0.0,6.57,0.6650014692918014,1.7862702382861464,0.0892606878420338,0.0,0.0,,,5600.0,14000
0.0,6.81,0.6667646194534235,1.808946849807304,0.1023950954643078,0.0,0.0,,,5800.0,14000
0.0,7.04,0.6635321774904496,1.810625328129262,0.0879117266659159,0.0,0.0,,,6000.0,14000
0.0,final,0.6720540699382898,,,,,0.6867469879518072,1.6843317031615137,5000.0,14000
zero-shot,0,,,,,,0.5022039377020276,2.519377464551699,,15000
1.0,0.23,0.6426682339112548,1.530540772161167,1.8788656565546988,0.1470160559937358,0.0726,,,200.0,15000
1.0,0.47,0.6550102850426095,1.443847408688422,1.634312455356121,0.1309758800640702,0.0742,,,400.0,15000
1.0,0.7,0.6623567440493682,1.4051506135031435,1.6046429041028023,0.130394072458148,0.0752,,,600.0,15000
1.0,0.94,0.6744049368204525,1.3675228843540437,1.5280360940098765,0.125681974440813,0.076,,,800.0,15000
1.0,1.17,0.6799882456655891,1.3758855507263814,1.0919908926635982,0.093270339211449,0.0787,,,1000.0,15000
1.0,1.41,0.6729356450191007,1.3868226112073707,1.0050853653252123,0.0855711225513368,0.0785,,,1200.0,15000
1.0,1.64,0.6805759623861299,1.3864374841061753,1.024923205971718,0.087616916000843,0.0788,,,1400.0,15000
1.0,1.88,0.6867469879518072,1.351662267561068,1.0589956521987915,0.0888755877036601,0.0774,,,1600.0,15000
1.0,2.11,0.6843961210696444,1.4055094575307456,0.8552862225472927,0.0736022910382598,0.0792,,,1800.0,15000
1.0,2.35,0.6852776961504555,1.4200129544177968,0.6449450767785311,0.0563093606755137,0.0803,,,2000.0,15000
1.0,2.58,0.6855715545107258,1.4336144641816808,0.6471498695760965,0.05655850244686,0.0804,,,2200.0,15000
1.0,2.82,0.6876285630326183,1.4390224411562544,0.6701791977882385,0.0581169278547167,0.0798,,,2400.0,15000
1.0,3.05,0.6826329709080223,1.4569717542479887,0.5845337946712971,0.0501082094293087,0.079,,,2600.0,15000
1.0,3.29,0.6858654128709962,1.4783830792105903,0.3829265600815415,0.0339444032590836,0.0814,,,2800.0,15000
1.0,3.52,0.6849838377901851,1.4922651566900018,0.399622794687748,0.0360186794400215,0.0827,,,3000.0,15000
1.0,3.76,0.6879224213928886,1.485285127579798,0.4333608008176088,0.0373246326297521,0.0793,,,3200.0,15000
1.0,3.99,0.6811636791066706,1.5003580409325188,0.4169750445708632,0.0362941371370106,0.0801,,,3400.0,15000
1.0,4.23,0.68909785483397,1.5372413994983614,0.2472969134524464,0.0213394538965076,0.0794,,,3600.0,15000
1.0,4.46,0.682339112547752,1.5350695412683726,0.2340367551892996,0.0207477276399731,0.0814,,,3800.0,15000
1.0,4.69,0.6817513958272113,1.5596686314912953,0.262757978271693,0.0235064148157835,0.0821,,,4000.0,15000
1.0,4.93,0.6858654128709962,1.5618522012020046,0.2603711673431098,0.0235104882624,0.0828,,,4200.0,15000
1.0,5.16,0.6846899794299148,1.6003156979750297,0.1798832389619201,0.0151023129373788,0.0775,,,4400.0,15000
1.0,5.4,0.6852776961504555,1.5975256599890917,0.1460429129935801,0.01226317175664,0.0775,,,4600.0,15000
1.0,5.63,0.6876285630326183,1.6192709882400191,0.147367736492306,0.012312970040366,0.0771,,,4800.0,15000
1.0,5.87,0.6811636791066706,1.6178028461269656,0.1531308743357658,0.0129082731902599,0.0777,,,5000.0,15000
1.0,6.1,0.6779312371436967,1.6561119550646946,0.1212860408565029,0.0099414085038006,0.0758,,,5200.0,15000
1.0,6.34,0.682339112547752,1.6609338392344006,0.0962456918507814,0.0075979074649512,0.0732,,,5400.0,15000
1.0,6.57,0.6817513958272113,1.6693325005767277,0.0950776625378057,0.0071678163576871,0.0701,,,5600.0,15000
1.0,6.81,0.682339112547752,1.6621922732380394,0.0958854978065937,0.0075915556121617,0.0734,,,5800.0,15000
1.0,7.04,0.688216279753159,1.6813877752658868,0.08696350123937,0.0068489918950945,0.073,,,6000.0,15000
1.0,final,0.68909785483397,,,,,0.6735233617396414,1.5696234523006445,3600.0,15000
0.0,0.23,0.6370849250661181,1.528799564670963,1.8792228564620015,0.0,0.0,,,200.0,15000
0.0,0.47,0.6553041434028798,1.4572289535447915,1.6274687311053275,0.0,0.0,,,400.0,15000
0.0,0.7,0.669703203056127,1.4036722562609438,1.5651325172185897,0.0,0.0,,,600.0,15000
0.0,0.94,0.6714663532177491,1.383789967972147,1.540826051831245,0.0,0.0,,,800.0,15000
0.0,1.17,0.6729356450191007,1.3817444113013395,1.1041881989862303,0.0,0.0,,,1000.0,15000
0.0,1.41,0.6779312371436967,1.3998280476199645,1.0299281233549118,0.0,0.0,,,1200.0,15000
0.0,1.64,0.6805759623861299,1.372274348814979,1.067532485127449,0.0,0.0,,,1400.0,15000
0.0,1.88,0.683220687628563,1.3734108785513812,0.9673763149976732,0.0,0.0,,,1600.0,15000
0.0,2.11,0.6820452541874816,1.4230721130323452,0.8278908022545511,0.0,0.0,,,1800.0,15000
0.0,2.35,0.6879224213928886,1.3961368815673998,0.6202365923672915,0.0,0.0,,,2000.0,15000
0.0,2.58,0.6838084043491037,1.4318619071999403,0.6524504305422306,0.0,0.0,,,2200.0,15000
0.0,2.82,0.6796943873053188,1.4339013711130342,0.6683349900692701,0.0,0.0,,,2400.0,15000
0.0,3.05,0.6852776961504555,1.4472803141206914,0.5813605502694918,0.0,0.0,,,2600.0,15000
0.0,3.29,0.6841022627093741,1.462756345263657,0.3707501802965998,0.0,0.0,,,2800.0,15000
0.0,3.52,0.6855715545107258,1.4869511016074468,0.4042114360257983,0.0,0.0,,,3000.0,15000
0.0,3.76,0.6858654128709962,1.4986766562579557,0.3952660378068685,0.0,0.0,,,3200.0,15000
0.0,3.99,0.6826329709080223,1.5062200853378325,0.4144334735348821,0.0,0.0,,,3400.0,15000
0.0,4.23,0.6885101381134293,1.535993615564374,0.2197639960981905,0.0,0.0,,,3600.0,15000
0.0,4.46,0.6802821040258595,1.5692345913178845,0.2179429707676172,0.0,0.0,,,3800.0,15000
0.0,4.69,0.6843961210696444,1.5766641911849393,0.2552215465158224,0.0,0.0,,,4000.0,15000
0.0,4.93,0.6905671466353218,1.5892171663044132,0.2548584598489106,0.0,0.0,,,4200.0,15000
0.0,5.16,0.6829268292682927,1.5994111033106706,0.1622702992644736,0.0,0.0,,,4400.0,15000
0.0,5.4,0.6955627387599177,1.6042203663938928,0.1264632526598871,0.0,0.0,,,4600.0,15000
0.0,5.63,0.6802821040258595,1.6459986596572689,0.1388450565747916,0.0,0.0,,,4800.0,15000
0.0,5.87,0.6838084043491037,1.6460639812334683,0.1449439210724085,0.0,0.0,,,5000.0,15000
0.0,6.1,0.6885101381134293,1.6779907746172078,0.1242412939599307,0.0,0.0,,,5200.0,15000
0.0,6.34,0.6843961210696444,1.678771502177154,0.0896894223894923,0.0,0.0,,,5400.0,15000
0.0,6.57,0.6961504554804584,1.688946658395649,0.0911993305385112,0.0,0.0,,,5600.0,15000
0.0,6.81,0.6843961210696444,1.695591944247668,0.0925887596467509,0.0,0.0,,,5800.0,15000
0.0,7.04,0.6864531295915369,1.6827692707041029,0.0969767169933766,0.0,0.0,,,6000.0,15000
0.0,final,0.6961504554804584,,,,,0.6779312371436967,1.7582511115067152,5600.0,15000
zero-shot,0,,,,,,0.5251248898031149,2.494256251495164,,16000
1.0,0.23,0.6267998824566559,1.602635725154759,1.834124665260315,0.1447383567690849,0.0731,,,200.0,16000
1.0,0.47,0.6517778430796356,1.5077265231986974,1.6418085166811942,0.1324113611876964,0.0746,,,400.0,16000
1.0,0.7,0.6506024096385542,1.4651193224679642,1.5638743498921397,0.1270981082692742,0.0752,,,600.0,16000
1.0,0.94,0.6608874522480165,1.4313478401538873,1.5330737924575806,0.1244108781032264,0.0751,,,800.0,16000
1.0,1.17,0.6623567440493682,1.4449208960475692,1.125990902557969,0.0952606196328997,0.078,,,1000.0,16000
1.0,1.41,0.6667646194534235,1.4545541625495102,1.0127641314268112,0.0856980281695723,0.078,,,1200.0,16000
1.0,1.64,0.6611813106082868,1.440383164209371,0.995286986231804,0.0849339926615357,0.0786,,,1400.0,16000
1.0,1.88,0.6776373787834263,1.4233097084963493,1.0231339690089225,0.087320756688714,0.0786,,,1600.0,16000
1.0,2.11,0.675580370261534,1.4762052094064109,0.8363013044372201,0.0717712588235735,0.079,,,1800.0,16000
1.0,2.35,0.6732295033793712,1.4808514281087086,0.6354123222827911,0.054844250800088,0.0795,,,2000.0,16000
1.0,2.58,0.6720540699382898,1.4987616707498874,0.6577006327360868,0.0562516393885016,0.0788,,,2200.0,16000
1.0,2.82,0.6732295033793712,1.488125255519139,0.6397135812789202,0.0552138882223516,0.0795,,,2400.0,16000
1.0,3.05,0.677343520423156,1.5179035691278946,0.5924520798196318,0.0511338642984628,0.0795,,,2600.0,16000
1.0,3.29,0.6741110784601821,1.5302940248357104,0.3723620733991265,0.0328727783542126,0.0811,,,2800.0,16000
1.0,3.52,0.6711724948574787,1.5606116117745892,0.4017923376709222,0.0353892793878912,0.0809,,,3000.0,16000
1.0,3.76,0.6673523361739642,1.5528696503948891,0.4166195439361035,0.0364914342109113,0.0805,,,3200.0,16000
1.0,3.99,0.6767558037026153,1.5802150805347497,0.4372337209060788,0.0373320634942501,0.0787,,,3400.0,16000
1.0,4.23,0.6714663532177491,1.602791304837736,0.2559788284637034,0.0215041073597967,0.0775,,,3600.0,16000
1.0,4.46,0.6635321774904496,1.6669742282334403,0.2468453653529286,0.0212586243916302,0.0793,,,3800.0,16000
1.0,4.69,0.6720540699382898,1.6472777245221963,0.233569805137813,0.0211448626592755,0.083,,,4000.0,16000
1.0,4.93,0.6738172200999119,1.6668998972654272,0.2483495944924652,0.021435556821525,0.0795,,,4200.0,16000
1.0,5.16,0.6658830443726124,1.706883003457378,0.1731998747307807,0.014913371708244,0.0793,,,4400.0,16000
1.0,5.4,0.6714663532177491,1.718690555165033,0.1319482002779841,0.011355592533946,0.0792,,,4600.0,16000
1.0,5.63,0.6746987951807228,1.704779247728965,0.158161284783855,0.0131614382751286,0.0768,,,4800.0,16000
1.0,5.87,0.6702909197766677,1.717238898211425,0.1625970087386667,0.0131161504611372,0.0746,,,5000.0,16000
1.0,6.1,0.6641198942109903,1.7294378551426546,0.1346309725544415,0.0114435511361807,0.0783,,,5200.0,16000
1.0,6.34,0.66382603585072,1.742883990870971,0.0849715872947126,0.0066309266258031,0.0724,,,5400.0,16000
1.0,6.57,0.6676461945342345,1.7698986615078118,0.0961095950286835,0.0074196486361324,0.0717,,,5600.0,16000
1.0,6.81,0.6591243020863944,1.819563278302773,0.1092312063463032,0.0090278709772974,0.0763,,,5800.0,16000
1.0,7.04,0.6632383191301793,1.7884152444572683,0.090678683615697,0.0068356519937515,0.0701,,,6000.0,16000
1.0,final,0.6776373787834263,,,,,0.682339112547752,1.3838367626451935,1600.0,16000
0.0,0.23,0.6282691742580077,1.6387377593435333,1.8203259497880933,0.0,0.0,,,200.0,16000
0.0,0.47,0.6400235086688216,1.5322855699423164,1.6509261858463289,0.0,0.0,,,400.0,16000
0.0,0.7,0.6570672935645019,1.4613996815268095,1.5664885663986206,0.0,0.0,,,600.0,16000
0.0,0.94,0.6611813106082868,1.4196452322406976,1.5396255514025687,0.0,0.0,,,800.0,16000
0.0,1.17,0.6623567440493682,1.456412019149507,1.1272721481934422,0.0,0.0,,,1000.0,16000
0.0,1.41,0.6726417866588305,1.4281054224787195,0.9896132905781267,0.0,0.0,,,1200.0,16000
0.0,1.64,0.6688216279753159,1.4460890056314168,0.9805470825731756,0.0,0.0,,,1400.0,16000
0.0,1.88,0.6699970614163973,1.4362681819311562,1.0244146643579006,0.0,0.0,,,1600.0,16000
0.0,2.11,0.6600058771672054,1.5044164020735622,0.8390281299385243,0.0,0.0,,,1800.0,16000
0.0,2.35,0.6685277696150456,1.494117116353598,0.6218374630063772,0.0,0.0,,,2000.0,16000
0.0,2.58,0.664707610931531,1.482811100967064,0.636742423325777,0.0,0.0,,,2200.0,16000
0.0,2.82,0.6702909197766677,1.4865108690225408,0.6238953668624163,0.0,0.0,,,2400.0,16000
0.0,3.05,0.6708786364972084,1.551224907951568,0.615490695424378,0.0,0.0,,,2600.0,16000
0.0,3.29,0.6544225683220688,1.561653920352161,0.3813764726743102,0.0,0.0,,,2800.0,16000
0.0,3.52,0.6679400528945049,1.5659695151550714,0.3726817460730672,0.0,0.0,,,3000.0,16000
0.0,3.76,0.6708786364972084,1.582259306864216,0.3954222162440419,0.0,0.0,,,3200.0,16000
0.0,3.99,0.669703203056127,1.570747209197803,0.4356969704478979,0.0,0.0,,,3400.0,16000
0.0,4.23,0.6611813106082868,1.6636197273429267,0.2289509220421314,0.0,0.0,,,3600.0,16000
0.0,4.46,0.6714663532177491,1.6458984311454408,0.2502768564410507,0.0,0.0,,,3800.0,16000
0.0,4.69,0.6623567440493682,1.6625733703436167,0.241484078252688,0.0,0.0,,,4000.0,16000
0.0,4.93,0.6644137525712607,1.695872742815155,0.2407589828874916,0.0,0.0,,,4200.0,16000
0.0,5.16,0.6699970614163973,1.6934434796584692,0.1663470318075269,0.0,0.0,,,4400.0,16000
0.0,5.4,0.6600058771672054,1.728320392552033,0.1308645285665989,0.0,0.0,,,4600.0,16000
0.0,5.63,0.6661769027328828,1.7347591099863784,0.1446768178325146,0.0,0.0,,,4800.0,16000
0.0,5.87,0.664707610931531,1.7222357798841748,0.1503097395598888,0.0,0.0,,,5000.0,16000
0.0,6.1,0.6608874522480165,1.762206995588802,0.1193995979724422,0.0,0.0,,,5200.0,16000
0.0,6.34,0.6685277696150456,1.7614434879385932,0.09222932130564,0.0,0.0,,,5400.0,16000
0.0,6.57,0.6629444607699089,1.760349815395556,0.0846427222061902,0.0,0.0,,,5600.0,16000
0.0,6.81,0.6605935938877461,1.7994183702325948,0.0972257096599787,0.0,0.0,,,5800.0,16000
0.0,7.04,0.6694093446958566,1.8078144510248424,0.0946913591539487,0.0,0.0,,,6000.0,16000
0.0,final,0.6726417866588305,,,,,0.678225095503967,1.3932628125048652,1200.0,16000
zero-shot,0,,,,,,0.52101087275933,2.5578567736505446,,17000
1.0,0.23,0.6332647663826035,1.6119937454992066,1.814717759490013,0.1439246073365211,0.0735,,,200.0,17000
1.0,0.47,0.6585365853658537,1.4965284035253483,1.6030577996373176,0.1292413549683988,0.0746,,,400.0,17000
1.0,0.7,0.6608874522480165,1.4588218191652274,1.5894359171390533,0.1304911164194345,0.0759,,,600.0,17000
1.0,0.94,0.6673523361739642,1.418701698455676,1.5423219925165177,0.1260701530054211,0.0756,,,800.0,17000
1.0,1.17,0.6641198942109903,1.440588013857139,1.170164310783148,0.0971519685164093,0.0767,,,1000.0,17000
1.0,1.41,0.6729356450191007,1.4317127980451672,1.0157803443074227,0.0851947455201298,0.0774,,,1200.0,17000
1.0,1.64,0.6679400528945049,1.4267974773023957,1.0196734012663364,0.0859664519131183,0.0778,,,1400.0,17000
1.0,1.88,0.6735233617396414,1.4116741527740022,1.0092168226838112,0.0874394119437784,0.0797,,,1600.0,17000
1.0,2.11,0.6644137525712607,1.4716900058819762,0.8400027683377266,0.0709614364802837,0.0779,,,1800.0,17000
1.0,2.35,0.67234792829856,1.485362709111548,0.623868547976017,0.0546283077169209,0.0805,,,2000.0,17000
1.0,2.58,0.6729356450191007,1.487643842456483,0.632729793265462,0.0542304869834333,0.0789,,,2200.0,17000
1.0,2.82,0.6717602115780194,1.4903223984843312,0.6821310232579708,0.0582369644660502,0.0787,,,2400.0,17000
1.0,3.05,0.6685277696150456,1.5135910811754945,0.63425053646788,0.0552642873208969,0.0801,,,2600.0,17000
1.0,3.29,0.6682339112547752,1.566195647120301,0.4007802772521973,0.0354522248078137,0.0813,,,2800.0,17000
1.0,3.52,0.6685277696150456,1.5464654388303023,0.3975102422013878,0.0346584346052259,0.0802,,,3000.0,17000
1.0,3.76,0.6652953276520717,1.5623593234749635,0.4170007063448429,0.0362726661097258,0.08,,,3200.0,17000
1.0,3.99,0.6685277696150456,1.5540165287359582,0.439799575060606,0.0386676926352083,0.0808,,,3400.0,17000
1.0,4.23,0.6623567440493682,1.6155451196731625,0.2630506282113492,0.0225853364355862,0.0791,,,3600.0,17000
1.0,4.46,0.6644137525712607,1.6196288628689233,0.2488759845495224,0.021746497452259,0.0804,,,3800.0,17000
1.0,4.69,0.6635321774904496,1.6258464466726783,0.2473641741368919,0.0213732217345386,0.0795,,,4000.0,17000
1.0,4.93,0.6673523361739642,1.626137834768102,0.2712191075086593,0.0239093700051307,0.081,,,4200.0,17000
1.0,5.16,0.6629444607699089,1.6758724095941886,0.1712306211609393,0.0147819263208657,0.0795,,,4400.0,17000
1.0,5.4,0.6661769027328828,1.6770281631684534,0.1612947131320834,0.0134021614212542,0.0767,,,4600.0,17000
1.0,5.63,0.6670584778136938,1.6927793050929794,0.1385965751390904,0.0114564203005284,0.0763,,,4800.0,17000
1.0,5.87,0.6685277696150456,1.6863989466486558,0.1592854380700737,0.0136596224736422,0.079,,,5000.0,17000
1.0,6.1,0.6655891860123421,1.70354497087219,0.1506284813769161,0.0125530367344617,0.0769,,,5200.0,17000
1.0,6.34,0.6685277696150456,1.7256876671100552,0.0940769747737795,0.0073061482794582,0.0721,,,5400.0,17000
1.0,6.57,0.6661769027328828,1.749151375226823,0.0961890481924638,0.0075257372763007,0.0726,,,5600.0,17000
1.0,6.81,0.664707610931531,1.7538015799525202,0.1014755127392709,0.008366250982508,0.0762,,,5800.0,17000
1.0,7.04,0.670584778136938,1.7475338973895334,0.1042783074674662,0.0085063710343092,0.0754,,,6000.0,17000
1.0,final,0.6735233617396414,,,,,0.6896855715545107,1.375677288997324,1600.0,17000
0.0,0.23,0.6315016162209814,1.6028636843710482,1.844957200884819,0.0,0.0,,,200.0,17000
0.0,0.47,0.646194534234499,1.50374271442811,1.6061599087715148,0.0,0.0,,,400.0,17000
0.0,0.7,0.6614751689685572,1.4608736558194164,1.5909295257925988,0.0,0.0,,,600.0,17000
0.0,0.94,0.6661769027328828,1.4282800131402154,1.5149513323605062,0.0,0.0,,,800.0,17000
0.0,1.17,0.6658830443726124,1.433973952580507,1.136611069641076,0.0,0.0,,,1000.0,17000
0.0,1.41,0.6629444607699089,1.4420211938437804,1.0192889767885207,0.0,0.0,,,1200.0,17000
0.0,1.64,0.6714663532177491,1.4313799384724135,1.0110404206812382,0.0,0.0,,,1400.0,17000
0.0,1.88,0.67234792829856,1.4319278869581966,1.0151451568305492,0.0,0.0,,,1600.0,17000
0.0,2.11,0.6691154863355863,1.498911652500546,0.8458224122971296,0.0,0.0,,,1800.0,17000
0.0,2.35,0.66382603585072,1.489895496325846,0.6630064664781093,0.0,0.0,,,2000.0,17000
0.0,2.58,0.6717602115780194,1.4992748513104035,0.6264928188547492,0.0,0.0,,,2200.0,17000
0.0,2.82,0.6694093446958566,1.506693837145585,0.6386822852492332,0.0,0.0,,,2400.0,17000
0.0,3.05,0.6650014692918014,1.5133887827046086,0.5880935839191079,0.0,0.0,,,2600.0,17000
0.0,3.29,0.6644137525712607,1.5512985986907308,0.3707513334043324,0.0,0.0,,,2800.0,17000
0.0,3.52,0.6702909197766677,1.5525491185006834,0.4029531147330999,0.0,0.0,,,3000.0,17000
0.0,3.76,0.6746987951807228,1.5754975048261917,0.3972911532968283,0.0,0.0,,,3200.0,17000
0.0,3.99,0.6676461945342345,1.5653708444696437,0.4004951255768537,0.0,0.0,,,3400.0,17000
0.0,4.23,0.6688216279753159,1.6057317747006232,0.2401256537996232,0.0,0.0,,,3600.0,17000
0.0,4.46,0.6699970614163973,1.612446977317666,0.2252295514196157,0.0,0.0,,,3800.0,17000
0.0,4.69,0.6741110784601821,1.6181703896127375,0.2322441254556179,0.0,0.0,,,4000.0,17000
0.0,4.93,0.6679400528945049,1.6260664481259148,0.268108133636415,0.0,0.0,,,4200.0,17000
0.0,5.16,0.6694093446958566,1.6748126862313937,0.1664468338899314,0.0,0.0,,,4400.0,17000
0.0,5.4,0.669703203056127,1.6624849486046247,0.1313160057086497,0.0,0.0,,,4600.0,17000
0.0,5.63,0.6679400528945049,1.6950391330352574,0.1508822582289576,0.0,0.0,,,4800.0,17000
0.0,5.87,0.6641198942109903,1.717205772084977,0.1512354218028485,0.0,0.0,,,5000.0,17000
0.0,6.1,0.6664707610931531,1.7138509107904156,0.1231173546705395,0.0,0.0,,,5200.0,17000
0.0,6.34,0.6644137525712607,1.754617021508053,0.0936314023751765,0.0,0.0,,,5400.0,17000
0.0,6.57,0.6661769027328828,1.741956377844757,0.0870710083423182,0.0,0.0,,,5600.0,17000
0.0,6.81,0.6679400528945049,1.7507944692155035,0.0916149553842842,0.0,0.0,,,5800.0,17000
0.0,7.04,0.6664707610931531,1.771646420394467,0.0891540353395976,0.0,0.0,,,6000.0,17000
0.0,final,0.6746987951807228,,,,,0.6843961210696444,1.5325134473445308,3200.0,17000
zero-shot,0,,,,,,0.5139582721128416,2.53567878274472,,18000
1.0,0.23,0.6315016162209814,1.5670510771832955,1.8551185384392737,0.1461379394307732,0.073,,,200.0,18000
1.0,0.47,0.6511901263590949,1.482811890873109,1.5862196284532546,0.1285931083932519,0.075,,,400.0,18000
1.0,0.7,0.6479576843961211,1.4357582834094125,1.6203651279211044,0.1302325095981359,0.0744,,,600.0,18000
1.0,0.94,0.6600058771672054,1.4044982319259307,1.5027914801239968,0.1236725678294897,0.076,,,800.0,18000
1.0,1.17,0.6641198942109903,1.4337664919673012,1.1484559585154055,0.0961726628430187,0.0773,,,1000.0,18000
1.0,1.41,0.6644137525712607,1.4353270716713415,1.0365632888674736,0.0873402599617838,0.0777,,,1200.0,18000
1.0,1.64,0.6679400528945049,1.4107127109766358,0.998986852914095,0.085203365413472,0.0786,,,1400.0,18000
1.0,1.88,0.6746987951807228,1.3854778422140703,0.9902902761101724,0.0842761283181607,0.0784,,,1600.0,18000
1.0,2.11,0.6688216279753159,1.451208586661983,0.7921415366232395,0.0685341053269803,0.0796,,,1800.0,18000
1.0,2.35,0.6661769027328828,1.4755547740618482,0.6180786916986107,0.0531085635628551,0.0791,,,2000.0,18000
1.0,2.58,0.670584778136938,1.4877972206647627,0.6694355027005077,0.0578712509199976,0.0796,,,2200.0,18000
1.0,2.82,0.6738172200999119,1.454558005831783,0.663655681759119,0.0575994904339313,0.0799,,,2400.0,18000
1.0,3.05,0.6691154863355863,1.518794355552196,0.6129321548342704,0.0535635089129209,0.0804,,,2600.0,18000
1.0,3.29,0.6749926535409932,1.5260509214014506,0.3915101266279817,0.0343683261983096,0.0807,,,2800.0,18000
1.0,3.52,0.6749926535409932,1.5292635100608778,0.3913117235526442,0.0339042893704026,0.0797,,,3000.0,18000
1.0,3.76,0.6779312371436967,1.5390649916247834,0.3936091351881623,0.0348581870645284,0.0814,,,3200.0,18000
1.0,3.99,0.6661769027328828,1.5588994840996917,0.411410620957613,0.0365025098063051,0.0815,,,3400.0,18000
1.0,4.23,0.6720540699382898,1.6229477823743952,0.3105365640483796,0.0253368326649069,0.0754,,,3600.0,18000
1.0,4.46,0.6652953276520717,1.615290923886463,0.2428856186568737,0.0211102240253239,0.08,,,3800.0,18000
1.0,4.69,0.6691154863355863,1.6168826320330396,0.253955055475235,0.0220039044693112,0.0797,,,4000.0,18000
1.0,4.93,0.6667646194534235,1.6312253562415515,0.2655341945402324,0.0230058211367577,0.0797,,,4200.0,18000
1.0,5.16,0.6708786364972084,1.6355426558458976,0.1785677063465118,0.0151602662820369,0.0783,,,4400.0,18000
1.0,5.4,0.6699970614163973,1.684376647218059,0.1471326888073235,0.0119784284848719,0.0753,,,4600.0,18000
1.0,5.63,0.6650014692918014,1.7156383986687471,0.1499366553965956,0.0126801919937133,0.078,,,4800.0,18000
1.0,5.87,0.6658830443726124,1.676264908290631,0.1520852213911712,0.0126074121706187,0.0766,,,5000.0,18000
1.0,6.1,0.6685277696150456,1.709950405991571,0.1230875602550804,0.0100070690736174,0.0752,,,5200.0,18000
1.0,6.34,0.675580370261534,1.733807939625543,0.0943698366871103,0.0074257891345769,0.0729,,,5400.0,18000
1.0,6.57,0.669703203056127,1.753839463827507,0.0907712414581328,0.0071171706262975,0.0727,,,5600.0,18000
1.0,6.81,0.6664707610931531,1.756025968283161,0.0960985176265239,0.0076960760448127,0.0741,,,5800.0,18000
1.0,7.04,0.6564795768439612,1.862868027514722,0.1269035469042137,0.0101284005399793,0.0739,,,6000.0,18000
1.0,final,0.6779312371436967,,,,,0.675580370261534,1.5685510345322224,3200.0,18000
0.0,0.23,0.6347340581839553,1.586121854031047,1.8320974397659304,0.0,0.0,,,200.0,18000
0.0,0.47,0.6420805171907141,1.495710957235986,1.6110851901769638,0.0,0.0,,,400.0,18000
0.0,0.7,0.6594181604466647,1.4407165843600425,1.5790867406129836,0.0,0.0,,,600.0,18000
0.0,0.94,0.6620628856890979,1.4124796267926183,1.529038189947605,0.0,0.0,,,800.0,18000
0.0,1.17,0.6605935938877461,1.443063705275068,1.1524257780611515,0.0,0.0,,,1000.0,18000
0.0,1.41,0.6650014692918014,1.423368379819614,1.0079888835549355,0.0,0.0,,,1200.0,18000
0.0,1.64,0.6600058771672054,1.4253471265846651,0.9820421244204044,0.0,0.0,,,1400.0,18000
0.0,1.88,0.6655891860123421,1.4131108512256274,0.9953475853800774,0.0,0.0,,,1600.0,18000
0.0,2.11,0.6652953276520717,1.496229815300934,0.8371869867295026,0.0,0.0,,,1800.0,18000
0.0,2.35,0.6752865119012635,1.4851725546009849,0.579337531402707,0.0,0.0,,,2000.0,18000
0.0,2.58,0.670584778136938,1.4755603504853496,0.6459595650061964,0.0,0.0,,,2200.0,18000
0.0,2.82,0.67234792829856,1.4987744364078488,0.6470990139991045,0.0,0.0,,,2400.0,18000
0.0,3.05,0.6746987951807228,1.5102721429943091,0.5937580127757974,0.0,0.0,,,2600.0,18000
0.0,3.29,0.6688216279753159,1.5577340915978672,0.3654362419620156,0.0,0.0,,,2800.0,18000
0.0,3.52,0.6714663532177491,1.5559044410087346,0.3834933783859015,0.0,0.0,,,3000.0,18000
0.0,3.76,0.6770496620628856,1.5553866764254125,0.4062787205353379,0.0,0.0,,,3200.0,18000
0.0,3.99,0.6691154863355863,1.570963057951825,0.419001582749188,0.0,0.0,,,3400.0,18000
0.0,4.23,0.6746987951807228,1.6420823206734805,0.2217840260546654,0.0,0.0,,,3600.0,18000
0.0,4.46,0.6694093446958566,1.6635258770185186,0.23355109536089,0.0,0.0,,,3800.0,18000
0.0,4.69,0.6641198942109903,1.6492070817541031,0.2320080271549522,0.0,0.0,,,4000.0,18000
0.0,4.93,0.6708786364972084,1.654930360976507,0.2437864588201046,0.0,0.0,,,4200.0,18000
0.0,5.16,0.6752865119012635,1.680574042566587,0.164130179893691,0.0,0.0,,,4400.0,18000
0.0,5.4,0.6732295033793712,1.672156914170966,0.146807968840003,0.0,0.0,,,4600.0,18000
0.0,5.63,0.6641198942109903,1.717714867975794,0.1292272819671779,0.0,0.0,,,4800.0,18000
0.0,5.87,0.6688216279753159,1.7248037481462115,0.1474585983157157,0.0,0.0,,,5000.0,18000
0.0,6.1,0.6708786364972084,1.7524572864476982,0.1226457472983747,0.0,0.0,,,5200.0,18000
0.0,6.34,0.6738172200999119,1.75941455294166,0.0844448229111731,0.0,0.0,,,5400.0,18000
0.0,6.57,0.669703203056127,1.754014384876165,0.0887547880969941,0.0,0.0,,,5600.0,18000
0.0,6.81,0.6676461945342345,1.7908316764837149,0.0937189447460696,0.0,0.0,,,5800.0,18000
0.0,7.04,0.6685277696150456,1.802055844131232,0.096477835481055,0.0,0.0,,,6000.0,18000
0.0,final,0.6770496620628856,,,,,0.682339112547752,1.5534563786907123,3200.0,18000
zero-shot,0,,,,,,0.5145459888333823,2.5521056605128027,,19000
1.0,0.23,0.6370849250661181,1.5709698407607255,1.8850778904557228,0.1480628621205687,0.0728,,,200.0,19000
1.0,0.47,0.6508962679988246,1.510227305448444,1.6421249860525131,0.1319911629706621,0.0744,,,400.0,19000
1.0,0.7,0.6626506024096386,1.4404954400232108,1.5472699159383774,0.1281822343915701,0.0765,,,600.0,19000
1.0,0.94,0.6650014692918014,1.428495155619482,1.4818211954832077,0.1214741238579154,0.0758,,,800.0,19000
1.0,1.17,0.6699970614163973,1.4474971796742544,1.1427647344022989,0.0956590245943516,0.0772,,,1000.0,19000
1.0,1.41,0.6711724948574787,1.459068758222169,0.9771592362225056,0.0831577740702778,0.0784,,,1200.0,19000
1.0,1.64,0.6655891860123421,1.4442793483282936,1.0389589494466782,0.0889501873403787,0.0789,,,1400.0,19000
1.0,1.88,0.669703203056127,1.4478701825986846,1.014235105216503,0.0848809015750885,0.0772,,,1600.0,19000
1.0,2.11,0.6729356450191007,1.4916224862910563,0.8326134257763624,0.0716550078615546,0.0792,,,1800.0,19000
1.0,2.35,0.6670584778136938,1.4998101748826047,0.6186659482866526,0.0536344757024198,0.0798,,,2000.0,19000
1.0,2.58,0.6658830443726124,1.5006589308017635,0.6402121924608946,0.0555294486228376,0.0798,,,2200.0,19000
1.0,2.82,0.6676461945342345,1.5250574677192985,0.6772520872205496,0.0582271951902657,0.0792,,,2400.0,19000
1.0,3.05,0.670584778136938,1.5407929009211403,0.5906886038929224,0.0516453515086323,0.0804,,,2600.0,19000
1.0,3.29,0.6720540699382898,1.566885131897031,0.3720741574838757,0.0315435422211885,0.0782,,,2800.0,19000
1.0,3.52,0.670584778136938,1.6048719858443636,0.39873081009835,0.0346950001548975,0.08,,,3000.0,19000
1.0,3.76,0.6708786364972084,1.6022282910634236,0.4165421160683036,0.0360447557549923,0.0796,,,3200.0,19000
1.0,3.99,0.6749926535409932,1.597654943356891,0.4330894406139851,0.0376373659539967,0.08,,,3400.0,19000
1.0,4.23,0.6708786364972084,1.6349639800097218,0.2698558809421956,0.0230579625070095,0.0787,,,3600.0,19000
1.0,4.46,0.6673523361739642,1.666730323399721,0.2257694803364575,0.0194061455316841,0.0792,,,3800.0,19000
1.0,4.69,0.6761680869820746,1.6898263803902984,0.2434254672564566,0.0207043786440044,0.0784,,,4000.0,19000
1.0,4.93,0.6741110784601821,1.694323283379617,0.272695606444031,0.0242314330022782,0.0816,,,4200.0,19000
1.0,5.16,0.6779312371436967,1.7033223089245604,0.1857646988937631,0.015549323009327,0.0772,,,4400.0,19000
1.0,5.4,0.6732295033793712,1.72598702915269,0.1379715858306735,0.0110905973985791,0.0744,,,4600.0,19000
1.0,5.63,0.6746987951807228,1.7370381531840102,0.1450613398570567,0.0125475451163947,0.0796,,,4800.0,19000
1.0,5.87,0.6685277696150456,1.742200707674657,0.1598461507633328,0.0137779900245368,0.0794,,,5000.0,19000
1.0,6.1,0.6732295033793712,1.76843437047135,0.1273739168263273,0.0108162249065935,0.0783,,,5200.0,19000
1.0,6.34,0.6667646194534235,1.764726305092008,0.0889515950623899,0.0066151254065334,0.0692,,,5400.0,19000
1.0,6.57,0.6726417866588305,1.7783200972016475,0.0906194542627781,0.0070544839370995,0.0722,,,5600.0,19000
1.0,6.81,0.670584778136938,1.800729628068855,0.1022740398393943,0.0086363957170397,0.0779,,,5800.0,19000
1.0,7.04,0.6732295033793712,1.7803685319027829,0.1134455955866724,0.0096775652654469,0.0786,,,6000.0,19000
1.0,final,0.6779312371436967,,,,,0.6805759623861299,1.663014910499944,4400.0,19000
0.0,0.23,0.6391419335880105,1.5857102060332005,1.881660149991512,0.0,0.0,,,200.0,19000
0.0,0.47,0.6485454011166618,1.5364735022104037,1.6207427352666854,0.0,0.0,,,400.0,19000
0.0,0.7,0.6670584778136938,1.448717556453753,1.5476602652668954,0.0,0.0,,,600.0,19000
0.0,0.94,0.6726417866588305,1.4163793953523685,1.529783706665039,0.0,0.0,,,800.0,19000
0.0,1.17,0.6688216279753159,1.4546232058866704,1.1431416158378125,0.0,0.0,,,1000.0,19000
0.0,1.41,0.6711724948574787,1.4314877921750957,0.9703882592916488,0.0,0.0,,,1200.0,19000
0.0,1.64,0.6758742286218042,1.4227856218271877,1.0531428298354149,0.0,0.0,,,1400.0,19000
0.0,1.88,0.6752865119012635,1.4346485686519377,1.0088227884471417,0.0,0.0,,,1600.0,19000
0.0,2.11,0.6767558037026153,1.4661007478171997,0.8488684588647084,0.0,0.0,,,1800.0,19000
0.0,2.35,0.6758742286218042,1.5081090522870364,0.625129583850503,0.0,0.0,,,2000.0,19000
0.0,2.58,0.6770496620628856,1.5121896098790153,0.6228260438889265,0.0,0.0,,,2200.0,19000
0.0,2.82,0.6685277696150456,1.5110645158270546,0.636851519420743,0.0,0.0,,,2400.0,19000
0.0,3.05,0.6761680869820746,1.558068591848458,0.6243125448841602,0.0,0.0,,,2600.0,19000
0.0,3.29,0.6708786364972084,1.5778511987165462,0.3805353614501655,0.0,0.0,,,2800.0,19000
0.0,3.52,0.6702909197766677,1.598732274103403,0.3735024439543485,0.0,0.0,,,3000.0,19000
0.0,3.76,0.6688216279753159,1.596967614401168,0.4074472443386912,0.0,0.0,,,3200.0,19000
0.0,3.99,0.6726417866588305,1.6169158779029946,0.4131039995327591,0.0,0.0,,,3400.0,19000
0.0,4.23,0.6735233617396414,1.658855397596872,0.2383271585777402,0.0,0.0,,,3600.0,19000
0.0,4.46,0.670584778136938,1.6621626667019342,0.2374573192745447,0.0,0.0,,,3800.0,19000
0.0,4.69,0.6738172200999119,1.6410293113894578,0.2485828937776386,0.0,0.0,,,4000.0,19000
0.0,4.93,0.6670584778136938,1.6909124423152309,0.2306220043636858,0.0,0.0,,,4200.0,19000
0.0,5.16,0.6711724948574787,1.7145216275830848,0.1705833193314902,0.0,0.0,,,4400.0,19000
0.0,5.4,0.6717602115780194,1.717675136251727,0.1408616187423467,0.0,0.0,,,4600.0,19000
0.0,5.63,0.6735233617396414,1.7259774702701574,0.1554975682776421,0.0,0.0,,,4800.0,19000
0.0,5.87,0.6708786364972084,1.7453534538662507,0.1507077459152788,0.0,0.0,,,5000.0,19000
0.0,6.1,0.6752865119012635,1.7511862094984525,0.1199092094285879,0.0,0.0,,,5200.0,19000
0.0,6.34,0.6776373787834263,1.7363342388987086,0.0841379500553011,0.0,0.0,,,5400.0,19000
0.0,6.57,0.6752865119012635,1.7630411742751542,0.0933928453689441,0.0,0.0,,,5600.0,19000
0.0,6.81,0.6735233617396414,1.791556894166169,0.0965824327664449,0.0,0.0,,,5800.0,19000
0.0,7.04,0.6732295033793712,1.8315179714412504,0.0966542561934329,0.0,0.0,,,6000.0,19000
0.0,final,0.6776373787834263,,,,,0.6770496620628856,1.7267336107915268,5400.0,19000
zero-shot,0,,,,,,0.5142521304731119,2.514074892164713,,20000
1.0,0.23,0.6417866588304437,1.5143596213108437,1.8396780705451965,0.1467031449452042,0.0739,,,200.0,20000
1.0,0.47,0.6576550102850426,1.4389929372774584,1.6558042550086975,0.1329340340010821,0.0743,,,400.0,20000
1.0,0.7,0.6600058771672054,1.3960029016058129,1.611930600553751,0.1302344056405127,0.0748,,,600.0,20000
1.0,0.94,0.6708786364972084,1.3725405912205924,1.5077063325047493,0.123479636721313,0.0757,,,800.0,20000
1.0,1.17,0.6720540699382898,1.4100481550938029,1.1604534988105295,0.0974975421652197,0.0775,,,1000.0,20000
1.0,1.41,0.6658830443726124,1.3937561742495062,1.0312752823531628,0.0870852143224328,0.0779,,,1200.0,20000
1.0,1.64,0.682339112547752,1.368707222935735,1.042473710924387,0.0884698455967009,0.0782,,,1400.0,20000
1.0,1.88,0.6735233617396414,1.378604880858967,1.013596663326025,0.0863995376322418,0.0785,,,1600.0,20000
1.0,2.11,0.6802821040258595,1.4134447006418394,0.8119451413489878,0.0702244240697473,0.0796,,,1800.0,20000
1.0,2.35,0.6767558037026153,1.4424432519951391,0.6445031878352165,0.056409149095416,0.0805,,,2000.0,20000
1.0,2.58,0.675580370261534,1.442616425014544,0.6520851170271635,0.0568574286159127,0.0802,,,2200.0,20000
1.0,2.82,0.6811636791066706,1.448308526716476,0.6598771744221449,0.0563453862909227,0.0787,,,2400.0,20000
1.0,3.05,0.6746987951807228,1.5089881268102492,0.6695978454500436,0.0579708326142281,0.0797,,,2600.0,20000
1.0,3.29,0.6685277696150456,1.5292493743543376,0.3992957537248731,0.0343841319531202,0.0793,,,2800.0,20000
1.0,3.52,0.6799882456655891,1.4990122983850105,0.3916088092699647,0.0345743176247924,0.0811,,,3000.0,20000
1.0,3.76,0.6746987951807228,1.4946751040008326,0.423779577575624,0.0372539092320948,0.0808,,,3200.0,20000
1.0,3.99,0.6799882456655891,1.5213885561634504,0.422702419385314,0.0373807720188051,0.0812,,,3400.0,20000
1.0,4.23,0.6767558037026153,1.5696774591181932,0.2767126868292689,0.0248167073633521,0.0823,,,3600.0,20000
1.0,4.46,0.669703203056127,1.5747221501967223,0.2630884118005633,0.0231991287693381,0.081,,,3800.0,20000
1.0,4.69,0.6776373787834263,1.5770141953690555,0.2595413547381758,0.0232285169139504,0.0821,,,4000.0,20000
1.0,4.93,0.6726417866588305,1.5831438370602922,0.2610675090178847,0.022693455228582,0.08,,,4200.0,20000
1.0,5.16,0.6714663532177491,1.6225694621481546,0.1789559263177216,0.0151447072997689,0.078,,,4400.0,20000
1.0,5.4,0.6785189538642374,1.631823594872124,0.156155077368021,0.0134925602935254,0.0795,,,4600.0,20000
1.0,5.63,0.67234792829856,1.6283787691064209,0.1579488431103527,0.0130812909826636,0.0765,,,4800.0,20000
1.0,5.87,0.6741110784601821,1.659435768180688,0.1665016933716833,0.0141417279932647,0.0783,,,5000.0,20000
1.0,6.1,0.6729356450191007,1.6651598040300224,0.1429626252921298,0.0121830568555742,0.0785,,,5200.0,20000
1.0,6.34,0.67234792829856,1.6747647484295374,0.0875387053471058,0.0066095422767102,0.0702,,,5400.0,20000
1.0,6.57,0.6711724948574787,1.668030344245366,0.0950681734643876,0.0074732427578419,0.0729,,,5600.0,20000
1.0,6.81,0.6741110784601821,1.686517628227792,0.1026873787119984,0.0084540840703994,0.0761,,,5800.0,20000
1.0,7.04,0.6738172200999119,1.7092742194787496,0.10079835429191,0.0079101537261158,0.0728,,,6000.0,20000
1.0,final,0.682339112547752,,,,,0.6708786364972084,1.385451746974803,1400.0,20000
0.0,0.23,0.640317367029092,1.5220726549432728,1.863212541937828,0.0,0.0,,,200.0,20000
0.0,0.47,0.6506024096385542,1.4433109756080746,1.6154171505570412,0.0,0.0,,,400.0,20000
0.0,0.7,0.6600058771672054,1.404609207577331,1.5485367277264594,0.0,0.0,,,600.0,20000
0.0,0.94,0.6650014692918014,1.3812243849468204,1.5583081048727037,0.0,0.0,,,800.0,20000
0.0,1.17,0.664707610931531,1.3891060712090175,1.228198044002056,0.0,0.0,,,1000.0,20000
0.0,1.41,0.6717602115780194,1.3789960512370878,1.005643229186535,0.0,0.0,,,1200.0,20000
0.0,1.64,0.6717602115780194,1.3814941119909496,1.0015955744683742,0.0,0.0,,,1400.0,20000
zero-shot,0,,,,,,0.5142521304731119,2.514074892164713,,20000
0.0,0.23,0.640317367029092,1.5220726549432728,1.863212541937828,0.0,0.0,,,200.0,20000
0.0,0.47,0.6506024096385542,1.4433109756080746,1.6154171505570412,0.0,0.0,,,400.0,20000
0.0,0.7,0.6600058771672054,1.4046092075773313,1.5485367277264594,0.0,0.0,,,600.0,20000
0.0,0.94,0.6650014692918014,1.3812243849468204,1.5583081048727037,0.0,0.0,,,800.0,20000
0.0,1.17,0.664707610931531,1.3891060712090177,1.2281980440020561,0.0,0.0,,,1000.0,20000
0.0,1.41,0.6717602115780194,1.3789960512370878,1.005643229186535,0.0,0.0,,,1200.0,20000
0.0,1.64,0.6717602115780194,1.3814941119909496,1.0015955744683742,0.0,0.0,,,1400.0,20000
0.0,1.88,0.6767558037026153,1.3688866888254207,1.009975778311491,0.0,0.0,,,1600.0,20000
0.0,2.11,0.6685277696150456,1.4364514632187204,0.852309748083353,0.0,0.0,,,1800.0,20000
0.0,2.35,0.677343520423156,1.4453911185089434,0.6459933108836412,0.0,0.0,,,2000.0,20000
0.0,2.58,0.6749926535409932,1.4624356017755895,0.6199873975664377,0.0,0.0,,,2200.0,20000
0.0,2.82,0.6744049368204525,1.4525356792962238,0.6350153907388448,0.0,0.0,,,2400.0,20000
0.0,3.05,0.67234792829856,1.48226078222893,0.6426917055249214,0.0,0.0,,,2600.0,20000
0.0,3.29,0.6694093446958566,1.5212992842744597,0.40305618714541197,0.0,0.0,,,2800.0,20000
0.0,3.52,0.6682339112547752,1.5510310585835805,0.40991622760891916,0.0,0.0,,,3000.0,20000
0.0,3.76,0.675580370261534,1.5285542061705117,0.41157352931797503,0.0,0.0,,,3200.0,20000
0.0,3.99,0.670584778136938,1.5360168581880473,0.422647162899375,0.0,0.0,,,3400.0,20000
0.0,4.23,0.6732295033793712,1.5697315431432868,0.21370897313579917,0.0,0.0,,,3600.0,20000
0.0,4.46,0.6714663532177491,1.566655512035436,0.23904415938071907,0.0,0.0,,,3800.0,20000
0.0,4.69,0.6758742286218042,1.5903929453403363,0.26964957208372653,0.0,0.0,,,4000.0,20000
0.0,4.93,0.6746987951807228,1.590087991373139,0.2613968851789832,0.0,0.0,,,4200.0,20000
0.0,5.16,0.6761680869820746,1.613766632464014,0.18476442220620812,0.0,0.0,,,4400.0,20000
0.0,5.4,0.6746987951807228,1.6401009392184858,0.13973305423744023,0.0,0.0,,,4600.0,20000
0.0,5.63,0.6711724948574787,1.6435115535645284,0.14826166313141584,0.0,0.0,,,4800.0,20000
0.0,5.87,0.6741110784601821,1.6438046277988108,0.16994724911637604,0.0,0.0,,,5000.0,20000
0.0,6.1,0.6726417866588305,1.6765348080358469,0.1271877211809624,0.0,0.0,,,5200.0,20000
0.0,6.34,0.675580370261534,1.6961728269620184,0.09062637886498123,0.0,0.0,,,5400.0,20000
0.0,6.57,0.6741110784601821,1.6881631053338289,0.09867529848124831,0.0,0.0,,,5600.0,20000
0.0,6.81,0.6688216279753159,1.699675540940887,0.09672960177063943,0.0,0.0,,,5800.0,20000
0.0,7.04,0.6664707610931531,1.7064248159847433,0.09319928800687194,0.0,0.0,,,6000.0,20000
0.0,final,0.677343520423156,,,,,0.669703203056127,1.4438217932989483,2000.0,20000
zero-shot,0,,,,,,0.49897149573905375,2.575127228407029,,21000
1.0,0.23,0.6309138995004407,1.6381528291707876,1.8314892080426217,0.1445570370554924,0.0732,,,200.0,21000
1.0,0.47,0.6438436673523362,1.5428310205331803,1.5915456932783127,0.12933589357882738,0.0752,,,400.0,21000
1.0,0.7,0.6538348516015281,1.4948597198509308,1.5877755337953567,0.12807986248284578,0.0746,,,600.0,21000
1.0,0.94,0.6608874522480165,1.4593028087599151,1.526673971116543,0.1247999688796699,0.0756,,,800.0,21000
1.0,1.17,0.6629444607699089,1.5123071565440287,1.1293084247672232,0.09389475317671896,0.0768,,,1000.0,21000
1.0,1.41,0.6620628856890979,1.4913576889346356,0.9974458250403404,0.08450349977239967,0.0781,,,1200.0,21000
1.0,1.64,0.6679400528945049,1.4831837196053037,0.9951342545449734,0.0846477010473609,0.0784,,,1400.0,21000
1.0,1.88,0.67234792829856,1.4673256924528604,0.9828637562692165,0.08400507367216051,0.0787,,,1600.0,21000
1.0,2.11,0.6761680869820746,1.520753297916483,0.7989417444914579,0.06875116732902825,0.0792,,,1800.0,21000
1.0,2.35,0.6758742286218042,1.5596677907382674,0.6267409195378423,0.0539010794647038,0.0792,,,2000.0,21000
1.0,2.58,0.664707610931531,1.5371726370194083,0.644751794859767,0.0554103930387646,0.0791,,,2200.0,21000
1.0,2.82,0.6729356450191007,1.5490384802480603,0.6445142598450184,0.05678711033426225,0.081,,,2400.0,21000
1.0,3.05,0.6650014692918014,1.588852715674408,0.6037596967257559,0.052739877747371794,0.0803,,,2600.0,21000
1.0,3.29,0.6673523361739642,1.6406589521928776,0.379575201459229,0.033305333936586974,0.0807,,,2800.0,21000
1.0,3.52,0.6720540699382898,1.6313530784861117,0.40896034371107814,0.03581057392992079,0.0805,,,3000.0,21000
1.0,3.76,0.6732295033793712,1.635192632675171,0.3960164740681648,0.034945046389475466,0.0811,,,3200.0,21000
1.0,3.99,0.67234792829856,1.6297547981523957,0.40789399985224006,0.035867037223652004,0.0808,,,3400.0,21000
1.0,4.23,0.6667646194534235,1.6835027432357639,0.25048453914001584,0.021695743249729275,0.0797,,,3600.0,21000
1.0,4.46,0.6667646194534235,1.7142904383310178,0.23900441830977798,0.021341200256720184,0.082,,,3800.0,21000
1.0,4.69,0.6670584778136938,1.730748540893429,0.23928042793646453,0.021006698664277793,0.0807,,,4000.0,21000
1.0,4.93,0.6644137525712607,1.701545637056052,0.2545902988873422,0.02277324665337801,0.0821,,,4200.0,21000
1.0,5.16,0.6644137525712607,1.7427564420281108,0.1624259655927017,0.014249996989965439,0.0807,,,4400.0,21000
1.0,5.4,0.6667646194534235,1.7411016084466162,0.14955286192707717,0.012468212340027094,0.077,,,4600.0,21000
1.0,5.63,0.6597120188069351,1.7962698029694122,0.15119516286998988,0.01279274900443852,0.078,,,4800.0,21000
1.0,5.87,0.6650014692918014,1.7409227927082116,0.15093905945308506,0.012732206238433718,0.0778,,,5000.0,21000
1.0,6.1,0.6676461945342345,1.8032577977333215,0.11432254658080637,0.009506979491561651,0.0768,,,5200.0,21000
1.0,6.34,0.6670584778136938,1.8321176133820003,0.09670151541940868,0.007531224247068167,0.0723,,,5400.0,21000
1.0,6.57,0.6611813106082868,1.8426334853736996,0.08968363338615745,0.006338193761184812,0.066,,,5600.0,21000
1.0,6.81,0.6611813106082868,1.8308343032581331,0.09037638193927705,0.0071895830798894165,0.0737,,,5800.0,21000
1.0,7.04,0.6661769027328828,1.8356885016402391,0.10060117063578218,0.008424870315939187,0.0773,,,6000.0,21000
1.0,final,0.6761680869820746,,,,,0.6605935938877461,1.5075728657874086,1800.0,21000
0.0,0.23,0.6370849250661181,1.617957764676554,1.8562027683854103,0.0,0.0,,,200.0,21000
0.0,0.47,0.6497208345577432,1.5245929409607768,1.6044872564077377,0.0,0.0,,,400.0,21000
0.0,0.7,0.6553041434028798,1.4700361556983015,1.5574109575152397,0.0,0.0,,,600.0,21000
0.0,0.94,0.6620628856890979,1.4639043409684949,1.4921397164463996,0.0,0.0,,,800.0,21000
0.0,1.17,0.6629444607699089,1.4865650204465979,1.1726465307176113,0.0,0.0,,,1000.0,21000
0.0,1.41,0.6614751689685572,1.4914602520814055,0.9789602901041508,0.0,0.0,,,1200.0,21000
0.0,1.64,0.6673523361739642,1.4770936761713716,1.021501849219203,0.0,0.0,,,1400.0,21000
0.0,1.88,0.6717602115780194,1.462294677724006,0.980123789459467,0.0,0.0,,,1600.0,21000
0.0,2.11,0.6694093446958566,1.5142790278441198,0.8232969924062491,0.0,0.0,,,1800.0,21000
0.0,2.35,0.6714663532177491,1.5249419862159799,0.6283035552501679,0.0,0.0,,,2000.0,21000
0.0,2.58,0.6699970614163973,1.5440055546675084,0.6042895381897688,0.0,0.0,,,2200.0,21000
0.0,2.82,0.6679400528945049,1.5639108463907256,0.6526417523622513,0.0,0.0,,,2400.0,21000
0.0,3.05,0.6644137525712607,1.627627147494643,0.5970521256327629,0.0,0.0,,,2600.0,21000
0.0,3.29,0.6694093446958566,1.6359459936286014,0.3901907818764448,0.0,0.0,,,2800.0,21000
0.0,3.52,0.6694093446958566,1.6157065895141098,0.3807129819691181,0.0,0.0,,,3000.0,21000
0.0,3.76,0.6673523361739642,1.6254024495281194,0.3875304222851992,0.0,0.0,,,3200.0,21000
0.0,3.99,0.6661769027328828,1.6383967482269493,0.4117215393856168,0.0,0.0,,,3400.0,21000
0.0,4.23,0.6652953276520717,1.698011468464299,0.23169808713719248,0.0,0.0,,,3600.0,21000
0.0,4.46,0.6658830443726124,1.6912475528171964,0.21911522168666125,0.0,0.0,,,3800.0,21000
0.0,4.69,0.6661769027328828,1.7247594305076845,0.237988366689533,0.0,0.0,,,4000.0,21000
0.0,4.93,0.6635321774904496,1.7200313798126459,0.2487922536768019,0.0,0.0,,,4200.0,21000
0.0,5.16,0.6644137525712607,1.742972483205473,0.1791934043355286,0.0,0.0,,,4400.0,21000
0.0,5.4,0.6652953276520717,1.770410808086255,0.1356841511372477,0.0,0.0,,,4600.0,21000
0.0,5.63,0.6641198942109903,1.7843359718944898,0.1382611638121307,0.0,0.0,,,4800.0,21000
0.0,5.87,0.6626506024096386,1.7783705981696245,0.1615879877936095,0.0,0.0,,,5000.0,21000
0.0,6.1,0.6676461945342345,1.8045024369136398,0.13509567411616444,0.0,0.0,,,5200.0,21000
0.0,6.34,0.664707610931531,1.8242076959219042,0.08675620495341718,0.0,0.0,,,5400.0,21000
0.0,6.57,0.6650014692918014,1.8322068640073887,0.0935991938598454,0.0,0.0,,,5600.0,21000
0.0,6.81,0.6594181604466647,1.8336075122938624,0.09609576781746,0.0,0.0,,,5800.0,21000
0.0,7.04,0.6679400528945049,1.837682255341521,0.08893810399778886,0.0,0.0,,,6000.0,21000
0.0,final,0.6717602115780194,,,,,0.6611813106082868,1.4493338967854927,1600.0,21000
