seed,lambda,step,epoch,val_acc,val_ce,train_ce,train_embed_loss,embed_frac,test_acc,test_ce
3000,0.0,200,0.23,0.640317367029092,1.5228920675290882,1.8984468027949333,0.0,0.0,,
3000,0.0,400,0.47,0.6555980017631502,1.4617416493215878,1.6165111044049263,0.0,0.0,,
3000,0.0,600,0.7,0.6600058771672054,1.4083886018858705,1.5517088493704796,0.0,0.0,,
3000,0.0,800,0.94,0.6591243020863944,1.3950240328456949,1.5299871376156806,0.0,0.0,,
3000,0.0,1000,1.17,0.6620628856890979,1.422966328244016,1.1017653708366562,0.0,0.0,,
3000,0.0,1200,1.41,0.67234792829856,1.4085844117308448,0.9941381409019232,0.0,0.0,,
3000,0.0,1400,1.64,0.677343520423156,1.4072980721523016,0.9753555639088154,0.0,0.0,,
3000,0.0,1800,2.11,0.6676461945342345,1.4843442040377073,0.8844359739869833,0.0,0.0,,
3000,0.0,2000,2.35,0.6794005289450484,1.4535018049975266,0.6311874549090862,0.0,0.0,,
3000,0.0,2200,2.58,0.6738172200999119,1.4519675021841707,0.6268654253333807,0.0,0.0,,
3000,0.0,2400,2.82,0.6714663532177491,1.5069745994344586,0.6497186255455017,0.0,0.0,,
3000,0.0,2600,3.05,0.6741110784601821,1.5089859646311796,0.580046022508759,0.0,0.0,,
3000,0.0,2800,3.29,0.6691154863355863,1.5261536889783152,0.3727018521726131,0.0,0.0,,
3000,0.0,3000,3.52,0.6741110784601821,1.5433307738381907,0.3815448621660471,0.0,0.0,,
3000,0.0,3200,3.76,0.6776373787834263,1.567275127675685,0.3965549576468766,0.0,0.0,,
3000,0.0,3400,3.99,0.6691154863355863,1.5571227496314182,0.4108755971118807,0.0,0.0,,
3000,0.0,3600,4.23,0.6688216279753159,1.6279473563274705,0.238353681107983,0.0,0.0,,
3000,0.0,3800,4.46,0.67234792829856,1.627497529082795,0.2257627691887319,0.0,0.0,,
3000,0.0,4000,4.69,0.6691154863355863,1.643788591670948,0.2294604332186281,0.0,0.0,,
3000,0.0,4200,4.93,0.6720540699382898,1.6539770523515862,0.2481193450093269,0.0,0.0,,
3000,0.0,4400,5.16,0.6679400528945049,1.6845845384454854,0.1733385398425161,0.0,0.0,,
3000,0.0,4600,5.4,0.6808698207464002,1.6866584139192695,0.1402026913501322,0.0,0.0,,
3000,0.0,4800,5.63,0.6738172200999119,1.7115214084601564,0.1409688586555421,0.0,0.0,,
3000,0.0,5000,5.87,0.6744049368204525,1.6842353281346345,0.1562477716151624,0.0,0.0,,
3000,0.0,5200,6.1,0.6776373787834263,1.73601001873284,0.1259475821442902,0.0,0.0,,
3000,0.0,5400,6.34,0.6749926535409932,1.7426358336101655,0.0839423763332888,0.0,0.0,,
3000,0.0,5600,6.57,0.6673523361739642,1.7462532436198743,0.0910478374594822,0.0,0.0,,
3000,0.0,5800,6.81,0.6688216279753159,1.7655744198627623,0.0949157320288941,0.0,0.0,,
3000,0.0,6000,7.04,0.675580370261534,1.797808675018262,0.0944637075671926,0.0,0.0,,
3000,0.0,1600,final,0.6841022627093741,,,,,0.6838084043491037,1.429776408358458
3000,0.1,200,0.23,0.6406112253893623,1.5252964211550664,1.8328643810749057,0.0005183661272167,0.0,,
3000,0.1,400,0.47,0.6567734352042316,1.4522713995789067,1.6121563905477525,0.0004592120975576,0.0,,
3000,0.1,600,0.7,0.6650014692918014,1.4222411355953373,1.5456833389401436,0.0004503809155721,0.0,,
3000,0.1,800,0.94,0.6688216279753159,1.3818198963364818,1.5849173313379288,0.0004628047825826,0.0,,
3000,0.1,1000,1.17,0.6735233617396414,1.4313219117480729,1.0980978331237563,0.0003320937740758,0.0,,
3000,0.1,1200,1.41,0.6714663532177491,1.4244512243066645,0.9781994093209504,0.0003087730035622,0.0,,
3000,0.1,1400,1.64,0.6761680869820746,1.407201714421804,0.993073717802763,0.0003032222425099,0.0,,
3000,0.1,1600,1.88,0.6829268292682927,1.3837525323055226,1.079283461868763,0.0003294723910948,0.0,,
3000,0.1,1800,2.11,0.6741110784601821,1.4439380934859878,0.8017816009465605,0.0002543405803868,0.0,,
3000,0.1,2000,2.35,0.6811636791066706,1.4264710541861638,0.6107627896219492,0.0001957110224793,0.0,,
3000,0.1,2200,2.58,0.6799882456655891,1.455916479882373,0.6304643328487873,0.0002023643344182,0.0,,
3000,0.1,2400,2.82,0.6820452541874816,1.46307367653907,0.6477561558783055,0.0002091433010355,0.0,,
3000,0.1,2600,3.05,0.6764619453423449,1.5127685532705104,0.5886981310695409,0.0001911154326899,0.0,,
3000,0.1,2800,3.29,0.6785189538642374,1.5069170815346349,0.3881803477928042,0.0001235064630327,0.0,,
3000,0.1,3000,3.52,0.6776373787834263,1.5511451581279003,0.3706512825191021,0.000123271471366,0.0,,
3000,0.1,3400,3.99,0.6817513958272113,1.545041858370501,0.4107208908908069,0.0001354351797954,0.0,,
3000,0.1,3600,4.23,0.6779312371436967,1.5952549022224207,0.2500118244439363,8.505932453999775e-05,0.0,,
3000,0.1,3800,4.46,0.6785189538642374,1.6053814440177463,0.2325680550187826,7.961308442190784e-05,0.0,,
3000,0.1,4000,4.69,0.6785189538642374,1.6261345089848098,0.2458215190283954,8.062896399223973e-05,0.0,,
3000,0.1,4200,4.93,0.6805759623861299,1.6211757026558022,0.2400134562142193,7.967739809373597e-05,0.0,,
3000,0.1,4400,5.16,0.682339112547752,1.6522917410677893,0.1630910628428682,5.3926275322133674e-05,0.0,,
3000,0.1,4600,5.4,0.6791066705847781,1.6709073335195057,0.134716050256975,4.357818084827159e-05,0.0,,
3000,0.1,4800,5.63,0.6796943873053188,1.6819165494646564,0.146593271959573,4.927145854026094e-05,0.0,,
3000,0.1,5000,5.87,0.6796943873053188,1.688750970794494,0.1511799449566751,5.039287043871355e-05,0.0,,
3000,0.1,5200,6.1,0.6808698207464002,1.692427004194596,0.1287540469132364,4.251687020200734e-05,0.0,,
3000,0.1,5400,6.34,0.677343520423156,1.702353505200405,0.0844070692500099,2.5148119888314114e-05,0.0,,
3000,0.1,5600,6.57,0.6708786364972084,1.742150662486041,0.0963061280734837,3.190107286457078e-05,0.0,,
3000,0.1,5800,6.81,0.6817513958272113,1.739613382703516,0.0923499456886202,2.948848674122928e-05,0.0,,
3000,0.1,6000,7.04,0.678225095503967,1.754224843175629,0.0810180353932082,2.5859468371720596e-05,0.0,,
3000,0.1,3200,final,0.6852776961504555,,,,,0.6767558037026153,1.5776452931531415
3000,0.5,200,0.23,0.6423743755509844,1.5317172230761296,1.8622341400384903,0.000518993983278,0.0001,,
3000,0.5,400,0.47,0.6541287099617984,1.4462253525699895,1.6291552966833114,0.0004679332047817,0.0001,,
3000,0.5,600,0.7,0.6641198942109903,1.4040954749513437,1.5503808560967445,0.0004484340146154,0.0001,,
3000,0.5,800,0.94,0.6685277696150456,1.3886826889605302,1.502440230846405,0.000443759164118,0.0001,,
3000,0.5,1000,1.17,0.675580370261534,1.4220901281473537,1.1176478153094649,0.0003405299377004,0.0002,,
3000,0.5,1200,1.41,0.6749926535409932,1.4065893668130744,1.0037174169719218,0.0003123085276456,0.0002,,
3000,0.5,1400,1.64,0.6714663532177491,1.4202467436444364,1.0126633644104004,0.0003087078835233,0.0002,,
3000,0.5,1600,1.88,0.6714663532177491,1.4155373065008543,1.0332479493319988,0.0003196583387034,0.0002,,
3000,0.5,1800,2.11,0.6770496620628856,1.4476561460894697,0.8393583656218834,0.0002620216378169,0.0002,,
3000,0.5,2000,2.35,0.6717602115780194,1.458586426296901,0.6028843864426017,0.0001942061914087,0.0002,,
3000,0.5,2400,2.82,0.6752865119012635,1.4492413742451888,0.6610576939210295,0.0002090925541961,0.0002,,
3000,0.5,2600,3.05,0.6694093446958566,1.508803657878682,0.6241433613002301,0.0002023397966513,0.0002,,
3000,0.5,2800,3.29,0.670584778136938,1.5412484203108685,0.3881227101385593,0.0001263425334036,0.0002,,
3000,0.5,3000,3.52,0.6767558037026153,1.5321481250294369,0.3995080307871103,0.0001336355584317,0.0002,,
3000,0.5,3200,3.76,0.6744049368204525,1.5494431321397797,0.3932224956899881,0.0001299676773896,0.0002,,
3000,0.5,3400,3.99,0.6794005289450484,1.531328650036525,0.3994162314385175,0.0001329357558915,0.0002,,
3000,0.5,3600,4.23,0.675580370261534,1.590965616183704,0.2264875913783907,7.248800741933792e-05,0.0002,,
3000,0.5,3800,4.46,0.6767558037026153,1.5985710711872232,0.2284677304141223,7.773988914777874e-05,0.0002,,
3000,0.5,4000,4.69,0.6799882456655891,1.611103984684654,0.2497845096420496,8.327836571197622e-05,0.0002,,
3000,0.5,4200,4.93,0.6805759623861299,1.6302060589102343,0.239113378599286,7.805139034189779e-05,0.0002,,
3000,0.5,4400,5.16,0.6749926535409932,1.6536223440793132,0.195010631121695,6.594446367216733e-05,0.0002,,
3000,0.5,4600,5.4,0.6752865119012635,1.655846253444684,0.1496104859374463,4.858036650034592e-05,0.0002,,
3000,0.5,4800,5.63,0.6720540699382898,1.6945483779648,0.1446440325025469,4.873986725215218e-05,0.0002,,
3000,0.5,5000,5.87,0.6758742286218042,1.6931094506182391,0.1540444753691554,5.128793166932155e-05,0.0002,,
3000,0.5,5200,6.1,0.6714663532177491,1.6961610647875738,0.1116164651655708,3.547034456681763e-05,0.0002,,
3000,0.5,5400,6.34,0.6741110784601821,1.7132568960457104,0.083581311777234,2.6028786809035865e-05,0.0002,,
3000,0.5,5600,6.57,0.6688216279753159,1.7254445905934843,0.0910983607918024,2.8405238547293267e-05,0.0002,,
3000,0.5,5800,6.81,0.6720540699382898,1.7415766999598394,0.0888799753086641,2.8792147776357525e-05,0.0002,,
3000,0.5,6000,7.04,0.6741110784601821,1.7296356294734352,0.0970146012134137,3.0657843795071414e-05,0.0002,,
3000,0.5,2200,final,0.6808698207464002,,,,,0.670584778136938,1.5238043830004504
3000,1.0,200,0.23,0.6453129591536879,1.5315904386632764,1.8414862614870071,0.0005122882672003,0.0003,,
3000,1.0,400,0.47,0.6553041434028798,1.4633189137459082,1.5916073015332222,0.0004568920433666,0.0003,,
3000,1.0,600,0.7,0.6597120188069351,1.4073858212853685,1.592765780389309,0.0004607018177921,0.0003,,
3000,1.0,800,0.94,0.6717602115780194,1.3745553472568943,1.5583409002423287,0.0004560961222159,0.0003,,
3000,1.0,1000,1.17,0.6738172200999119,1.4243707156885452,1.120464924275875,0.000341959762245,0.0003,,
3000,1.0,1200,1.41,0.6761680869820746,1.3803043981054548,1.0284762695431708,0.0003146403116988,0.0003,,
3000,1.0,1400,1.64,0.6744049368204525,1.39234880282008,1.0019360964000226,0.0003101541205251,0.0003,,
3000,1.0,1600,1.88,0.6785189538642374,1.3973276361520943,0.9704142266511916,0.000303896906189,0.0003,,
3000,1.0,1800,2.11,0.6699970614163973,1.444572512932886,0.8293766560405493,0.0002654373455061,0.0003,,
3000,1.0,2000,2.35,0.6735233617396414,1.4812743612161428,0.6332481916993856,0.0002014244455131,0.0003,,
3000,1.0,2200,2.58,0.6796943873053188,1.4765598839726335,0.6254130451381207,0.0001988180760963,0.0003,,
3000,1.0,2400,2.82,0.6788128122245077,1.4771097010412604,0.6426033754646778,0.0002087217760708,0.0003,,
3000,1.0,2600,3.05,0.670584778136938,1.5241933883226098,0.620730917006731,0.0002048507506879,0.0003,,
3000,1.0,2800,3.29,0.6746987951807228,1.5202404319837168,0.3866354402340948,0.0001259372597178,0.0003,,
3000,1.0,3000,3.52,0.6776373787834263,1.5205874465211082,0.3838441305793821,0.0001271954261801,0.0003,,
3000,1.0,3200,3.76,0.677343520423156,1.5080477927419813,0.402410937026143,0.0001333501855242,0.0003,,
3000,1.0,3400,3.99,0.6711724948574787,1.5566420594655588,0.4003120211139321,0.0001320255614791,0.0003,,
3000,1.0,3600,4.23,0.6732295033793712,1.592825078987003,0.2140691434405744,7.193863172915372e-05,0.0003,,
3000,1.0,3800,4.46,0.67234792829856,1.6105162121778092,0.2468146442808211,8.32678212555038e-05,0.0003,,
3000,1.0,4000,4.69,0.6746987951807228,1.6334254483799355,0.2315985193289816,7.82246390281216e-05,0.0003,,
3000,1.0,4200,4.93,0.6711724948574787,1.640078617182683,0.2552322899922729,8.425127170994529e-05,0.0003,,
3000,1.0,4400,5.16,0.6802821040258595,1.6521556199236265,0.1677538764476776,5.4437376981013586e-05,0.0003,,
3000,1.0,4800,5.63,0.6761680869820746,1.6866034049318532,0.1470698027033359,4.831748292076554e-05,0.0003,,
3000,1.0,5000,5.87,0.6779312371436967,1.6855074502670029,0.1481887392513454,4.8094823990822986e-05,0.0003,,
3000,1.0,5200,6.1,0.6708786364972084,1.7097200251110785,0.1304670722596347,4.314853333426072e-05,0.0003,,
3000,1.0,5400,6.34,0.6732295033793712,1.732574123649467,0.0862503356300294,2.6059576092620777e-05,0.0003,,
3000,1.0,5600,6.57,0.6761680869820746,1.7180897499878829,0.0986390066239982,3.194965967168173e-05,0.0003,,
3000,1.0,5800,6.81,0.6785189538642374,1.7197751136184125,0.0930428482685238,2.953155045247513e-05,0.0003,,
3000,1.0,6000,7.04,0.6776373787834263,1.7215800012275466,0.088417830672115,2.694485205580577e-05,0.0003,,
3000,1.0,4600,final,0.6805759623861299,,,,,0.6794005289450484,1.6906299365642243
3000,2.0,200,0.23,0.6417866588304437,1.5238312557624292,1.8718706697225571,0.0005198270172695,0.0006,,
3000,2.0,400,0.47,0.6594181604466647,1.4474861375853976,1.616820170879364,0.0004618263160227,0.0006,,
3000,2.0,600,0.7,0.6676461945342345,1.408614544536729,1.5286797875165938,0.0004489067282702,0.0006,,
3000,2.0,800,0.94,0.6694093446958566,1.3844241969399056,1.5126253014802933,0.0004413919521903,0.0006,,
3000,2.0,1000,1.17,0.6720540699382898,1.4061331610459984,1.1222018863260743,0.0003425928147953,0.0006,,
3000,2.0,1200,1.41,0.6685277696150456,1.4168110338206366,0.9953423604369164,0.0003084609855432,0.0006,,
3000,2.0,1400,1.64,0.6779312371436967,1.4037738726256772,1.0019536691904067,0.0003092958028719,0.0006,,
3000,2.0,1600,1.88,0.6811636791066706,1.3752237611085991,1.0165868231654167,0.0003151836975303,0.0006,,
3000,2.0,1800,2.11,0.6746987951807228,1.4371382682254443,0.8210313080484047,0.0002554068416233,0.0006,,
3000,2.0,2200,2.58,0.6767558037026153,1.4521686644053902,0.6133787675201893,0.0001971464433154,0.0006,,
3000,2.0,2400,2.82,0.6749926535409932,1.4591843662605612,0.6531447441130876,0.0002126611178755,0.0007,,
3000,2.0,2600,3.05,0.6752865119012635,1.5054414477850666,0.6209161775559187,0.0001986637821755,0.0006,,
3000,2.0,2800,3.29,0.6776373787834263,1.5124760850488947,0.3665855492651462,0.0001219379976555,0.0007,,
3000,2.0,3000,3.52,0.6711724948574787,1.5299189325784397,0.3974598594009876,0.0001314672244825,0.0007,,
3000,2.0,3200,3.76,0.6764619453423449,1.5310456489237168,0.3896151302009821,0.0001298415785004,0.0007,,
3000,2.0,3400,3.99,0.6770496620628856,1.5600212528106223,0.4081629944592714,0.0001386743211787,0.0007,,
3000,2.0,3600,4.23,0.678225095503967,1.5529952693731688,0.224638957626521,7.374673252884888e-05,0.0007,,
3000,2.0,3800,4.46,0.6729356450191007,1.5912866801430714,0.2294151137024164,7.670092070839019e-05,0.0007,,
3000,2.0,4000,4.69,0.6746987951807228,1.602863558991986,0.2517985597811639,8.498582736820026e-05,0.0007,,
3000,2.0,4200,4.93,0.6785189538642374,1.5932911407424708,0.2428191868588328,8.153004252108076e-05,0.0007,,
3000,2.0,4400,5.16,0.6776373787834263,1.6390878405841245,0.1745994807127863,5.701414332975219e-05,0.0007,,
3000,2.0,4600,5.4,0.6796943873053188,1.6334884666911371,0.1342820290569216,4.383106456316455e-05,0.0007,,
3000,2.0,4800,5.63,0.6738172200999119,1.6605286528023857,0.1351137586683035,4.551634433141771e-05,0.0007,,
3000,2.0,5000,5.87,0.6802821040258595,1.6655171191505376,0.1464909952133894,4.959848827013502e-05,0.0007,,
3000,2.0,5200,6.1,0.6758742286218042,1.6967866097807078,0.1248158905934542,4.11040502623905e-05,0.0007,,
3000,2.0,5400,6.34,0.6732295033793712,1.709443574140186,0.0899596843495965,2.841588164244513e-05,0.0006,,
3000,2.0,5600,6.57,0.6752865119012635,1.728392365585346,0.0899993958976119,2.810566265409875e-05,0.0006,,
3000,2.0,5800,6.81,0.6791066705847781,1.726780851181381,0.0924501184560358,2.936827270730191e-05,0.0006,,
3000,2.0,6000,7.04,0.6808698207464002,1.7267176978522158,0.0890777734806761,2.886051993753469e-05,0.0006,,
3000,2.0,2000,final,0.6814575374669409,,,,,0.6752865119012635,1.4850028414884595
3000,4.0,200,0.23,0.6438436673523362,1.53409260913375,1.8473727053403857,0.000516477402416,0.0011,,
3000,4.0,400,0.47,0.6576550102850426,1.453924723593515,1.6360639882087709,0.0004680793027364,0.0011,,
3000,4.0,600,0.7,0.6670584778136938,1.4184954830243102,1.560733108222485,0.0004583939210715,0.0012,,
3000,4.0,800,0.94,0.67234792829856,1.363559639641302,1.527011449933052,0.0004459701129235,0.0012,,
7000,0.0,200,0.23,0.6429620922715251,1.5212938728102718,1.8514963573217391,0.0,0.0,,
7000,0.0,400,0.47,0.6488392594769321,1.461175615581526,1.6551899063587188,0.0,0.0,,
7000,0.0,600,0.7,0.6641198942109903,1.402973988057584,1.5579252633452416,0.0,0.0,,
7000,0.0,800,0.94,0.669703203056127,1.372620662555532,1.5472086617350578,0.0,0.0,,
7000,0.0,1000,1.17,0.6591243020863944,1.4177034065333178,1.175817681849003,0.0,0.0,,
7000,0.0,1200,1.41,0.6770496620628856,1.3829459860294733,1.0171362783014777,0.0,0.0,,
7000,0.0,1400,1.64,0.669703203056127,1.4043029656383594,0.9816023424267768,0.0,0.0,,
7000,0.0,1600,1.88,0.6744049368204525,1.3857431309979136,1.0096087454259397,0.0,0.0,,
7000,0.0,1800,2.11,0.6714663532177491,1.421495110856201,0.8498812306672334,0.0,0.0,,
7000,0.0,2000,2.35,0.6729356450191007,1.4588393001671296,0.609649747684598,0.0,0.0,,
7000,0.0,2200,2.58,0.6752865119012635,1.446833442142351,0.655443472340703,0.0,0.0,,
7000,0.0,2400,2.82,0.6749926535409932,1.4473868170766806,0.6636031682044268,0.0,0.0,,
7000,0.0,2600,3.05,0.6770496620628856,1.4972358873021487,0.6124669648427516,0.0,0.0,,
7000,0.0,2800,3.29,0.6738172200999119,1.5256008121710192,0.3939133597910404,0.0,0.0,,
7000,0.0,3000,3.52,0.677343520423156,1.5301538470595015,0.3715403772145509,0.0,0.0,,
7000,0.0,3200,3.76,0.6776373787834263,1.528291674806481,0.4078802601248026,0.0,0.0,,
7000,0.0,3400,3.99,0.6776373787834263,1.5243072523777883,0.4300888718664646,0.0,0.0,,
7000,0.0,3600,4.23,0.6691154863355863,1.5840934245788871,0.2858706963993609,0.0,0.0,,
7000,0.0,3800,4.46,0.675580370261534,1.611995898237517,0.2450213816575706,0.0,0.0,,
7000,0.0,4000,4.69,0.6791066705847781,1.5964762051946937,0.2603785354271531,0.0,0.0,,
7000,0.0,4200,4.93,0.6720540699382898,1.624701599233332,0.2481839206814766,0.0,0.0,,
7000,0.0,4400,5.16,0.6779312371436967,1.6511941587718275,0.1618979103406309,0.0,0.0,,
7000,0.0,4600,5.4,0.6744049368204525,1.6742087650081885,0.1353144137607887,0.0,0.0,,
7000,0.0,4800,5.63,0.675580370261534,1.64537326628553,0.1538697569072246,0.0,0.0,,
7000,0.0,5000,5.87,0.6711724948574787,1.6778466795564857,0.1607272045593708,0.0,0.0,,
7000,0.0,5200,6.1,0.678225095503967,1.6863617346001625,0.1360500376950949,0.0,0.0,,
7000,0.0,5400,6.34,0.6788128122245077,1.682146325256416,0.0846998815797269,0.0,0.0,,
7000,0.0,5800,6.81,0.675580370261534,1.7291340181976775,0.101215567854233,0.0,0.0,,
7000,0.0,6000,7.04,0.6785189538642374,1.7455731745050684,0.0914771926126559,0.0,0.0,,
7000,0.0,5600,final,0.6808698207464002,,,,,0.6652953276520717,1.7414811098537055
7000,0.1,200,0.23,0.64707610931531,1.5268583840879664,1.83034180611372,0.0005149407430144,0.0,,
7000,0.1,400,0.47,0.6511901263590949,1.4513616311770834,1.6341252341866492,0.0004685656153742,0.0,,
7000,0.1,600,0.7,0.670584778136938,1.395386747759719,1.563789951503277,0.0004514221141289,0.0,,
7000,0.1,800,0.94,0.6708786364972084,1.3762337021746427,1.5332352370023727,0.0004484800313366,0.0,,
7000,0.1,1000,1.17,0.6741110784601821,1.3946038108519376,1.1443868117034437,0.0003456428389472,0.0,,
7000,0.1,1200,1.41,0.6770496620628856,1.3965903510074913,1.0188674803078177,0.0003118427200752,0.0,,
7000,0.1,1400,1.64,0.6752865119012635,1.3941844149333675,1.0331698159873486,0.0003161520813955,0.0,,
7000,0.1,1600,1.88,0.6752865119012635,1.3822194500912508,1.0423897045850754,0.000318614341595,0.0,,
7000,0.1,1800,2.11,0.6814575374669409,1.419237832216666,0.7996582877449692,0.0002510085557412,0.0,,
7000,0.1,2000,2.35,0.6711724948574787,1.4614763795155972,0.6292503436654806,0.0002046244362099,0.0,,
7000,0.1,2200,2.58,0.6767558037026153,1.4528946191326435,0.6647309033572674,0.0002110882378292,0.0,,
7000,0.1,2400,2.82,0.6802821040258595,1.4504715616199293,0.6310060672461987,0.0002053601645093,0.0,,
42,0.0,200,0.23,0.6379665001469291,1.5541754791903348,1.8090574124455452,0.0,0.0,,
42,0.0,400,0.47,0.6511901263590949,1.4997149515144972,1.6487867629528046,0.0,0.0,,
42,0.0,600,0.7,0.6626506024096386,1.4289873221447424,1.537977627813816,0.0,0.0,,
42,0.0,800,0.94,0.6711724948574787,1.4022190020762575,1.54786340624094,0.0,0.0,,
42,0.0,1000,1.17,0.670584778136938,1.4412948706904616,1.1415417283400893,0.0,0.0,,
42,0.0,1200,1.41,0.670584778136938,1.4096406697088433,1.0085509753227233,0.0,0.0,,
42,0.0,1400,1.64,0.6717602115780194,1.4276164348926608,0.9837071372568608,0.0,0.0,,
42,0.0,1600,1.88,0.6776373787834263,1.4072608068484682,1.0279130555689335,0.0,0.0,,
42,0.0,1800,2.11,0.67234792829856,1.4801730098897417,0.8265882763173431,0.0,0.0,,
42,0.0,2200,2.58,0.675580370261534,1.4795942330295606,0.6347053746879101,0.0,0.0,,
42,0.0,2400,2.82,0.6788128122245077,1.4905711058007245,0.6367433635890484,0.0,0.0,,
42,0.0,2600,3.05,0.6779312371436967,1.518830881691876,0.582037685252726,0.0,0.0,,
42,0.0,2800,3.29,0.6735233617396414,1.5430764608039178,0.3876632105559111,0.0,0.0,,
42,0.0,3000,3.52,0.6732295033793712,1.5604424763962412,0.3730102759972215,0.0,0.0,,
42,0.0,3200,3.76,0.6752865119012635,1.5612771665037573,0.3953059440851211,0.0,0.0,,
42,0.0,3400,3.99,0.6711724948574787,1.567751749509263,0.4127495101653039,0.0,0.0,,
42,0.0,3600,4.23,0.6688216279753159,1.600232564742657,0.2228561728447675,0.0,0.0,,
42,0.0,3800,4.46,0.669703203056127,1.628612218036604,0.2317242009192705,0.0,0.0,,
42,0.0,4000,4.69,0.6699970614163973,1.673646375217264,0.2398142111953348,0.0,0.0,,
42,0.0,4200,4.93,0.675580370261534,1.642217460171356,0.2445376634784042,0.0,0.0,,
42,0.0,4400,5.16,0.6744049368204525,1.6715656318692225,0.164577708877332,0.0,0.0,,
42,0.0,4600,5.4,0.67234792829856,1.688797752357321,0.1295288872439414,0.0,0.0,,
42,0.0,4800,5.63,0.6744049368204525,1.7083534965471698,0.1474658134113997,0.0,0.0,,
42,0.0,5000,5.87,0.67234792829856,1.7272085832158783,0.1572477217763662,0.0,0.0,,
42,0.0,5200,6.1,0.6717602115780194,1.719925764936088,0.122865588889108,0.0,0.0,,
42,0.0,5400,6.34,0.6758742286218042,1.7359725947576938,0.0910148947034031,0.0,0.0,,
42,0.0,5600,6.57,0.6729356450191007,1.7651533235697543,0.0963432093337178,0.0,0.0,,
42,0.0,5800,6.81,0.6752865119012635,1.7810137025396715,0.080112267374061,0.0,0.0,,
42,0.0,6000,7.04,0.6735233617396414,1.7809213203277583,0.0903586845716927,0.0,0.0,,
42,0.0,2000,final,0.6788128122245077,,,,,0.6796943873053188,1.4436915696385395
42,0.1,200,0.23,0.6409050837496327,1.550285232336844,1.834272447526455,0.0005116470788198,0.0,,
42,0.1,400,0.47,0.652071701439906,1.4658029886193042,1.6423314750194549,0.0004728950893331,0.0,,
42,0.1,600,0.7,0.6608874522480165,1.4186221519936684,1.574690031707287,0.0004582326812669,0.0,,
42,0.1,800,0.94,0.6691154863355863,1.3939351201530348,1.491552894115448,0.0004357048562087,0.0,,
42,0.1,1000,1.17,0.6664707610931531,1.4466747627901464,1.1862721721827985,0.0003651967061159,0.0,,
42,0.1,1200,1.41,0.6708786364972084,1.4279344703891577,1.0186423161625862,0.0003141330984726,0.0,,
42,0.1,1400,1.64,0.6735233617396414,1.4120253210396336,0.9958136039972304,0.0003131037193816,0.0,,
42,0.1,1600,1.88,0.6741110784601821,1.411886677767752,1.022637581527233,0.0003204263454244,0.0,,
42,0.1,1800,2.11,0.664707610931531,1.4852970483423575,0.8241957195103169,0.0002625809430173,0.0,,
42,0.1,2000,2.35,0.6741110784601821,1.470424920521937,0.6004585553705692,0.0001942155292999,0.0,,
42,0.1,2200,2.58,0.6708786364972084,1.4781886023123616,0.6482609800994397,0.0002101467657485,0.0,,
42,0.1,2400,2.82,0.6702909197766677,1.4805556534757482,0.6496692863851785,0.0002087580941588,0.0,,
42,0.1,2600,3.05,0.6702909197766677,1.514010728237526,0.6070562175288796,0.0001928331619365,0.0,,
42,0.1,2800,3.29,0.6699970614163973,1.5853070597192522,0.3685225941240787,0.0001175969943051,0.0,,
42,0.1,3000,3.52,0.6714663532177491,1.5672667227157802,0.3902464966289699,0.0001295648686937,0.0,,
42,0.1,3200,3.76,0.6735233617396414,1.5617079799696518,0.4163661688193679,0.0001379304435795,0.0,,
42,0.1,3600,4.23,0.6688216279753159,1.611020381962801,0.226829933769186,7.541252322038617e-05,0.0,,
42,0.1,3800,4.46,0.6658830443726124,1.6528147012214258,0.2386257804278284,8.103714060553102e-05,0.0,,
42,0.1,4000,4.69,0.6688216279753159,1.6464334106860423,0.2423414468578994,8.069965447248251e-05,0.0,,
42,0.1,4200,4.93,0.6629444607699089,1.6667866450292448,0.2614783810637891,8.861720413506192e-05,0.0,,
42,0.1,4400,5.16,0.6685277696150456,1.6760103463110698,0.1749641455244273,5.782956070902401e-05,0.0,,
42,0.1,4600,5.4,0.6664707610931531,1.6926298181983677,0.1357427729107439,4.4342891117139514e-05,0.0,,
42,0.1,4800,5.63,0.66382603585072,1.7138664527321927,0.1378230565693229,4.4384712498413134e-05,0.0,,
42,0.1,5000,5.87,0.6688216279753159,1.71245459937678,0.1540063692070543,5.0151443558661414e-05,0.0,,
42,0.1,5200,6.1,0.6658830443726124,1.7309604672659784,0.118784609985887,3.957300955181349e-05,0.0,,
42,0.1,5400,6.34,0.6661769027328828,1.7319649200543843,0.0824048341950401,2.4880665889668308e-05,0.0,,
42,0.1,5600,6.57,0.6688216279753159,1.7630296698080383,0.0943817331455647,3.0243790738353483e-05,0.0,,
42,0.1,5800,6.81,0.6644137525712607,1.776686681160288,0.0962708377325907,3.088378296808969e-05,0.0,,
42,0.1,6000,7.04,0.6691154863355863,1.7688774884692928,0.1000353696661477,3.318566139581161e-05,0.0,,
42,0.1,3400,final,0.6746987951807228,,,,,0.6776373787834263,1.521438007035257
42,0.5,200,0.23,0.629444607699089,1.5416381165906328,1.9053012439608576,0.0005270913781714,0.0001,,
42,0.5,400,0.47,0.6541287099617984,1.4741456461082372,1.5882872715592384,0.0004639706637681,0.0001,,
42,0.5,600,0.7,0.6591243020863944,1.431428086896031,1.5848336306214332,0.0004563725889602,0.0001,,
42,0.5,800,0.94,0.6664707610931531,1.4100053549128142,1.512300763875246,0.0004452907440645,0.0001,,
42,0.5,1000,1.17,0.669703203056127,1.4342635870680471,1.144147048741579,0.0003446839118987,0.0002,,
42,0.5,1200,1.41,0.669703203056127,1.4249232050043463,1.0079959945380688,0.0003119341231649,0.0002,,
42,0.5,1400,1.64,0.6676461945342345,1.39576066396813,1.001812484264374,0.0003092481517887,0.0002,,
42,0.5,1600,1.88,0.675580370261534,1.4162045991441763,1.0125622721016407,0.000315625819021,0.0002,,
42,0.5,1800,2.11,0.670584778136938,1.4737745793451469,0.8328890540450812,0.0002625128389991,0.0002,,
42,0.5,2000,2.35,0.6776373787834263,1.4760103497370671,0.6000530693680048,0.0001920887856067,0.0002,,
42,0.5,2200,2.58,0.6717602115780194,1.5025684266468022,0.6349152387678623,0.0002011221988504,0.0002,,
42,0.5,2400,2.82,0.6711724948574787,1.4845774160249774,0.6531833804026246,0.0002091458625727,0.0002,,
42,0.5,2600,3.05,0.6629444607699089,1.5560460392951685,0.6300228720158338,0.0002059627527614,0.0002,,
42,0.5,2800,3.29,0.670584778136938,1.5277681969086492,0.3926429903879762,0.0001281465439342,0.0002,,
42,0.5,3000,3.52,0.6708786364972084,1.5393766928973214,0.3809046470746398,0.0001246719238042,0.0002,,
42,0.5,3400,3.99,0.6699970614163973,1.5783040877513734,0.3969569068774581,0.0001344964104737,0.0002,,
42,0.5,3600,4.23,0.6708786364972084,1.6123566002249192,0.2710705734044313,9.224771505614628e-05,0.0002,,
42,0.5,3800,4.46,0.6711724948574787,1.610333662041138,0.2390254168026149,8.115457606322707e-05,0.0002,,
42,0.5,4000,4.69,0.6732295033793712,1.5941360522868386,0.2372048396430909,8.069908085872157e-05,0.0002,,
42,0.5,4200,4.93,0.6752865119012635,1.6200400644975166,0.2388381720893085,8.099456868876587e-05,0.0002,,
42,0.5,4400,5.16,0.67234792829856,1.658772904431333,0.1758349185902625,5.589197201288698e-05,0.0002,,
42,0.5,4600,5.4,0.6726417866588305,1.6657076050761934,0.1364540222845971,4.4047354615486254e-05,0.0002,,
42,0.5,4800,5.63,0.6650014692918014,1.7011952183980854,0.1440128754265606,4.962466403355848e-05,0.0002,,
42,0.5,5000,5.87,0.6691154863355863,1.682427879426187,0.1588159876223653,5.3552295133840745e-05,0.0002,,
42,0.5,5200,6.1,0.6738172200999119,1.724624668145369,0.1200883714292103,3.773765971942741e-05,0.0002,,
42,0.5,5400,6.34,0.6749926535409932,1.7045662310625782,0.0870408727973699,2.7188551059964537e-05,0.0002,,
42,0.5,5600,6.57,0.6738172200999119,1.7073664692983954,0.0916945780720561,2.9246554060478047e-05,0.0002,,
42,0.5,5800,6.81,0.6720540699382898,1.7344565968188754,0.1014243292342871,3.2431035133413385e-05,0.0002,,
42,0.5,6000,7.04,0.6664707610931531,1.7659969935689013,0.0978494420251809,3.2087382917174165e-05,0.0002,,
42,0.5,3200,final,0.6796943873053188,,,,,0.6811636791066706,1.5359213516146797
42,1.0,200,0.23,0.6426682339112548,1.539871497133918,1.860955686271191,0.0005176817502069,0.0003,,
42,1.0,400,0.47,0.6508962679988246,1.4637273257177366,1.6270224145054817,0.0004714823295944,0.0003,,
42,1.0,600,0.7,0.6632383191301793,1.4331522897923654,1.5696727150678635,0.0004577963957854,0.0003,,
42,1.0,800,0.94,0.6711724948574787,1.3848605823103484,1.5072951462864876,0.0004396764582634,0.0003,,
42,1.0,1000,1.17,0.6717602115780194,1.419542722695195,1.1770808573067189,0.0003520714038313,0.0003,,
42,1.0,1200,1.41,0.6714663532177491,1.4198804380366146,1.0009121571481228,0.0003081720079353,0.0003,,
42,1.0,1400,1.64,0.6685277696150456,1.417742048637887,1.0018238415569067,0.0003127764055898,0.0003,,
42,1.0,1800,2.11,0.6796943873053188,1.4393525422670337,0.808907576482743,0.0002579264734706,0.0003,,
42,1.0,2000,2.35,0.6729356450191007,1.4616625466672175,0.6495597103610635,0.000205409196651,0.0003,,
42,1.0,2200,2.58,0.6711724948574787,1.461529569217047,0.6297271188348532,0.0002033602173833,0.0003,,
42,1.0,2400,2.82,0.6714663532177491,1.5045377599940803,0.6344461461901665,0.0002076617698548,0.0003,,
42,1.0,2600,3.05,0.6726417866588305,1.492214950680067,0.6149019752442837,0.0001933909261606,0.0003,,
42,1.0,2800,3.29,0.6702909197766677,1.5461472977514377,0.3728110890462994,0.0001206120637698,0.0003,,
42,1.0,3000,3.52,0.6717602115780194,1.564998399272513,0.3955050681531429,0.0001287221507391,0.0003,,
42,1.0,3200,3.76,0.6676461945342345,1.5959295870152217,0.4166617678105831,0.0001389865931378,0.0003,,
42,1.0,3400,3.99,0.6720540699382898,1.5709372627675586,0.3971678226813674,0.0001345596004102,0.0003,,
42,1.0,3600,4.23,0.6708786364972084,1.6368024945521824,0.2228268631920218,7.428400069429131e-05,0.0003,,
42,1.0,3800,4.46,0.6673523361739642,1.6190385434195256,0.2418197262473404,8.130105154918965e-05,0.0003,,
42,1.0,4000,4.69,0.6650014692918014,1.678242580946004,0.237411335427314,8.117924111502362e-05,0.0003,,
42,1.0,4200,4.93,0.66382603585072,1.6649938884322306,0.2628505132347345,9.079763566830934e-05,0.0003,,
42,1.0,4400,5.16,0.6729356450191007,1.6804086916452992,0.2187125585600733,7.50537934732165e-05,0.0003,,
42,1.0,4600,5.4,0.669703203056127,1.6849382923362608,0.1467463908717036,5.072912782111416e-05,0.0003,,
42,1.0,4800,5.63,0.6650014692918014,1.7253225154905434,0.1474781675636768,4.839616014237435e-05,0.0003,,
42,1.0,5000,5.87,0.6702909197766677,1.718804830099042,0.1592546625155955,5.3788303878263834e-05,0.0003,,
42,1.0,5200,6.1,0.6729356450191007,1.72136022834052,0.1259558581421151,4.365992518103213e-05,0.0003,,
42,1.0,5400,6.34,0.6658830443726124,1.7368228032839077,0.0794257594551891,2.451252108102153e-05,0.0003,,
42,1.0,5600,6.57,0.6664707610931531,1.7729628066210197,0.0874412223696708,2.800891543948581e-05,0.0003,,
42,1.0,5800,6.81,0.6664707610931531,1.765444033957915,0.1040732377301901,3.296098055386665e-05,0.0003,,
42,1.0,6000,7.04,0.6673523361739642,1.7794069178028034,0.0891809734050184,2.898307498469421e-05,0.0003,,
42,1.0,1600,final,0.682339112547752,,,,,0.6779312371436967,1.4115680089390632
42,2.0,200,0.23,0.6364972083455774,1.532051440918407,1.8740126439929008,0.0005254777519439,0.0006,,
42,2.0,400,0.47,0.6526594181604467,1.470762328719028,1.619919981956482,0.0004663412817171,0.0006,,
42,2.0,600,0.7,0.6594181604466647,1.4281321622293346,1.5501523253321647,0.0004518770366121,0.0006,,
42,2.0,800,0.94,0.6679400528945049,1.3965305525731802,1.5471007797122,0.0004525720799574,0.0006,,
42,2.0,1000,1.17,0.6702909197766677,1.43390194267306,1.151635903865099,0.00034719117255,0.0006,,
42,2.0,1200,1.41,0.67234792829856,1.433191658362479,0.9941227930784226,0.0003147366829944,0.0006,,
42,2.0,1600,1.88,0.6729356450191007,1.4069158684373635,0.991650927066803,0.0003082372570861,0.0006,,
42,2.0,1800,2.11,0.6714663532177491,1.4488817880670708,0.8508277452737093,0.0002633095719284,0.0006,,
42,2.0,2000,2.35,0.6699970614163973,1.4853770605981125,0.6159879112988711,0.0001988451669785,0.0006,,
42,2.0,2200,2.58,0.6708786364972084,1.4872386783860625,0.6432447883486748,0.0002044849086814,0.0006,,
42,2.0,2400,2.82,0.6632383191301793,1.4998530463947466,0.6405135795474053,0.0002071890539627,0.0006,,
42,2.0,2600,3.05,0.6694093446958566,1.5421809259404724,0.5871695937402547,0.0001883467719414,0.0006,,
42,2.0,2800,3.29,0.6732295033793712,1.5683858924286176,0.3656318642571568,0.0001203060401257,0.0007,,
42,2.0,3000,3.52,0.6758742286218042,1.5489480077712423,0.3841450884193182,0.0001281439138074,0.0007,,
42,2.0,3200,3.76,0.6658830443726124,1.5841526359170806,0.4066036370582878,0.000136693128029,0.0007,,
42,2.0,3400,3.99,0.6688216279753159,1.5762507875124006,0.409487308897078,0.0001341621918709,0.0007,,
42,2.0,3600,4.23,0.6708786364972084,1.6340388433918545,0.2696131579205393,8.562336407976546e-05,0.0006,,
42,2.0,3800,4.46,0.6694093446958566,1.6051480559664475,0.2287110618967563,7.815719658083254e-05,0.0007,,
42,2.0,4000,4.69,0.6667646194534235,1.640531060364959,0.2428816415928304,8.11597500478456e-05,0.0007,,
42,2.0,4200,4.93,0.6679400528945049,1.6660411025176074,0.2446419197041541,8.31549244389862e-05,0.0007,,
42,2.0,4400,5.16,0.6714663532177491,1.6659146796823283,0.1729326862283051,5.598759271549625e-05,0.0006,,
42,2.0,4600,5.4,0.6644137525712607,1.7046169501620112,0.1273562423046678,4.196048625487947e-05,0.0007,,
42,2.0,4800,5.63,0.6664707610931531,1.7109673462157875,0.148337294543162,5.072702494999248e-05,0.0007,,
42,2.0,5000,5.87,0.6714663532177491,1.6782990162412177,0.1523086317256093,5.1527312697885465e-05,0.0007,,
42,2.0,5200,6.1,0.6673523361739642,1.7213416642173052,0.1359618446696549,4.39746532265417e-05,0.0006,,
42,2.0,5400,6.34,0.6670584778136938,1.7491916913890573,0.0816903069568797,2.583181504604681e-05,0.0006,,
42,2.0,5600,6.57,0.6623567440493682,1.7841064731338394,0.0993029111251235,3.0811598995796886e-05,0.0006,,
42,2.0,5800,6.81,0.6658830443726124,1.782204109940009,0.1006764804152771,3.327552874381468e-05,0.0007,,
42,2.0,6000,7.04,0.6676461945342345,1.8076074218622136,0.0889135354934842,2.8896343406916712e-05,0.0006,,
42,2.0,1400,final,0.678225095503967,,,,,0.6761680869820746,1.3897608165841857
42,4.0,200,0.23,0.6359094916250367,1.55336849606461,1.849309611916542,0.0005210191986407,0.0011,,
42,4.0,400,0.47,0.6553041434028798,1.4850350671696586,1.6294258531928063,0.0004614810465864,0.0011,,
42,4.0,600,0.7,0.6632383191301793,1.4288117291732567,1.5718017292022706,0.00046218123578,0.0012,,
42,4.0,800,0.94,0.6691154863355863,1.4065562081957017,1.507018928527832,0.0004421927130169,0.0012,,
42,4.0,1000,1.17,0.669703203056127,1.4304122747374464,1.1786961030960084,0.0003529712784074,0.0012,,
42,4.0,1200,1.41,0.6682339112547752,1.4234947872983337,0.991670114248991,0.0003074209046462,0.0012,,
42,4.0,1400,1.64,0.6729356450191007,1.398756419845164,0.9923833794891834,0.0003124024763383,0.0013,,
42,4.0,1600,1.88,0.6767558037026153,1.412964499578243,0.9973193122446538,0.0003081285217922,0.0012,,
42,4.0,2000,2.35,0.678225095503967,1.479922106016078,0.6271960918605327,0.0002004556931933,0.0013,,
42,4.0,2200,2.58,0.6717602115780194,1.4965878206379373,0.6344742704927921,0.0002010952493765,0.0013,,
42,4.0,2400,2.82,0.6685277696150456,1.471585354111736,0.6331345640495419,0.000207114755176,0.0013,,
42,4.0,2600,3.05,0.6744049368204525,1.5206649474560987,0.5728069915995002,0.000188412653888,0.0013,,
42,4.0,2800,3.29,0.6711724948574787,1.5342697766189397,0.3809026813879609,0.0001257148751574,0.0013,,
42,4.0,3000,3.52,0.6746987951807228,1.5588586670780336,0.3667247655242681,0.0001214940402496,0.0013,,
42,4.0,3200,3.76,0.6758742286218042,1.560213228494428,0.4112088591605425,0.0001367484926504,0.0013,,
42,4.0,3400,3.99,0.6749926535409932,1.55168445678956,0.4291955299302936,0.0001465315608402,0.0014,,
42,4.0,3600,4.23,0.6749926535409932,1.6080068407857764,0.23338787317276,7.811162817006334e-05,0.0013,,
42,4.0,3800,4.46,0.6711724948574787,1.6290684685203,0.2187452627439051,7.398390584967274e-05,0.0014,,
42,4.0,4000,4.69,0.6691154863355863,1.6377653981039813,0.2362252671644091,8.011511438326125e-05,0.0014,,
42,4.0,4200,4.93,0.6714663532177491,1.6326890688870117,0.2463049687258899,8.305993485009822e-05,0.0013,,
42,4.0,4400,5.16,0.6726417866588305,1.6744823810539629,0.1639438236970454,5.360116665400483e-05,0.0013,,
42,4.0,4600,5.4,0.6726417866588305,1.6769455034102967,0.137411893075332,4.711441898962221e-05,0.0014,,
42,4.0,4800,5.63,0.6679400528945049,1.6921223386609832,0.1407357387803495,4.658899528521942e-05,0.0013,,
42,4.0,5000,5.87,0.6626506024096386,1.7067454606250845,0.1528259490896016,5.017092753860197e-05,0.0013,,
42,4.0,5200,6.1,0.6682339112547752,1.714294027973896,0.1142000879731495,3.7046675496199555e-05,0.0013,,
42,4.0,5400,6.34,0.6635321774904496,1.741397050551166,0.0860500718932598,2.6456063808382168e-05,0.0012,,
42,4.0,5600,6.57,0.6661769027328828,1.7396442727187154,0.0835006647417321,2.537233204023437e-05,0.0012,,
42,4.0,5800,6.81,0.669703203056127,1.7831736229734494,0.0953937812056392,3.137847986437237e-05,0.0013,,
42,4.0,6000,7.04,0.6650014692918014,1.7791672990825154,0.0920238979998737,3.0026745929285963e-05,0.0013,,
42,4.0,1800,final,0.6794005289450484,,,,,0.6814575374669409,1.415694995028742
123,0.0,200,0.23,0.6332647663826035,1.558793909403285,1.870012799501419,0.0,0.0,,
123,0.0,400,0.47,0.6517778430796356,1.4712258331081358,1.6412000766396522,0.0,0.0,,
123,0.0,600,0.7,0.6567734352042316,1.4221751946160066,1.5645562511682511,0.0,0.0,,
123,0.0,800,0.94,0.6682339112547752,1.3854060186521466,1.4416957303881646,0.0,0.0,,
123,0.0,1000,1.17,0.670584778136938,1.417623034285126,1.1626889868825674,0.0,0.0,,
123,0.0,1200,1.41,0.6691154863355863,1.4271828381412,0.9929838664829732,0.0,0.0,,
123,0.0,1400,1.64,0.6738172200999119,1.4060848111304822,0.9895685864984988,0.0,0.0,,
123,0.0,1600,1.88,0.6602997355274758,1.4083320484103927,1.0259930607676506,0.0,0.0,,
123,0.0,1800,2.11,0.6708786364972084,1.4639437153449382,0.8200124591472558,0.0,0.0,,
123,0.0,2000,2.35,0.6770496620628856,1.4516405785675788,0.6158339680731296,0.0,0.0,,
123,0.0,2200,2.58,0.6694093446958566,1.4607702639219935,0.6201544986665248,0.0,0.0,,
123,0.0,2400,2.82,0.669703203056127,1.4544726759589424,0.6525114453211427,0.0,0.0,,
123,0.0,2600,3.05,0.6620628856890979,1.5622022213951263,0.6130809995532036,0.0,0.0,,
123,0.0,2800,3.29,0.6708786364972084,1.5647253430733918,0.3695767008140683,0.0,0.0,,
123,0.0,3000,3.52,0.6764619453423449,1.5459800676987026,0.3847228281199932,0.0,0.0,,
123,0.0,3200,3.76,0.6708786364972084,1.5642557453485646,0.41680927939713,0.0,0.0,,
123,0.0,3400,3.99,0.6714663532177491,1.5473003633716615,0.4276147367432713,0.0,0.0,,
123,0.0,3600,4.23,0.6664707610931531,1.585244676382304,0.2189297939883545,0.0,0.0,,
123,0.0,3800,4.46,0.6673523361739642,1.601803998403468,0.2383872357942164,0.0,0.0,,
123,0.0,4000,4.69,0.6708786364972084,1.6374998263250615,0.2511273743212223,0.0,0.0,,
123,0.0,4200,4.93,0.670584778136938,1.600908625837007,0.2473861859366297,0.0,0.0,,
123,0.0,4400,5.16,0.6729356450191007,1.6569420222215991,0.1827288947813213,0.0,0.0,,
123,0.0,4600,5.4,0.6738172200999119,1.66413769576958,0.144992788573727,0.0,0.0,,
123,0.0,4800,5.63,0.6694093446958566,1.6693936244831202,0.1368258644267916,0.0,0.0,,
123,0.0,5000,5.87,0.6720540699382898,1.6877772711740673,0.147345768501982,0.0,0.0,,
123,0.0,5200,6.1,0.6676461945342345,1.7046079593408188,0.1371371164638549,0.0,0.0,,
123,0.0,5400,6.34,0.675580370261534,1.6952964828324746,0.091736022667028,0.0,0.0,,
123,0.0,5800,6.81,0.6720540699382898,1.7494278091421696,0.0959290771139785,0.0,0.0,,
123,0.0,6000,7.04,0.6735233617396414,1.72581645325286,0.0896450525010004,0.0,0.0,,
123,0.0,5600,final,0.678225095503967,,,,,0.6608874522480165,1.8350782756626065
123,0.1,200,0.23,0.6335586247428739,1.5457631126768687,1.8427188795804976,0.000514363019829,0.0,,
123,0.1,400,0.47,0.652953276520717,1.486236471132149,1.6504467263817788,0.0004664112138561,0.0,,
123,0.1,600,0.7,0.6600058771672054,1.4245265478636635,1.576264904141426,0.0004545019299257,0.0,,
123,0.1,800,0.94,0.6644137525712607,1.3974917418214807,1.4763693818449974,0.0004329020001023,0.0,,
123,0.1,1000,1.17,0.6673523361739642,1.4175636129031768,1.1201604417711497,0.0003352815742982,0.0,,
123,0.1,1200,1.41,0.664707610931531,1.4244540869891906,0.9917959137260914,0.0003093904714842,0.0,,
123,0.1,1400,1.64,0.6744049368204525,1.38806907688559,1.010457607656717,0.0003169304490802,0.0,,
123,0.1,1600,1.88,0.6717602115780194,1.4025057911207282,1.0024051138758658,0.0003113480959291,0.0,,
123,0.1,2000,2.35,0.67234792829856,1.4793916226239054,0.601863695755601,0.0001935608894928,0.0,,
123,0.1,2200,2.58,0.6720540699382898,1.4678612119514662,0.6380139260739088,0.0002046347902069,0.0,,
123,0.1,2400,2.82,0.6758742286218042,1.474720177670069,0.6651245138049126,0.0002104544676694,0.0,,
123,0.1,2600,3.05,0.6714663532177491,1.5110623064967348,0.5814283479657024,0.0001849518398903,0.0,,
123,0.1,2800,3.29,0.675580370261534,1.536195936043263,0.3720064329728484,0.0001222820651946,0.0,,
123,0.1,3000,3.52,0.6714663532177491,1.5318280156836452,0.3906250712648034,0.0001309395931093,0.0,,
123,0.1,3200,3.76,0.670584778136938,1.5331951388883969,0.4078262952715158,0.0001353581596413,0.0,,
123,0.1,3400,3.99,0.6661769027328828,1.5608355141267545,0.4081027474999428,0.0001360712835594,0.0,,
123,0.1,3600,4.23,0.670584778136938,1.6011481476888003,0.232945529819699,7.762833834757288e-05,0.0,,
123,0.1,3800,4.46,0.67234792829856,1.5985339708164303,0.2316685929894447,7.678680502976931e-05,0.0,,
123,0.1,4000,4.69,0.6661769027328828,1.6282595755281148,0.2174205976165831,7.491253747502924e-05,0.0,,
123,0.1,4200,4.93,0.6676461945342345,1.6556645030839423,0.2430417258758098,8.244062012636278e-05,0.0,,
123,0.1,4400,5.16,0.6761680869820746,1.6561036241639546,0.1840538877621293,6.115588967986696e-05,0.0,,
123,0.1,4600,5.4,0.6670584778136938,1.6841216276156492,0.1279027470387518,4.035957264534318e-05,0.0,,
123,0.1,4800,5.63,0.6714663532177491,1.6872553756543198,0.1414768717251718,4.694331650910045e-05,0.0,,
123,0.1,5000,5.87,0.67234792829856,1.7143668312554214,0.1423630163818597,4.725894667330976e-05,0.0,,
123,0.1,5200,6.1,0.6735233617396414,1.7135089706260598,0.1198600778821855,4.084090176576183e-05,0.0,,
123,0.1,5400,6.34,0.6717602115780194,1.725594595429339,0.0847089088428765,2.5975154546813428e-05,0.0,,
123,0.1,5600,6.57,0.6720540699382898,1.7308552845449894,0.0911244569253176,2.910624243128268e-05,0.0,,
123,0.1,5800,6.81,0.6720540699382898,1.7626470482212775,0.0919626408442854,2.9832833862997177e-05,0.0,,
123,0.1,6000,7.04,0.6620628856890979,1.8063665077576312,0.1023091941233724,3.1629024263111206e-05,0.0,,
123,0.1,1800,final,0.6794005289450484,,,,,0.6597120188069351,1.5372781700293456
123,0.5,200,0.23,0.6364972083455774,1.54597175534669,1.8316173100471496,0.0005140741099603,0.0001,,
123,0.5,400,0.47,0.6464883925947693,1.475887146918801,1.6077636089920997,0.0004612711306253,0.0001,,
123,0.5,600,0.7,0.6644137525712607,1.4205322529230613,1.5790038013458252,0.0004631337619503,0.0001,,
123,0.5,800,0.94,0.6652953276520717,1.40611426470527,1.4994357544183732,0.0004335570853436,0.0001,,
123,0.5,1000,1.17,0.6541287099617984,1.4631077325802988,1.1595163068128749,0.0003474789992456,0.0001,,
123,0.5,1200,1.41,0.6614751689685572,1.4404130999634903,1.0070770993828773,0.0003093851300945,0.0002,,
123,0.5,1400,1.64,0.6655891860123421,1.4305903488595522,1.0019361901283264,0.0003085135529545,0.0002,,
123,0.5,1600,1.88,0.6744049368204525,1.4118843181953689,1.0095071774721145,0.0003116064288042,0.0002,,
123,0.5,1800,2.11,0.677343520423156,1.4461781338597268,0.8114871410792693,0.0002591620748309,0.0002,,
123,0.5,2000,2.35,0.6691154863355863,1.4736779316572313,0.6150704783201217,0.0001986635540561,0.0002,,
123,0.5,2200,2.58,0.6632383191301793,1.4807976342774896,0.6416328756511211,0.0002064077540126,0.0002,,
123,0.5,2400,2.82,0.6661769027328828,1.4952646261133098,0.6244973182305693,0.0002014629302175,0.0002,,
123,0.5,2600,3.05,0.67234792829856,1.5039580552465173,0.5938524580653757,0.0001869464469215,0.0002,,
123,0.5,2800,3.29,0.6714663532177491,1.531973473436511,0.365514749251306,0.0001197961525485,0.0002,,
123,0.5,3000,3.52,0.67234792829856,1.5516251932863554,0.3991318175569177,0.0001323602725733,0.0002,,
123,0.5,3200,3.76,0.6752865119012635,1.5269213115997329,0.3946345135197043,0.0001314395516146,0.0002,,
123,0.5,3400,3.99,0.6629444607699089,1.5515011486291117,0.4276557420939207,0.0001413224602401,0.0002,,
123,0.5,3600,4.23,0.6679400528945049,1.6084902442415918,0.2596355841960758,8.514068864940328e-05,0.0002,,
123,0.5,3800,4.46,0.6632383191301793,1.6268417367926773,0.217716144118458,7.417554541689242e-05,0.0002,,
123,0.5,4200,4.93,0.6738172200999119,1.6247687817250425,0.2529636233951896,8.715505231521092e-05,0.0002,,
123,0.5,4400,5.16,0.677343520423156,1.6373503166123624,0.1548151539824903,5.109931567119474e-05,0.0002,,
123,0.5,4600,5.4,0.6735233617396414,1.6716427155673206,0.1254841080261394,4.070287639251546e-05,0.0002,,
123,0.5,4800,5.63,0.6650014692918014,1.6925658701519175,0.1448762691766023,5.022832583620129e-05,0.0002,,
123,0.5,5000,5.87,0.6699970614163973,1.6840177577206783,0.160457632439211,5.324828859784247e-05,0.0002,,
123,0.5,5200,6.1,0.6685277696150456,1.7118788097243152,0.1213491151668131,3.972182813598124e-05,0.0002,,
123,0.5,5400,6.34,0.6641198942109903,1.736544194166849,0.0776441111275926,2.387390750953955e-05,0.0002,,
123,0.5,5600,6.57,0.6702909197766677,1.7189619060898051,0.0823621732927858,2.5571743226464605e-05,0.0002,,
123,0.5,5800,6.81,0.66382603585072,1.741993656832437,0.0995966515969485,3.166533124613125e-05,0.0002,,
123,0.5,6000,7.04,0.6644137525712607,1.7918946302325944,0.0861143610180806,2.693254461401993e-05,0.0002,,
123,0.5,4000,final,0.6785189538642374,,,,,0.657948868645313,1.7014194545835528
123,1.0,200,0.23,0.6297384660593593,1.5606259094102923,1.8000510638952256,0.0005083087184175,0.0003,,
123,1.0,400,0.47,0.6514839847193653,1.4664275631847152,1.656071375310421,0.000468671129056,0.0003,,
123,1.0,600,0.7,0.6523655598001763,1.426688782947399,1.5926070669293404,0.0004544337408151,0.0003,,
123,1.0,800,0.94,0.6667646194534235,1.4010118707957564,1.5265359836816788,0.0004454344189434,0.0003,,
123,1.0,1000,1.17,0.6629444607699089,1.4137007347843138,1.082923046350479,0.000327202846056,0.0003,,
5000,0.0,200,0.23,0.6265060240963856,1.567923178961443,1.8548068112134937,0.0,0.0,,
5000,0.0,400,0.47,0.6441375257126065,1.495494893428826,1.6307919436693192,0.0,0.0,,
5000,0.0,600,0.7,0.6558918601234205,1.4514006566132582,1.5339288012683392,0.0,0.0,,
5000,0.0,800,0.94,0.669703203056127,1.4057745505808523,1.519185134768486,0.0,0.0,,
5000,0.0,1000,1.17,0.6655891860123421,1.4315285285080386,1.157170814871788,0.0,0.0,,
5000,0.0,1200,1.41,0.66382603585072,1.4523897185032766,0.9781731009483338,0.0,0.0,,
5000,0.0,1400,1.64,0.6744049368204525,1.4185557149979005,0.9884811337292194,0.0,0.0,,
5000,0.0,1600,1.88,0.6708786364972084,1.4048846322159678,0.9962513175606728,0.0,0.0,,
5000,0.0,1800,2.11,0.6738172200999119,1.4651681496541429,0.8261362231522799,0.0,0.0,,
5000,0.0,2000,2.35,0.6720540699382898,1.4587414359962314,0.6144411173462868,0.0,0.0,,
5000,0.0,2200,2.58,0.6708786364972084,1.4861059127188836,0.597289836704731,0.0,0.0,,
5000,0.0,2400,2.82,0.6726417866588305,1.49645474067058,0.6245520642399788,0.0,0.0,,
5000,0.0,2800,3.29,0.6708786364972084,1.5642520671306972,0.3664385885745287,0.0,0.0,,
5000,0.0,3000,3.52,0.6738172200999119,1.5696610992458544,0.3685418041050434,0.0,0.0,,
5000,0.0,3200,3.76,0.6699970614163973,1.5813622688007047,0.392960591390729,0.0,0.0,,
5000,0.0,3400,3.99,0.6691154863355863,1.5633272103201177,0.4127556826174259,0.0,0.0,,
5000,0.0,3600,4.23,0.6738172200999119,1.6457720579485875,0.2905286476388574,0.0,0.0,,
5000,0.0,3800,4.46,0.6726417866588305,1.6310246096545726,0.2290585350617766,0.0,0.0,,
5000,0.0,4000,4.69,0.6717602115780194,1.6593257290035566,0.240583242624998,0.0,0.0,,
5000,0.0,4200,4.93,0.6708786364972084,1.6774171418103967,0.2407394375186413,0.0,0.0,,
5000,0.0,4400,5.16,0.6679400528945049,1.7041588609722338,0.1738269737208975,0.0,0.0,,
5000,0.0,4600,5.4,0.6655891860123421,1.7170452924465525,0.1378907182347029,0.0,0.0,,
5000,0.0,4800,5.63,0.669703203056127,1.7033355962939378,0.1322205817885696,0.0,0.0,,
5000,0.0,5000,5.87,0.6679400528945049,1.7266565020421376,0.1474872038979083,0.0,0.0,,
5000,0.0,5200,6.1,0.6635321774904496,1.7550665414091633,0.1274027391051641,0.0,0.0,,
5000,0.0,5400,6.34,0.6702909197766677,1.7587334093121336,0.0806943633686751,0.0,0.0,,
5000,0.0,5600,6.57,0.6694093446958566,1.7730152519737803,0.0890637762704864,0.0,0.0,,
5000,0.0,5800,6.81,0.6679400528945049,1.7777324694939791,0.0999591177189722,0.0,0.0,,
5000,0.0,6000,7.04,0.6650014692918014,1.8173668772341256,0.089299176656641,0.0,0.0,,
5000,0.0,2600,final,0.6746987951807228,,,,,0.6664707610931531,1.6360389070583727
5000,0.1,200,0.23,0.6394357919482809,1.5605031965481615,1.8387890535593032,0.0005158087796007,0.0,,
5000,0.1,400,0.47,0.6453129591536879,1.5044423663682738,1.598381772339344,0.0004634846554108,0.0,,
5000,0.1,600,0.7,0.657948868645313,1.447719483280266,1.532076412141323,0.000444033685053,0.0,,
5000,0.1,800,0.94,0.6661769027328828,1.4141559212690515,1.4996430870890618,0.0004420102324365,0.0,,
5000,0.1,1000,1.17,0.6726417866588305,1.4183171821488303,1.1630409789830447,0.0003544640425388,0.0,,
5000,0.1,1200,1.41,0.6726417866588305,1.429579921725775,1.012250964641571,0.0003163779655369,0.0,,
5000,0.1,1400,1.64,0.6670584778136938,1.4316677026036837,0.997222590520978,0.0003103377042134,0.0,,
5000,0.1,1600,1.88,0.6688216279753159,1.4323329156614422,0.9838791232556104,0.0003081653520894,0.0,,
5000,0.1,2000,2.35,0.678225095503967,1.4648150769605588,0.6123485561460257,0.0001955751144669,0.0,,
5000,0.1,2200,2.58,0.6699970614163973,1.491268448433104,0.6316060720384121,0.0002039551665075,0.0,,
5000,0.1,2400,2.82,0.67234792829856,1.4757313964789385,0.6390543441474438,0.0002067391007403,0.0,,
5000,0.1,2600,3.05,0.6770496620628856,1.5410380479415795,0.5726661636307836,0.0001893023420416,0.0,,
5000,0.1,2800,3.29,0.6764619453423449,1.5371939458112804,0.3948131525143981,0.0001274501062289,0.0,,
5000,0.1,3000,3.52,0.6717602115780194,1.5711660926355322,0.3747878033295274,0.0001223824806402,0.0,,
5000,0.1,3200,3.76,0.6726417866588305,1.5830797957841558,0.393241690993309,0.0001343427232586,0.0,,
5000,0.1,3400,3.99,0.6729356450191007,1.5832634287794092,0.3823712411895394,0.00012723297099,0.0,,
5000,0.1,3600,4.23,0.6691154863355863,1.650452929071353,0.2357798867858946,7.757431219715727e-05,0.0,,
5000,0.1,3800,4.46,0.6746987951807228,1.6461323816706914,0.2252541468851268,7.479043520788764e-05,0.0,,
5000,0.1,4000,4.69,0.6749926535409932,1.6690794989672473,0.2344987783022225,8.020761271836818e-05,0.0,,
5000,0.1,4200,4.93,0.6691154863355863,1.6685876085798144,0.2291146212443709,7.876998201254537e-05,0.0,,
5000,0.1,4400,5.16,0.6729356450191007,1.7062964945234622,0.1681883483380079,5.383158980464486e-05,0.0,,
5000,0.1,4600,5.4,0.6717602115780194,1.733823336155107,0.122537340959534,3.896287582847435e-05,0.0,,
5000,0.1,4800,5.63,0.670584778136938,1.7359778516053663,0.1349611829966306,4.505536954184208e-05,0.0,,
5000,0.1,5000,5.87,0.669703203056127,1.736725674038455,0.1483041352592408,4.900017616819241e-05,0.0,,
5000,0.1,5200,6.1,0.6702909197766677,1.7541279323374983,0.1328911663079634,4.307270420270015e-05,0.0,,
5000,0.1,5400,6.34,0.6732295033793712,1.775997689987259,0.0831747046113014,2.574781682540106e-05,0.0,,
5000,0.1,5600,6.57,0.677343520423156,1.781858132511176,0.0819916650466621,2.4806452412207136e-05,0.0,,
5000,0.1,5800,6.81,0.6717602115780194,1.7573692470377344,0.094610341801308,3.0053975202974924e-05,0.0,,
5000,0.1,6000,7.04,0.6711724948574787,1.7888497306850073,0.0878029899531975,2.8040802739752734e-05,0.0,,
5000,0.1,1800,final,0.6802821040258595,,,,,0.6635321774904496,1.5572683215666756
5000,0.5,200,0.23,0.6223920070526007,1.5758390171612635,1.8455230116844177,0.0005095481815806,0.0001,,
5000,0.5,400,0.47,0.6491331178372025,1.4994671553189425,1.629551767706871,0.000467813014693,0.0001,,
5000,0.5,600,0.7,0.6602997355274758,1.4405045123650964,1.5094115829467774,0.0004466684442013,0.0001,,
5000,0.5,800,0.94,0.6679400528945049,1.4249624597861632,1.5410723558068276,0.0004514829087565,0.0001,,
5000,0.5,1000,1.17,0.6741110784601821,1.4456314382012228,1.098847119435668,0.0003336117555136,0.0002,,
5000,0.5,1200,1.41,0.669703203056127,1.4561545551085942,0.940379716604948,0.0002921760857861,0.0002,,
5000,0.5,1400,1.64,0.6667646194534235,1.4409234606795824,1.0126206167042255,0.0003171432868839,0.0002,,
5000,0.5,1600,1.88,0.6729356450191007,1.4195290910752774,1.0182190500944852,0.0003129745324258,0.0002,,
5000,0.5,1800,2.11,0.6758742286218042,1.461064393366921,0.7741331747500226,0.0002457166300243,0.0002,,
5000,0.5,2000,2.35,0.6699970614163973,1.481032909486632,0.6015464080125094,0.0001942112193319,0.0002,,
5000,0.5,2200,2.58,0.6720540699382898,1.4982092464947538,0.6365733070671559,0.0002060961125607,0.0002,,
5000,0.5,2600,3.05,0.6741110784601821,1.543505022569926,0.5806828314438462,0.0001882590660807,0.0002,,
5000,0.5,2800,3.29,0.6770496620628856,1.5778523180507893,0.3555430077388882,0.0001192999649629,0.0002,,
5000,0.5,3000,3.52,0.6652953276520717,1.5855547409704984,0.3632504428364336,0.0001207628104202,0.0002,,
5000,0.5,3200,3.76,0.6652953276520717,1.5995578054046409,0.4040186340920627,0.0001307463970215,0.0002,,
5000,0.5,3400,3.99,0.6749926535409932,1.569125062011811,0.3965872656926513,0.0001332322101006,0.0002,,
5000,0.5,3600,4.23,0.6749926535409932,1.6252521891261842,0.22367525003443,7.377651537148311e-05,0.0002,,
5000,0.5,3800,4.46,0.664707610931531,1.661769265502192,0.2245159571431577,7.588835500655478e-05,0.0002,,
5000,0.5,4000,4.69,0.6688216279753159,1.681355777152524,0.2226067465171217,7.673236176287901e-05,0.0002,,
5000,0.5,4200,4.93,0.6720540699382898,1.6621738650887776,0.2269068889738991,7.683178191172147e-05,0.0002,,
5000,0.5,4400,5.16,0.6776373787834263,1.7072799144126092,0.1628429912077263,5.366908697510553e-05,0.0002,,
5000,0.5,4600,5.4,0.6711724948574787,1.7092252742743232,0.127392010781914,4.049853236665512e-05,0.0002,,
5000,0.5,4800,5.63,0.6752865119012635,1.7118004494963273,0.1332584823388606,4.499619527678078e-05,0.0002,,
5000,0.5,5000,5.87,0.6726417866588305,1.73372940081132,0.1509469819068908,4.9512183416027256e-05,0.0002,,
5000,0.5,5200,6.1,0.6744049368204525,1.7708923324500327,0.111614089764771,3.544167513021418e-05,0.0002,,
5000,0.5,5400,6.34,0.670584778136938,1.7679546502559211,0.0844996962696313,2.578698606185981e-05,0.0002,,
5000,0.5,5600,6.57,0.6679400528945049,1.7604280925658813,0.0865387455467134,2.761277686374797e-05,0.0002,,
5000,0.5,5800,6.81,0.6635321774904496,1.7862794384548604,0.0904924373980611,2.8381971138458083e-05,0.0002,,
5000,0.5,6000,7.04,0.657948868645313,1.8670401028804908,0.1069246968161314,3.464621346665808e-05,0.0002,,
5000,0.5,2400,final,0.6776373787834263,,,,,0.6632383191301793,1.600514251310756
5000,1.0,200,0.23,0.628563032618278,1.5574452531292198,1.8306549769639968,0.0005127960839308,0.0003,,
5000,1.0,400,0.47,0.6397296503085512,1.4963434194418532,1.6098222866654397,0.0004674795936443,0.0003,,
5000,1.0,600,0.7,0.6553041434028798,1.4412840254825947,1.5704246985912322,0.0004546501061849,0.0003,,
5000,1.0,800,0.94,0.6650014692918014,1.418759869296096,1.501413946449757,0.0004413081514212,0.0003,,
5000,1.0,1000,1.17,0.6714663532177491,1.424797524538525,1.1088006300479174,0.0003410078533988,0.0003,,
5000,1.0,1200,1.41,0.6641198942109903,1.4413380259595967,0.9816308508813382,0.0002995112712233,0.0003,,
5000,1.0,1400,1.64,0.6682339112547752,1.4303244618223303,0.9697936779260636,0.0003074108451983,0.0003,,
5000,1.0,1800,2.11,0.6729356450191007,1.4613991752288775,0.8139016937091946,0.0002553388147316,0.0003,,
5000,1.0,2000,2.35,0.6758742286218042,1.471210481137554,0.6140361021831632,0.0001950044664044,0.0003,,
5000,1.0,2200,2.58,0.6805759623861299,1.4909917858464556,0.6046069853007794,0.0001996977875751,0.0003,,
5000,1.0,2400,2.82,0.6749926535409932,1.4984479878112005,0.6500987835228443,0.0002116542056137,0.0003,,
5000,1.0,2600,3.05,0.6741110784601821,1.5592602559688544,0.5614552168548107,0.0001850604615174,0.0003,,
5000,1.0,2800,3.29,0.6726417866588305,1.576337677396258,0.3740408811718225,0.0001228624922168,0.0003,,
5000,1.0,3000,3.52,0.6717602115780194,1.5851568509787628,0.364630709849298,0.0001219758215393,0.0003,,
5000,1.0,3200,3.76,0.6691154863355863,1.5892213032310794,0.3779354390129447,0.0001260804356934,0.0003,,
5000,1.0,3400,3.99,0.6699970614163973,1.5947048354071798,0.4066056112200021,0.0001361613542121,0.0003,,
5000,1.0,3600,4.23,0.6688216279753159,1.6446883289245795,0.2226405915338546,7.360970390571709e-05,0.0003,,
5000,1.0,3800,4.46,0.6752865119012635,1.6373824830830117,0.2159614073298871,7.237896500555507e-05,0.0003,,
5000,1.0,4000,4.69,0.6726417866588305,1.6666635200622115,0.2374079186655581,8.109876687512951e-05,0.0003,,
5000,1.0,4200,4.93,0.6714663532177491,1.690308226545593,0.2384295563399791,8.022277659620159e-05,0.0003,,
5000,1.0,4400,5.16,0.6691154863355863,1.7317337916943385,0.171180098997429,5.689689801329223e-05,0.0003,,
5000,1.0,4600,5.4,0.6694093446958566,1.7123954935771664,0.1278782445844263,4.1674919618799325e-05,0.0003,,
5000,1.0,4800,5.63,0.6655891860123421,1.745603595801462,0.1413314993493259,4.685588998540879e-05,0.0003,,
5000,1.0,5000,5.87,0.6717602115780194,1.7258518818999051,0.1458662866987288,5.011694234553943e-05,0.0003,,
5000,1.0,5200,6.1,0.6673523361739642,1.7692678767444454,0.1128004682616847,3.611453967458553e-05,0.0003,,
5000,1.0,5400,6.34,0.6708786364972084,1.7844807306808688,0.0746008707769215,2.273615052558853e-05,0.0003,,
5000,1.0,5600,6.57,0.6752865119012635,1.776963635013624,0.0913681236281991,2.877759349473763e-05,0.0003,,
5000,1.0,5800,6.81,0.675580370261534,1.80762589643396,0.0855796245904639,2.6682573617904383e-05,0.0003,,
5000,1.0,6000,7.04,0.6691154863355863,1.7940637059958584,0.0829755639121867,2.631461724100559e-05,0.0003,,
5000,1.0,1600,final,0.6861592712312665,,,,,0.6720540699382898,1.5112906077872856
5000,2.0,200,0.23,0.6379665001469291,1.56325394789191,1.8229722049832344,0.000506661835825,0.0006,,
5000,2.0,400,0.47,0.652071701439906,1.4822806998137128,1.605349727571011,0.0004710763179173,0.0006,,
5000,2.0,600,0.7,0.6611813106082868,1.4485083682516762,1.5575939950346946,0.0004512796558265,0.0006,,
5000,2.0,800,0.94,0.6691154863355863,1.4040807680350835,1.5436232188344,0.0004522749261377,0.0006,,
5000,2.0,1000,1.17,0.670584778136938,1.4418070438571653,1.1078304103016854,0.0003384046591963,0.0006,,
5000,2.0,1200,1.41,0.6711724948574787,1.451213810326876,0.9967615082859992,0.0003085039168217,0.0006,,
5000,2.0,1400,1.64,0.6717602115780194,1.433553435541131,0.9681181792914868,0.0003021480570896,0.0006,,
5000,2.0,1600,1.88,0.6729356450191007,1.4122407522896545,1.0145264008641244,0.0003141176234203,0.0006,,
5000,2.0,1800,2.11,0.6749926535409932,1.4824643993321636,0.7946133426576852,0.0002520501834442,0.0006,,
5000,2.0,2000,2.35,0.6726417866588305,1.4859530780723855,0.620110506080091,0.0001982719140323,0.0006,,
5000,2.0,2200,2.58,0.6670584778136938,1.5074154944970544,0.6088114216923713,0.0001979506394854,0.0006,,
5000,2.0,2600,3.05,0.6744049368204525,1.5424213700878806,0.5775211603927892,0.0001875844681321,0.0006,,
5000,2.0,2800,3.29,0.6767558037026153,1.5495152678378987,0.3535382626578212,0.0001143234454775,0.0006,,
5000,2.0,3000,3.52,0.6744049368204525,1.5582143682050522,0.3527035548351705,0.0001170475438175,0.0007,,
5000,2.0,3200,3.76,0.675580370261534,1.5793322497103588,0.3804573779925704,0.0001277804486744,0.0007,,
5000,2.0,3400,3.99,0.677343520423156,1.5747450055566004,0.420270315632224,0.0001420117806628,0.0007,,
5000,2.0,3600,4.23,0.6779312371436967,1.6069331272819132,0.2066133152600378,6.982556681194297e-05,0.0007,,
5000,2.0,3800,4.46,0.6729356450191007,1.6347427384978772,0.2192446143552661,7.334865695383996e-05,0.0007,,
5000,2.0,4000,4.69,0.6708786364972084,1.6529978680463528,0.2330122025962919,7.983056165699054e-05,0.0007,,
5000,2.0,4200,4.93,0.6746987951807228,1.6705520864518082,0.2567564580589533,8.952586706072906e-05,0.0007,,
5000,2.0,4400,5.16,0.6767558037026153,1.6951319751689058,0.1591655556228943,5.2833752616221474e-05,0.0007,,
5000,2.0,4600,5.4,0.6688216279753159,1.722750627535636,0.1372799841407686,4.474689237781604e-05,0.0007,,
5000,2.0,4800,5.63,0.6676461945342345,1.7451551047416771,0.1401380039658397,4.675670350479777e-05,0.0007,,
5000,2.0,5000,5.87,0.67234792829856,1.7265294228026071,0.1461966390814632,4.8299816518238005e-05,0.0007,,
5000,2.0,5200,6.1,0.6688216279753159,1.7364084857931703,0.1112412498006597,3.5917819384962965e-05,0.0006,,
5000,2.0,5400,6.34,0.6685277696150456,1.7818856798407965,0.0805630109226331,2.4493404926460015e-05,0.0006,,
5000,2.0,5600,6.57,0.6667646194534235,1.8180415381622987,0.0856442621769383,2.61895383635391e-05,0.0006,,
5000,2.0,5800,6.81,0.6720540699382898,1.7986407116375145,0.0934103368921205,3.0689813982860414e-05,0.0007,,
5000,2.0,6000,7.04,0.6702909197766677,1.776190055036699,0.0975829876121133,3.199437599313626e-05,0.0007,,
5000,2.0,2400,final,0.683220687628563,,,,,0.6667646194534235,1.6081336451179309
5000,4.0,200,0.23,0.629444607699089,1.5596597408008268,1.8254825848340988,0.000517390629102,0.0011,,
4000,0.0,200,0.23,0.6429620922715251,1.573737301705271,1.8670801296830175,0.0,0.0,,
4000,0.0,400,0.47,0.6558918601234205,1.479128228945484,1.6559098455309869,0.0,0.0,,
4000,0.0,600,0.7,0.6576550102850426,1.433825554723008,1.6090900172293183,0.0,0.0,,
4000,0.0,800,0.94,0.6553041434028798,1.422131622657333,1.4553093400597572,0.0,0.0,,
4000,0.0,1000,1.17,0.6661769027328828,1.444298428873297,1.1525440254807473,0.0,0.0,,
4000,0.0,1200,1.41,0.6676461945342345,1.4477105026486128,0.9883087910711764,0.0,0.0,,
4000,0.0,1600,1.88,0.6652953276520717,1.4046738936450598,0.9760285228490828,0.0,0.0,,
4000,0.0,1800,2.11,0.67234792829856,1.476810443184147,0.8025809287652373,0.0,0.0,,
4000,0.0,2000,2.35,0.6752865119012635,1.4954057880930434,0.62476821616292,0.0,0.0,,
4000,0.0,2200,2.58,0.6655891860123421,1.496778725018895,0.6451535977423191,0.0,0.0,,
4000,0.0,2400,2.82,0.6670584778136938,1.4928579449023074,0.6595488437265158,0.0,0.0,,
4000,0.0,2600,3.05,0.6650014692918014,1.5400325719517818,0.5920160050317645,0.0,0.0,,
4000,0.0,2800,3.29,0.6664707610931531,1.5566991587228856,0.4066912869736552,0.0,0.0,,
4000,0.0,3000,3.52,0.6720540699382898,1.580944086431301,0.3828557230718434,0.0,0.0,,
4000,0.0,3200,3.76,0.670584778136938,1.5682036802763804,0.4169853424280882,0.0,0.0,,
4000,0.0,3400,3.99,0.6658830443726124,1.6101819914717763,0.4132225644774735,0.0,0.0,,
4000,0.0,3600,4.23,0.6667646194534235,1.64974814756737,0.2550302545540034,0.0,0.0,,
4000,0.0,3800,4.46,0.6661769027328828,1.6394460630388843,0.2255306314490735,0.0,0.0,,
4000,0.0,4000,4.69,0.6673523361739642,1.6385016957346636,0.2419730698131025,0.0,0.0,,
4000,0.0,4200,4.93,0.6694093446958566,1.6636840043402823,0.2480115408822894,0.0,0.0,,
4000,0.0,4400,5.16,0.6644137525712607,1.6588002600951508,0.1897391346096992,0.0,0.0,,
4000,0.0,4600,5.4,0.6667646194534235,1.7079367102716307,0.1312070539314299,0.0,0.0,,
4000,0.0,4800,5.63,0.664707610931531,1.7136356276061793,0.152104765875265,0.0,0.0,,
4000,0.0,5000,5.87,0.6655891860123421,1.7102299373779724,0.1573813924193382,0.0,0.0,,
4000,0.0,5200,6.1,0.6679400528945049,1.759893313597624,0.1230190035258419,0.0,0.0,,
4000,0.0,5400,6.34,0.6652953276520717,1.7645591972086525,0.0805614223610609,0.0,0.0,,
4000,0.0,5600,6.57,0.6688216279753159,1.744030480590807,0.0884032329102046,0.0,0.0,,
4000,0.0,5800,6.81,0.6714663532177491,1.781809079202175,0.0875234638480469,0.0,0.0,,
4000,0.0,6000,7.04,0.6694093446958566,1.7949543396164802,0.0929074195167049,0.0,0.0,,
4000,0.0,1400,final,0.675580370261534,,,,,0.6676461945342345,1.4313276478938064
4000,0.1,200,0.23,0.6441375257126065,1.562097288565253,1.8552621746063231,0.0005195812373131,0.0,,
4000,0.1,400,0.47,0.6514839847193653,1.498463275167755,1.615614737272263,0.0004609916608023,0.0,,
4000,0.1,600,0.7,0.6600058771672054,1.4516414132427895,1.5531783652305604,0.0004553144647798,0.0,,
4000,0.1,800,0.94,0.6655891860123421,1.4162689463341898,1.5210610073804856,0.0004456826183741,0.0,,
4000,0.1,1000,1.17,0.66382603585072,1.4266139822884794,1.13890890955925,0.0003450880448144,0.0,,
4000,0.1,1200,1.41,0.6641198942109903,1.428989384179952,0.9875940403342248,0.0003040260081615,0.0,,
4000,0.1,1400,1.64,0.6726417866588305,1.4158957572218744,1.051311328113079,0.0003253475182282,0.0,,
4000,0.1,1600,1.88,0.6711724948574787,1.4339748609777132,1.0148435246944427,0.0003129628621536,0.0,,
4000,0.1,1800,2.11,0.6667646194534235,1.4700614538677572,0.8274409376457333,0.0002607661116303,0.0,,
4000,0.1,2000,2.35,0.6667646194534235,1.4844721540821817,0.634525699838996,0.0002021667807821,0.0,,
4000,0.1,2200,2.58,0.6667646194534235,1.5094068656414703,0.6371857365965843,0.0002043761930326,0.0,,
4000,0.1,2400,2.82,0.6711724948574787,1.5172096593850086,0.6390737333148718,0.0002101766589112,0.0,,
4000,0.1,2600,3.05,0.6702909197766677,1.5468795423013058,0.5783928091078997,0.0001892657601092,0.0,,
4000,0.1,2800,3.29,0.6641198942109903,1.5689802578081988,0.36522415664047,0.0001211591650371,0.0,,
4000,0.1,3000,3.52,0.6726417866588305,1.560475249518866,0.3829820668324828,0.0001274156425552,0.0,,
4000,0.1,3200,3.76,0.6667646194534235,1.6021586218161896,0.4038812628388404,0.0001353061484041,0.0,,
4000,0.1,3400,3.99,0.669703203056127,1.5981384607192315,0.4182471795193851,0.0001370524709864,0.0,,
4000,0.1,3600,4.23,0.670584778136938,1.6363148753025796,0.234958749031648,7.83657853656905e-05,0.0,,
4000,0.1,3800,4.46,0.6694093446958566,1.6246636697484436,0.2325041361711919,8.009235680447092e-05,0.0,,
4000,0.1,4000,4.69,0.6691154863355863,1.6369831463956426,0.2517360664159059,8.632940563984447e-05,0.0,,
4000,0.1,4200,4.93,0.6585365853658537,1.6703042084772095,0.2508755560778081,8.50365440828682e-05,0.0,,
4000,0.1,4400,5.16,0.6676461945342345,1.6984078925110613,0.1672912264056504,5.556221547522e-05,0.0,,
4000,0.1,4600,5.4,0.669703203056127,1.7056699772284656,0.1325767369847744,4.361023039507472e-05,0.0,,
4000,0.1,4800,5.63,0.6644137525712607,1.7183235050333692,0.1480186577048152,5.091874244158134e-05,0.0,,
4000,0.1,5000,5.87,0.6632383191301793,1.7472650109057632,0.1470281330868602,4.984672039313409e-05,0.0,,
4000,0.1,5200,6.1,0.6699970614163973,1.7424041220555402,0.1160589889026596,3.860679852782128e-05,0.0,,
4000,0.1,5400,6.34,0.6699970614163973,1.7581381581476283,0.0839945505233481,2.6057995580117676e-05,0.0,,
4000,0.1,5800,6.81,0.6673523361739642,1.7816900021007682,0.0950440181605517,3.0151427490068274e-05,0.0,,
4000,0.1,6000,7.04,0.6629444607699089,1.7995449348894457,0.0902995559753617,2.912448288873909e-05,0.0,,
4000,0.1,5600,final,0.6752865119012635,,,,,0.6720540699382898,1.7510670658913634
4000,0.5,200,0.23,0.6417866588304437,1.562313091516705,1.8205806839466097,0.0005107583216886,0.0001,,
4000,0.5,400,0.47,0.6497208345577432,1.4869132326730308,1.6309028014540672,0.0004685913913999,0.0001,,
4000,0.5,600,0.7,0.6600058771672054,1.4343379694085032,1.575275694131851,0.0004573890762549,0.0001,,
4000,0.5,800,0.94,0.6632383191301793,1.415059959874446,1.5515597996115684,0.0004523006024828,0.0001,,
4000,0.5,1000,1.17,0.6582427270055833,1.4547369145590383,1.1372193022072314,0.0003495369273878,0.0002,,
4000,0.5,1200,1.41,0.6699970614163973,1.4381471516243192,0.9882338163256644,0.0003125484743941,0.0002,,
4000,0.5,1400,1.64,0.6691154863355863,1.4339330187622954,0.9845086769759654,0.0003051761053211,0.0002,,
4000,0.5,1800,2.11,0.6717602115780194,1.467538838172148,0.8092027847468853,0.0002524986708499,0.0002,,
4000,0.5,2000,2.35,0.6670584778136938,1.485206416730071,0.6423435590416193,0.0002048786038358,0.0002,,
4000,0.5,2200,2.58,0.6702909197766677,1.4882941904608866,0.627738489434123,0.0002059823071977,0.0002,,
4000,0.5,2400,2.82,0.6682339112547752,1.5151181323998402,0.6445920123159885,0.0002105508970817,0.0002,,
4000,0.5,2600,3.05,0.6650014692918014,1.568518269212674,0.5843199204653502,0.0001893964673217,0.0002,,
4000,0.5,2800,3.29,0.6711724948574787,1.5640884735392993,0.3582243101671338,0.0001209320466568,0.0002,,
4000,0.5,3000,3.52,0.664707610931531,1.5779171583584537,0.384700970724225,0.0001275915835776,0.0002,,
4000,0.5,3200,3.76,0.6650014692918014,1.5664381599061952,0.3957858544588089,0.0001314016140895,0.0002,,
4000,0.5,3400,3.99,0.6652953276520717,1.5927704280872328,0.4075006297975778,0.0001358511507987,0.0002,,
4000,0.5,3600,4.23,0.6650014692918014,1.6091415957426485,0.2266115419380366,7.635867030103327e-05,0.0002,,
4000,0.5,3800,4.46,0.6685277696150456,1.6421916708328288,0.2368090339656919,8.035085596816316e-05,0.0002,,
4000,0.5,4000,4.69,0.6667646194534235,1.658507655131407,0.233956795874983,8.154732600132775e-05,0.0002,,
4000,0.5,4200,4.93,0.6626506024096386,1.6701392183190331,0.2549815277382731,8.821532855563419e-05,0.0002,,
4000,0.5,4400,5.16,0.6644137525712607,1.701819418074277,0.1635945853777229,5.4690180170666736e-05,0.0002,,
4000,0.5,4600,5.4,0.6635321774904496,1.70905024508606,0.1300982911605387,4.27356484323127e-05,0.0002,,
4000,0.5,4800,5.63,0.6670584778136938,1.7085201874432268,0.1462031976319849,4.759492725725068e-05,0.0002,,
4000,0.5,5000,5.87,0.6661769027328828,1.7136597418799109,0.1424464663024992,4.719967732285113e-05,0.0002,,
4000,0.5,5200,6.1,0.664707610931531,1.7619949406187498,0.1249644327256828,4.056984791532159e-05,0.0002,,
4000,0.5,5400,6.34,0.6644137525712607,1.7796226234916657,0.0870589439384639,2.702323608218649e-05,0.0002,,
4000,0.5,5600,6.57,0.6591243020863944,1.796569985780091,0.0853607476502656,2.7760673267493983e-05,0.0002,,
4000,0.5,5800,6.81,0.6644137525712607,1.7952518027353526,0.0834229215700179,2.5943597987776455e-05,0.0002,,
4000,0.5,6000,7.04,0.6594181604466647,1.7883776398465945,0.0970877626352012,3.267675137919923e-05,0.0002,,
4000,0.5,1600,final,0.6761680869820746,,,,,0.6650014692918014,1.438067801798087
4000,1.0,200,0.23,0.6397296503085512,1.5582326992518616,1.8470199462771415,0.0005160187844012,0.0003,,
4000,1.0,400,0.47,0.6497208345577432,1.4807946554815072,1.6381428018212318,0.0004714363125094,0.0003,,
4000,1.0,600,0.7,0.6544225683220688,1.4536727735865231,1.577907308936119,0.0004604806120914,0.0003,,
4000,1.0,800,0.94,0.6576550102850426,1.42362864685521,1.509122495055199,0.00044145104388,0.0003,,
4000,1.0,1000,1.17,0.6567734352042316,1.4964322877602825,1.0850675051659346,0.0003333289820102,0.0003,,
4000,1.0,1200,1.41,0.6602997355274758,1.4595237878396723,1.0025807179510593,0.0003117196778475,0.0003,,
4000,1.0,1400,1.64,0.664707610931531,1.455625572678905,1.0092233958095311,0.0003115630731917,0.0003,,
4000,1.0,1600,1.88,0.6694093446958566,1.4289848828469869,1.01140631377697,0.0003117914819449,0.0003,,
4000,1.0,1800,2.11,0.6676461945342345,1.4862237355655128,0.8277208732813597,0.000262565745179,0.0003,,
4000,1.0,2000,2.35,0.6688216279753159,1.4833122694839145,0.620995884090662,0.0002033505823419,0.0003,,
4000,1.0,2200,2.58,0.6608874522480165,1.5070432860414105,0.6400173763185739,0.0002029592527287,0.0003,,
4000,1.0,2400,2.82,0.6676461945342345,1.5067978389572123,0.6429179215803742,0.0002062073589877,0.0003,,
4000,1.0,2600,3.05,0.6694093446958566,1.5331699151415492,0.5873368813842536,0.0001900253486837,0.0003,,
4000,1.0,2800,3.29,0.664707610931531,1.5596907439737715,0.3698871912062168,0.000124029995959,0.0003,,
4000,1.0,3000,3.52,0.6664707610931531,1.56300102949773,0.3967945224419236,0.0001314516033562,0.0003,,
4000,1.0,3200,3.76,0.6673523361739642,1.592228564556087,0.3744440148025751,0.0001275808815944,0.0003,,
4000,1.0,3600,4.23,0.664707610931531,1.6406052481276898,0.2216586670833248,7.574154517300817e-05,0.0003,,
4000,1.0,3800,4.46,0.664707610931531,1.6528252399987136,0.2327355531416833,7.976895775641424e-05,0.0003,,
4000,1.0,4000,4.69,0.670584778136938,1.6514904722199173,0.2367138231359422,8.049816049606307e-05,0.0003,,
4000,1.0,4200,4.93,0.6670584778136938,1.6617273496523557,0.2460569440387189,8.368729247308693e-05,0.0003,,
4000,1.0,4400,5.16,0.6658830443726124,1.6909350393591227,0.1894579094741493,6.412085145825586e-05,0.0003,,
4000,1.0,4600,5.4,0.6632383191301793,1.706994451794805,0.1420536559354513,4.689764247302719e-05,0.0003,,
4000,1.0,4800,5.63,0.6620628856890979,1.740792490474063,0.1421703654900193,4.609898512853761e-05,0.0003,,
4000,1.0,5000,5.87,0.6591243020863944,1.734548820350719,0.1514222799241542,5.150743204922037e-05,0.0003,,
4000,1.0,5200,6.1,0.6658830443726124,1.764053908614877,0.167855639308691,5.641552706094899e-05,0.0003,,
4000,1.0,5400,6.34,0.6626506024096386,1.744888903216828,0.1054879221599549,3.2892542031959236e-05,0.0003,,
4000,1.0,5600,6.57,0.6623567440493682,1.796564863721588,0.0947128729103133,3.0271159637322853e-05,0.0003,,
4000,1.0,5800,6.81,0.6608874522480165,1.7832720318052162,0.1043514513131231,3.394909875964913e-05,0.0003,,
4000,1.0,6000,7.04,0.6582427270055833,1.8214844216538149,0.1012530812295153,3.3782682543801456e-05,0.0003,,
4000,1.0,3400,final,0.6714663532177491,,,,,0.6676461945342345,1.5901214408762414
4000,2.0,200,0.23,0.6385542168674698,1.5426839421575222,1.862275816202164,0.0005195033032214,0.0006,,
4000,2.0,400,0.47,0.6453129591536879,1.4928924387040083,1.6243656733632088,0.0004729290862451,0.0006,,
4000,2.0,600,0.7,0.6514839847193653,1.442688094774415,1.5300418668985367,0.0004490986128803,0.0006,,
4000,2.0,800,0.94,0.6605935938877461,1.4196383763403533,1.5148462668061256,0.0004411328815331,0.0006,,
4000,2.0,1000,1.17,0.657948868645313,1.4583670503771589,1.118778129518032,0.0003394618650781,0.0006,,
4000,2.0,1200,1.41,0.6608874522480165,1.4452544424136595,1.0031361885368824,0.0003131879185457,0.0006,,
4000,2.0,1600,1.88,0.6702909197766677,1.44357559055992,1.002156981602311,0.0003141569379658,0.0006,,
4000,2.0,1800,2.11,0.6676461945342345,1.4936244083508792,0.8200327200442552,0.0002570735186799,0.0006,,
4000,2.0,2000,2.35,0.6711724948574787,1.4966744586996146,0.633869881182909,0.000204747109019,0.0006,,
4000,2.0,2200,2.58,0.6667646194534235,1.5056389256536769,0.6400945276394486,0.0002056830377114,0.0006,,
4000,2.0,2400,2.82,0.6717602115780194,1.5045573805102244,0.6292407021671533,0.0002050591906663,0.0007,,
4000,2.0,2600,3.05,0.6717602115780194,1.5102154636712344,0.5706068866141141,0.0001864160370712,0.0007,,
4000,2.0,2800,3.29,0.6658830443726124,1.5473804905979975,0.3682230373471975,0.0001248692225362,0.0007,,
4000,2.0,3000,3.52,0.6685277696150456,1.5810516543890003,0.3736579786986113,0.0001243393691402,0.0007,,
4000,2.0,3200,3.76,0.6655891860123421,1.581081553115727,0.4240857626870274,0.0001401214351244,0.0007,,
4000,2.0,3400,3.99,0.6708786364972084,1.5509320711374914,0.4125310619547963,0.0001383300271754,0.0007,,
4000,2.0,3600,4.23,0.6714663532177491,1.6243055219374227,0.2206375626754015,7.412586096506857e-05,0.0007,,
4000,2.0,3800,4.46,0.6691154863355863,1.6284975425972157,0.2153557364456355,7.046721451388294e-05,0.0007,,
4000,2.0,4000,4.69,0.6670584778136938,1.6522495125694343,0.2391479871422052,8.188799255549383e-05,0.0007,,
4000,2.0,4200,4.93,0.6732295033793712,1.6553668910673076,0.2667684100754559,8.89093683053943e-05,0.0007,,
4000,2.0,4400,5.16,0.6699970614163973,1.6763401419108244,0.1728397115878761,5.744313984450855e-05,0.0007,,
4000,2.0,4600,5.4,0.6685277696150456,1.6894796285389664,0.1395820597372949,4.591475198196803e-05,0.0007,,
4000,2.0,4800,5.63,0.6641198942109903,1.7241148334582204,0.1343619725015014,4.387901064319521e-05,0.0007,,
4000,2.0,5000,5.87,0.6629444607699089,1.7248959303988172,0.155992603059858,5.317959424019136e-05,0.0007,,
4000,2.0,5200,6.1,0.6691154863355863,1.7193624343971556,0.1280936374422162,4.3582993243944655e-05,0.0007,,
4000,2.0,5400,6.34,0.6694093446958566,1.7490695981708932,0.0791921595530584,2.4609500550241136e-05,0.0006,,
4000,2.0,5600,6.57,0.6667646194534235,1.7586069148917287,0.0941553872544318,3.177477519976435e-05,0.0007,,
4000,2.0,5800,6.81,0.66382603585072,1.772266238568777,0.091202733409591,2.96414616869356e-05,0.0006,,
4000,2.0,6000,7.04,0.6641198942109903,1.7824900342442167,0.0940493068750947,3.1238139538167785e-05,0.0007,,
4000,2.0,1400,final,0.6732295033793712,,,,,0.6567734352042316,1.4654826984102851
4000,4.0,200,0.23,0.6338524831031442,1.5592334428815815,1.8463020452857015,0.0005106939734832,0.0011,,
4000,4.0,400,0.47,0.6467822509550397,1.4810344537601308,1.6012508949637414,0.0004634705515491,0.0012,,
4000,4.0,600,0.7,0.6541287099617984,1.4404309355718683,1.5619985413551332,0.0004594607638136,0.0012,,
4000,4.0,800,0.94,0.657948868645313,1.411545278393378,1.5354338732361794,0.0004498345397587,0.0012,,
4000,4.0,1000,1.17,0.6688216279753159,1.4458215666314695,1.1311881762742997,0.0003429863564088,0.0012,,
4000,4.0,1200,1.41,0.6676461945342345,1.4578637018856706,0.9873976963758468,0.0003085639774872,0.0012,,
4000,4.0,1400,1.64,0.6655891860123421,1.4263735413989214,1.0321397233009335,0.0003215847271349,0.0012,,
4000,4.0,1600,1.88,0.6679400528945049,1.4245850706044414,0.9943293239176272,0.0003087728527316,0.0012,,
4000,4.0,1800,2.11,0.6664707610931531,1.4675225173764954,0.8030852829292416,0.0002490011168447,0.0012,,
4000,4.0,2000,2.35,0.6661769027328828,1.4877907668636927,0.6361621775478125,0.0002006745241124,0.0013,,
4000,4.0,2200,2.58,0.6626506024096386,1.5146562243397712,0.6125732199847698,0.0002035219883327,0.0013,,
4000,4.0,2400,2.82,0.664707610931531,1.50979748856065,0.6480936181917787,0.0002118569890444,0.0013,,
4000,4.0,2600,3.05,0.6620628856890979,1.546826807061189,0.5824456745386124,0.000184637592059,0.0013,,
4000,4.0,2800,3.29,0.6661769027328828,1.5728861617929897,0.3804667333513498,0.0001255356479123,0.0013,,
1011,0.0,200,0.23,0.6297384660593593,1.593858993302154,1.8548500394821168,0.0,0.0,,
1011,0.0,400,0.47,0.6379665001469291,1.5337775536155196,1.5991225773096085,0.0,0.0,,
1011,0.0,600,0.7,0.6417866588304437,1.488296017519278,1.5850972253084183,0.0,0.0,,
1011,0.0,800,0.94,0.6547164266823391,1.443653390717934,1.4997693476080896,0.0,0.0,,
1011,0.0,1000,1.17,0.6535409932412577,1.4956263991408305,1.100994149101898,0.0,0.0,,
1011,0.0,1200,1.41,0.6500146929180135,1.5022217327098863,0.9517857083678244,0.0,0.0,,
1011,0.0,1400,1.64,0.652953276520717,1.4935790820574362,1.0319747357070446,0.0,0.0,,
1011,0.0,1600,1.88,0.6576550102850426,1.4622507421121924,1.0177231802046298,0.0,0.0,,
1011,0.0,1800,2.11,0.658830443726124,1.4932050883612351,0.79991441112943,0.0,0.0,,
1011,0.0,2000,2.35,0.6635321774904496,1.5253998155703168,0.6064100275188684,0.0,0.0,,
1011,0.0,2200,2.58,0.6661769027328828,1.5362888063503088,0.6160887975245715,0.0,0.0,,
1011,0.0,2400,2.82,0.6573611519247723,1.5274261801935731,0.6381902400404215,0.0,0.0,,
1011,0.0,2800,3.29,0.6632383191301793,1.6127868807039083,0.367083356231451,0.0,0.0,,
1011,0.0,3000,3.52,0.6652953276520717,1.6267304991470728,0.388965756483376,0.0,0.0,,
1011,0.0,3200,3.76,0.6611813106082868,1.628394840396295,0.3920147274807095,0.0,0.0,,
1011,0.0,3400,3.99,0.6664707610931531,1.6201874830076144,0.3993670440465212,0.0,0.0,,
1011,0.0,3600,4.23,0.6600058771672054,1.6815507993465515,0.2174368527694605,0.0,0.0,,
1011,0.0,3800,4.46,0.6611813106082868,1.702181178193004,0.2317085300944745,0.0,0.0,,
1011,0.0,4000,4.69,0.6535409932412577,1.7026247522111433,0.2330396117456257,0.0,0.0,,
1011,0.0,4200,4.93,0.6582427270055833,1.7107349244279435,0.2461599175166338,0.0,0.0,,
1011,0.0,4400,5.16,0.6582427270055833,1.7490029407885717,0.1574778818981576,0.0,0.0,,
1011,0.0,4600,5.4,0.6614751689685572,1.7391310101076676,0.1360307320812717,0.0,0.0,,
1011,0.0,4800,5.63,0.6650014692918014,1.7607275919811956,0.146656957026571,0.0,0.0,,
1011,0.0,5000,5.87,0.6641198942109903,1.770349131658993,0.1434591487701982,0.0,0.0,,
1011,0.0,5200,6.1,0.6576550102850426,1.8117783520104709,0.1169893551571294,0.0,0.0,,
1011,0.0,5400,6.34,0.6667646194534235,1.809348784857836,0.0773984409449622,0.0,0.0,,
1011,0.0,5600,6.57,0.6585365853658537,1.8165138042432016,0.092814960675314,0.0,0.0,,
1011,0.0,5800,6.81,0.6570672935645019,1.8463949132869428,0.0954629069007933,0.0,0.0,,
1011,0.0,6000,7.04,0.6623567440493682,1.8522359704116569,0.0870798866849509,0.0,0.0,,
1011,0.0,2600,final,0.6679400528945049,,,,,0.6749926535409932,1.581696227757748
1011,0.1,200,0.23,0.6279753158977373,1.6041753397876293,1.8465065014362336,0.0005161845912516,0.0,,
1011,0.1,400,0.47,0.6397296503085512,1.5257336181855854,1.5737403044104576,0.0004560143973503,0.0,,
1011,0.1,600,0.7,0.6435498089920658,1.464822658328074,1.593936153948307,0.0004541573071037,0.0,,
1011,0.1,800,0.94,0.6511901263590949,1.4761718765553606,1.5165621957182884,0.0004470157936157,0.0,,
1011,0.1,1000,1.17,0.6485454011166618,1.5124801118129356,1.11329485014081,0.0003396825582603,0.0,,
1011,0.1,1200,1.41,0.6464883925947693,1.4812006401798496,0.9763858984410764,0.000304619567687,0.0,,
1011,0.1,1400,1.64,0.6555980017631502,1.4534637730436188,1.0301865381002426,0.0003163820552072,0.0,,
1011,0.1,1600,1.88,0.6600058771672054,1.4558774172961977,1.0247445875406265,0.0003144940628408,0.0,,
1011,0.1,1800,2.11,0.658830443726124,1.499291768677964,0.8080936581641436,0.0002506154091224,0.0,,
1011,0.1,2000,2.35,0.6553041434028798,1.5255535216391736,0.5777477888017892,0.0001858226960393,0.0,,
1011,0.1,2200,2.58,0.6611813106082868,1.5289969183646894,0.6340244906395673,0.0002078821804025,0.0,,
1011,0.1,2400,2.82,0.6506024096385542,1.5445911198407805,0.6594855099171401,0.0002103390056436,0.0,,
1011,0.1,2600,3.05,0.6632383191301793,1.5544051203418052,0.603453448265791,0.0001976394043686,0.0,,
1011,0.1,2800,3.29,0.6614751689685572,1.5941456595204209,0.3699544602632522,0.0001228373280264,0.0,,
1011,0.1,3000,3.52,0.6605935938877461,1.6272078586822742,0.3839149026572704,0.0001272165899626,0.0,,
1011,0.1,3200,3.76,0.6591243020863944,1.6084918323559445,0.4009067789837718,0.000134515940922,0.0,,
1011,0.1,3400,3.99,0.6605935938877461,1.6128683881902568,0.401233945004642,0.0001318706193978,0.0,,
1011,0.1,3600,4.23,0.6626506024096386,1.6540998498236752,0.2217284031229792,7.379921824767876e-05,0.0,,
1011,0.1,3800,4.46,0.6623567440493682,1.705643223763353,0.2285757609270513,7.60382873340859e-05,0.0,,
1011,0.1,4200,4.93,0.6708786364972084,1.704205670218029,0.2509538410045207,8.727440682378074e-05,0.0,,
1011,0.1,4400,5.16,0.6670584778136938,1.7130082030524725,0.1605142152868211,5.224187224143861e-05,0.0,,
1011,0.1,4600,5.4,0.664707610931531,1.7420178631842225,0.1392843098845332,4.61333619762172e-05,0.0,,
1011,0.1,4800,5.63,0.6611813106082868,1.7679086736885898,0.133278103871271,4.5157152797514755e-05,0.0,,
1011,0.1,5000,5.87,0.6667646194534235,1.7634717843618737,0.1450815055053681,4.7682921886007537e-05,0.0,,
1011,0.1,5200,6.1,0.6608874522480165,1.8072874290327308,0.1183582212113106,3.803501852198934e-05,0.0,,
1011,0.1,5400,6.34,0.6573611519247723,1.808371653740384,0.0843467451632022,2.601165337011935e-05,0.0,,
1011,0.1,5600,6.57,0.6644137525712607,1.820842621083334,0.0913646805519238,2.802937970500352e-05,0.0,,
1011,0.1,5800,6.81,0.6597120188069351,1.8027207612500904,0.091970923631452,2.8660775562912025e-05,0.0,,
1011,0.1,6000,7.04,0.6602997355274758,1.8310781447914743,0.088535386743024,2.813846110921503e-05,0.0,,
1011,0.1,4000,final,0.6711724948574787,,,,,0.6720540699382898,1.6747926293209725
1011,0.5,200,0.23,0.6329709080223332,1.575843049118598,1.8609200996160504,0.0005195861709216,0.0001,,
1011,0.5,400,0.47,0.6300323244196298,1.511482079310029,1.634922978579998,0.0004698283453035,0.0001,,
1011,0.5,600,0.7,0.6508962679988246,1.4895475876180695,1.5285090929269791,0.0004448170607065,0.0001,,
1011,0.5,800,0.94,0.6494269761974728,1.454534404949689,1.5313435474038124,0.0004479450314101,0.0001,,
1011,0.5,1000,1.17,0.6555980017631502,1.4641308196670615,1.1190581779181956,0.0003351555753761,0.0001,,
1011,0.5,1200,1.41,0.6564795768439612,1.4742552880991426,0.998929964452982,0.0003113361741998,0.0002,,
1011,0.5,1400,1.64,0.6550102850426095,1.477265604937248,0.9916212116181852,0.0003083943447563,0.0002,,
1011,0.5,1600,1.88,0.658830443726124,1.4754734423242524,0.9953265748918056,0.0003065990089817,0.0002,,
1011,0.5,1800,2.11,0.6555980017631502,1.508520636108739,0.8107295744866133,0.0002528939842841,0.0002,,
1011,0.5,2000,2.35,0.6620628856890979,1.510339881124617,0.6196303324401379,0.0001983400765129,0.0002,,
1011,0.5,2200,2.58,0.6511901263590949,1.5446448349931678,0.6438983426988125,0.0002063993429328,0.0002,,
1011,0.5,2400,2.82,0.6547164266823391,1.5473217746281742,0.6306327708810567,0.0002014580887043,0.0002,,
1011,0.5,2600,3.05,0.6629444607699089,1.5560629017521903,0.5706638253945857,0.0001861077270041,0.0002,,
1011,0.5,2800,3.29,0.657948868645313,1.5916051049110576,0.3591876236721873,0.0001204316143412,0.0002,,
1011,0.5,3000,3.52,0.6532471348809874,1.6277552072069346,0.3850594128295779,0.0001271303946487,0.0002,,
1011,0.5,3200,3.76,0.6555980017631502,1.634296427465277,0.3947725637629628,0.0001302752684387,0.0002,,
1011,0.5,3400,3.99,0.6544225683220688,1.6188077984086002,0.3993309572525322,0.0001322090751727,0.0002,,
1011,0.5,3600,4.23,0.6585365853658537,1.6711844403779474,0.2207565648294985,7.558051338719451e-05,0.0002,,
1011,0.5,3800,4.46,0.6623567440493682,1.6861618272774086,0.2199113661982119,7.391188321889786e-05,0.0002,,
1011,0.5,4000,4.69,0.6617690273288275,1.710493735975635,0.2395050955377519,8.172744711373525e-05,0.0002,,
1011,0.5,4200,4.93,0.6558918601234205,1.6984276292326168,0.2532850905507803,8.53314785490511e-05,0.0002,,
1011,0.5,4600,5.4,0.657948868645313,1.7645059090097828,0.1371822414267808,4.40705481923942e-05,0.0002,,
1011,0.5,4800,5.63,0.6576550102850426,1.7797460196615842,0.131251376774162,4.341008856329154e-05,0.0002,,
1011,0.5,5000,5.87,0.6555980017631502,1.80256828363594,0.1367725670337677,4.6193074500706646e-05,0.0002,,
1011,0.5,5200,6.1,0.6573611519247723,1.792044421556659,0.1167681347534016,3.7749657687273275e-05,0.0002,,
1011,0.5,5400,6.34,0.657948868645313,1.8221729914300624,0.0776676653837785,2.3688908703149993e-05,0.0002,,
1011,0.5,5600,6.57,0.6547164266823391,1.83221219842167,0.0945272048935294,3.092968913435357e-05,0.0002,,
1011,0.5,5800,6.81,0.6597120188069351,1.8392004441976757,0.0916983609646558,2.8784236476724346e-05,0.0002,,
1011,0.5,6000,7.04,0.6582427270055833,1.8543859792042927,0.095765292358119,3.240431978429603e-05,0.0002,,
1011,0.5,4400,final,0.6655891860123421,,,,,0.6661769027328828,1.7220209187841962
1011,1.0,200,0.23,0.6267998824566559,1.5868436439647555,1.861676503121853,0.0005189372499444,0.0003,,
1011,1.0,400,0.47,0.6423743755509844,1.540835840086218,1.563789412677288,0.000454238651946,0.0003,,
1011,1.0,600,0.7,0.640317367029092,1.4990432281337205,1.559532450735569,0.0004509712100843,0.0003,,
1011,1.0,800,0.94,0.6544225683220688,1.4496570367726234,1.523477697968483,0.0004461708397866,0.0003,,
1011,1.0,1000,1.17,0.6550102850426095,1.4629518386724238,1.126718158721924,0.0003467976857064,0.0003,,
1011,1.0,1200,1.41,0.6514839847193653,1.4783935275737796,1.0003525866568088,0.0003065988655362,0.0003,,
1011,1.0,1400,1.64,0.6544225683220688,1.478277391172527,0.9824349738657474,0.0003077861684141,0.0003,,
1011,1.0,1600,1.88,0.6544225683220688,1.4768747206544162,1.0075826567411423,0.0003147984319366,0.0003,,
1011,1.0,1800,2.11,0.6538348516015281,1.521148563657408,0.8295863545686006,0.000254321028533,0.0003,,
1011,1.0,2000,2.35,0.6611813106082868,1.52366417182252,0.6311674270033837,0.0001986949700585,0.0003,,
1011,1.0,2200,2.58,0.6620628856890979,1.5327056840767133,0.6020570658892394,0.000195014853798,0.0003,,
1011,1.0,2400,2.82,0.6573611519247723,1.5385594795354842,0.6617401329427958,0.0002124275459209,0.0003,,
1011,1.0,2600,3.05,0.6561857184836909,1.5920817318853826,0.5751316706836224,0.0001930303259359,0.0003,,
1011,1.0,2800,3.29,0.6623567440493682,1.5837659512132258,0.3789765176177024,0.0001261053493817,0.0003,,
1011,1.0,3000,3.52,0.6597120188069351,1.6035706510692354,0.3801913576573133,0.0001260952838129,0.0003,,
1011,1.0,3200,3.76,0.66382603585072,1.628103003934871,0.3721210838109254,0.0001212050891081,0.0003,,
1011,1.0,3400,3.99,0.6600058771672054,1.6258882222160185,0.4322177084907889,0.0001422683044711,0.0003,,
1011,1.0,3600,4.23,0.658830443726124,1.653690965323458,0.270703453188762,8.864645780931824e-05,0.0003,,
1011,1.0,3800,4.46,0.6617690273288275,1.6746449842545483,0.242560864649713,8.241932835062471e-05,0.0003,,
1011,1.0,4000,4.69,0.6626506024096386,1.692154510911689,0.2382544084265828,7.98209079539447e-05,0.0003,,
1011,1.0,4200,4.93,0.6614751689685572,1.6797847113748037,0.2401371171232313,8.092329853980118e-05,0.0003,,
1011,1.0,4400,5.16,0.6585365853658537,1.7122332945382843,0.163332248320803,5.325201373850064e-05,0.0003,,
1011,1.0,4600,5.4,0.6620628856890979,1.7334125258451063,0.1303555689333006,4.09780936882953e-05,0.0003,,
1011,1.0,4800,5.63,0.6535409932412577,1.758876513916361,0.1430726734548807,4.732206847847919e-05,0.0003,,
1011,1.0,5000,5.87,0.6623567440493682,1.7515644503802787,0.1542839079443365,5.141122409156651e-05,0.0003,,
1011,1.0,5200,6.1,0.6553041434028798,1.8022712058892083,0.1497907361108809,5.153826323635258e-05,0.0003,,
1011,1.0,5400,6.34,0.6523655598001763,1.8239031112652964,0.0924322558287531,3.0872589775299275e-05,0.0003,,
1011,1.0,5600,6.57,0.6550102850426095,1.830789770689075,0.0947298174351453,2.9721279020122893e-05,0.0003,,
1011,1.0,5800,6.81,0.6582427270055833,1.8459215428315645,0.1085678937006741,3.478829985795073e-05,0.0003,,
1011,1.0,6000,final,0.6641198942109903,,,,,0.6667646194534235,1.8395999651462445
1011,2.0,200,0.23,0.6312077578607111,1.583614393363726,1.8697553035616872,0.0005149110058846,0.0006,,
1011,2.0,400,0.47,0.6344401998236849,1.5221157878978864,1.6229742360115051,0.0004719927384576,0.0006,,
1011,2.0,600,0.7,0.6485454011166618,1.4811300598730803,1.5439174997806548,0.0004516171338036,0.0006,,
1011,2.0,800,0.94,0.6450191007934176,1.4649272464563872,1.4811690372228623,0.00043858712168,0.0006,,
1011,2.0,1000,1.17,0.6473699676755804,1.474469306431831,1.1809019726514816,0.0003540492866159,0.0006,,
1011,2.0,1200,1.41,0.6558918601234205,1.4829518524576837,0.9912110185623167,0.0003039882326629,0.0006,,
1011,2.0,1400,1.64,0.6553041434028798,1.4669454357675198,0.9871702585369349,0.0003045197419851,0.0006,,
1011,2.0,1600,1.88,0.658830443726124,1.468669357630494,1.017358539700508,0.0003159292196505,0.0006,,
1011,2.0,1800,2.11,0.6602997355274758,1.5325089266746492,0.8502556627243757,0.0002657918877775,0.0006,,
1011,2.0,2000,2.35,0.6611813106082868,1.51457371594028,0.6261901510506869,0.0001959130108116,0.0006,,
1011,2.0,2200,2.58,0.6629444607699089,1.5412008895476077,0.6509992084279657,0.0002082414183405,0.0006,,
1011,2.0,2400,2.82,0.6582427270055833,1.5024780099125004,0.6333301474153995,0.000205021116235,0.0006,,
1011,2.0,2600,3.05,0.664707610931531,1.5930756434531133,0.5799126712977887,0.0001895846224397,0.0007,,
1011,2.0,2800,3.29,0.657948868645313,1.581088423904096,0.3894027692079544,0.0001253551118588,0.0006,,
1011,2.0,3000,3.52,0.664707610931531,1.6065842608581598,0.3947896859049797,0.0001332514345358,0.0007,,
1011,2.0,3200,3.76,0.6602997355274758,1.6099912133806773,0.4107471743971109,0.0001361964947091,0.0007,,
1011,2.0,3400,3.99,0.6632383191301793,1.5993303058780084,0.4038309117220342,0.0001367096463673,0.0007,,
1011,2.0,3600,4.23,0.6629444607699089,1.6574781896645554,0.2145583270862698,7.132270279910813e-05,0.0007,,
1011,2.0,3800,4.46,0.6585365853658537,1.671937406395871,0.2345716876536607,7.991183098738475e-05,0.0007,,
1011,2.0,4000,4.69,0.6644137525712607,1.689954186200465,0.2402432852052152,8.216077361339558e-05,0.0007,,
1011,2.0,4200,4.93,0.6600058771672054,1.6788454587551345,0.2569589591585099,8.555737420465448e-05,0.0007,,
1011,2.0,4600,5.4,0.6620628856890979,1.7239034355229712,0.1433377306722104,4.8287437080603014e-05,0.0007,,
1011,2.0,4800,5.63,0.6570672935645019,1.7557906481647296,0.1518805093551054,4.996405319559472e-05,0.0007,,
1011,2.0,5000,5.87,0.6600058771672054,1.8059645769633232,0.1390362038649618,4.5974566411359774e-05,0.0007,,
1011,2.0,5200,6.1,0.6594181604466647,1.8173831644879344,0.1216734059574082,4.1848257613850136e-05,0.0007,,
1011,2.0,5400,6.34,0.6585365853658537,1.8205084175072872,0.0836158995423465,2.480548112018255e-05,0.0006,,
1011,2.0,5600,6.57,0.6585365853658537,1.839328343960036,0.07888178428635,2.380077765025135e-05,0.0006,,
1011,2.0,5800,6.81,0.6597120188069351,1.8274971951886272,0.0976413669483736,3.052152571342504e-05,0.0006,,
1011,2.0,6000,7.04,0.6626506024096386,1.8287169681799051,0.094431066988036,3.010727755366815e-05,0.0006,,
1011,2.0,4400,final,0.6658830443726124,,,,,0.6641198942109903,1.7611294013417682
1011,4.0,200,0.23,0.628563032618278,1.5892723463508545,1.8691480365395543,0.0005173222057055,0.0011,,
1011,4.0,400,0.47,0.6391419335880105,1.536412719344869,1.619166857600212,0.0004624148586299,0.0011,,
1011,4.0,600,0.7,0.6503085512782839,1.4515344390370304,1.534483328163624,0.0004520268576015,0.0012,,
1011,4.0,800,0.94,0.646194534234499,1.4430477023650154,1.5082691293954849,0.0004411822794645,0.0012,,
1011,4.0,1000,1.17,0.657948868645313,1.468255113861752,1.115922839557752,0.0003391917124486,0.0012,,
1011,4.0,1200,1.41,0.6523655598001763,1.4838583717407845,0.9939539879560472,0.0003098226420843,0.0012,,
1011,4.0,1400,1.64,0.6511901263590949,1.4783155022037404,0.9956645166873932,0.0003076611315191,0.0012,,
1011,4.0,1600,1.88,0.6547164266823391,1.4846936301417186,1.018488322943449,0.0003193319916317,0.0013,,
1011,4.0,1800,2.11,0.6553041434028798,1.5110983445719344,0.8052626276016235,0.0002517655293695,0.0012,,
1011,4.0,2000,2.35,0.6591243020863944,1.496845304212814,0.6185329211130738,0.0001991869743142,0.0013,,
1011,4.0,2200,2.58,0.6558918601234205,1.5210700360880225,0.635200592726469,0.000203095045108,0.0013,,
1011,4.0,2400,2.82,0.6644137525712607,1.5270777889255072,0.6382619781419635,0.0002030384570934,0.0013,,
1011,4.0,2600,3.05,0.664707610931531,1.54238860627465,0.5915027472376824,0.0001919210144933,0.0013,,
1011,4.0,2800,3.29,0.6558918601234205,1.603607719938719,0.3665671165287494,0.0001228392851317,0.0013,,
1011,4.0,3000,3.52,0.6655891860123421,1.580717709777007,0.3942766385152936,0.0001315398920178,0.0013,,
1011,4.0,3200,3.76,0.6600058771672054,1.6043547133715617,0.3892038835212588,0.0001289898406821,0.0013,,
1011,4.0,3600,4.23,0.6594181604466647,1.6742165881046784,0.2291781654395163,7.839706866434426e-05,0.0014,,
1011,4.0,3800,4.46,0.6591243020863944,1.662591844525647,0.2305381886474788,7.565458789031254e-05,0.0013,,
1011,4.0,4000,4.69,0.6635321774904496,1.682221163871041,0.2347488695010542,7.937634661402627e-05,0.0014,,
1011,4.0,4200,4.93,0.6623567440493682,1.7141548766832018,0.2331940032728016,7.970202292426621e-05,0.0014,,
1011,4.0,4400,5.16,0.6608874522480165,1.7423925738176318,0.1672440878953784,5.44692749110709e-05,0.0013,,
1011,4.0,4600,5.4,0.6673523361739642,1.735405803182144,0.1372942942101508,4.551520007453291e-05,0.0013,,
1011,4.0,4800,5.63,0.6652953276520717,1.7636262313289008,0.1397659581340849,4.50789985825395e-05,0.0013,,
1011,4.0,5000,5.87,0.6620628856890979,1.7817335193941182,0.1540723433159291,5.117608344107793e-05,0.0013,,
1011,4.0,5200,6.1,0.6685277696150456,1.7798117866174217,0.1241016496368683,3.94184075055759e-05,0.0013,,
1011,4.0,5400,6.34,0.66382603585072,1.782634279849142,0.0803907595528289,2.416314323497204e-05,0.0012,,
1011,4.0,5600,6.57,0.6641198942109903,1.8138840347046783,0.0881628801580518,2.757833893099359e-05,0.0012,,
1011,4.0,5800,6.81,0.6641198942109903,1.8213400136643283,0.0940337968477979,2.984992039159806e-05,0.0013,,
1011,4.0,6000,7.04,0.6605935938877461,1.8306884156091752,0.0934067108668386,3.0474906232882403e-05,0.0013,,
1011,4.0,3400,final,0.6699970614163973,,,,,0.6591243020863944,1.6162151521771857
2024,0.0,200,0.23,0.6273875991771966,1.6114224924818403,1.8807482227683068,0.0,0.0,,
2024,0.0,400,0.47,0.6423743755509844,1.5195900050465092,1.639198999106884,0.0,0.0,,
2024,0.0,600,0.7,0.6506024096385542,1.4859318099160632,1.5547683688998222,0.0,0.0,,
2024,0.0,800,0.94,0.6564795768439612,1.4526575313327663,1.53958498865366,0.0,0.0,,
2024,0.0,1000,1.17,0.6561857184836909,1.471856475156649,1.0768677651882173,0.0,0.0,,
2024,0.0,1200,1.41,0.6652953276520717,1.4945015616182926,1.0081643879413604,0.0,0.0,,
2024,0.0,1400,1.64,0.6670584778136938,1.464936614141652,1.0037211221456528,0.0,0.0,,
2024,0.0,1600,1.88,0.6699970614163973,1.4606985224018438,1.028333800509572,0.0,0.0,,
2024,0.0,1800,2.11,0.670584778136938,1.4742284000813173,0.8156926452484913,0.0,0.0,,
2024,0.0,2200,2.58,0.6685277696150456,1.52862472247629,0.6100992903858423,0.0,0.0,,
2024,0.0,2400,2.82,0.6732295033793712,1.5152169456560405,0.6585818353295326,0.0,0.0,,
2024,0.0,2600,3.05,0.6676461945342345,1.5781733806505296,0.5948856772073486,0.0,0.0,,
2024,0.0,2800,3.29,0.6670584778136938,1.6074329473816085,0.3675096727535129,0.0,0.0,,
2024,0.0,3000,3.52,0.669703203056127,1.593504149353998,0.3872784663364291,0.0,0.0,,
2024,0.0,3200,3.76,0.6664707610931531,1.5940781562705968,0.3948764627054333,0.0,0.0,,
2024,0.0,3400,3.99,0.6694093446958566,1.6082647582064509,0.4124243617802858,0.0,0.0,,
2024,0.0,3600,4.23,0.6594181604466647,1.6538030964957593,0.2354965729452669,0.0,0.0,,
2024,0.0,3800,4.46,0.6664707610931531,1.6661655081043585,0.2214361221902072,0.0,0.0,,
2024,0.0,4000,4.69,0.6655891860123421,1.6796924935135462,0.2393572273105383,0.0,0.0,,
2024,0.0,4200,4.93,0.6635321774904496,1.6808433976202826,0.2524266300909221,0.0,0.0,,
2024,0.0,4400,5.16,0.6711724948574787,1.7094225705528203,0.1665342787653208,0.0,0.0,,
2024,0.0,4600,5.4,0.6614751689685572,1.7549727976129506,0.113148281276226,0.0,0.0,,
2024,0.0,4800,5.63,0.6600058771672054,1.7605736572322794,0.1428336896002292,0.0,0.0,,
2024,0.0,5000,5.87,0.6629444607699089,1.7519311566511182,0.1409264772944152,0.0,0.0,,
2024,0.0,5200,6.1,0.6629444607699089,1.7824932875228283,0.1186618163285311,0.0,0.0,,
2024,0.0,5400,6.34,0.6641198942109903,1.7788120798948337,0.0860998173849657,0.0,0.0,,
2024,0.0,5600,6.57,0.664707610931531,1.78688106752654,0.079353319723159,0.0,0.0,,
2024,0.0,5800,6.81,0.6632383191301793,1.788009149202206,0.0918427938269451,0.0,0.0,,
2024,0.0,6000,7.04,0.6558918601234205,1.820214403505855,0.0976467481633881,0.0,0.0,,
2024,0.0,2000,final,0.6738172200999119,,,,,0.6855715545107258,1.4498727405348
2024,0.1,200,0.23,0.6238612988539524,1.6138709805623384,1.8626882657408712,0.0005189444738789,0.0,,
2024,0.1,400,0.47,0.6444313840728769,1.52873617881822,1.6526763674616811,0.0004687580611789,0.0,,
2024,0.1,600,0.7,0.6441375257126065,1.4866721021263802,1.5675470343232154,0.0004585798251355,0.0,,
2024,0.1,800,0.94,0.6594181604466647,1.442059286159871,1.5082836002111435,0.0004465699212596,0.0,,
2024,0.1,1000,1.17,0.6550102850426095,1.4697626526482557,1.1030213559418918,0.0003398165320504,0.0,,
2024,0.1,1200,1.41,0.6582427270055833,1.478188728151201,0.9852077174931764,0.000308631627995,0.0,,
2024,0.1,1400,1.64,0.6644137525712607,1.4588277853834886,1.0237591499090195,0.0003164645444121,0.0,,
2024,0.1,1600,1.88,0.6617690273288275,1.4755573744217578,1.041327522546053,0.0003195302896347,0.0,,
2024,0.1,1800,2.11,0.6670584778136938,1.5044291751580203,0.7729924917791504,0.0002443921333918,0.0,,
2024,0.1,2000,2.35,0.6602997355274758,1.5395851482407612,0.6293141160160303,0.0001993205868166,0.0,,
2024,0.1,2200,2.58,0.6691154863355863,1.5121930163291284,0.6547079488635064,0.0002130114820829,0.0,,
2024,0.1,2400,2.82,0.6632383191301793,1.528201340683201,0.645166111215949,0.0002103629565681,0.0,,
2024,0.1,2600,3.05,0.6685277696150456,1.5577819107071358,0.576567695736885,0.0001868131087482,0.0,,
2024,0.1,3000,3.52,0.664707610931531,1.6030853152660425,0.3915511658787727,0.0001291861083063,0.0,,
2024,0.1,3200,3.76,0.6629444607699089,1.5964259801456029,0.3910138806328177,0.0001319726779911,0.0,,
2024,0.1,3400,3.99,0.6679400528945049,1.597185314419758,0.4235513288527727,0.0001389443304196,0.0,,
2024,0.1,3600,4.23,0.6658830443726124,1.6522063126537403,0.2292068760469555,7.774737879117311e-05,0.0,,
2024,0.1,3800,4.46,0.6679400528945049,1.668782478425561,0.2295226836204529,7.603872029903868e-05,0.0,,
2024,0.1,4000,4.69,0.6641198942109903,1.6753619685440668,0.2484262535534799,8.50792209712381e-05,0.0,,
2024,0.1,4200,4.93,0.6652953276520717,1.700712620634,0.2433603537082672,8.507322449077038e-05,0.0,,
2024,0.1,4400,5.16,0.6576550102850426,1.7264367853792983,0.1753202316816896,6.00446688338252e-05,0.0,,
2024,0.1,4600,5.4,0.6632383191301793,1.721766368942754,0.135475921453908,4.2619477989092046e-05,0.0,,
2024,0.1,4800,5.63,0.6667646194534235,1.728438534878157,0.1399535791110247,4.595850211103425e-05,0.0,,
2024,0.1,5000,5.87,0.6626506024096386,1.7475273166374008,0.1445691806077957,4.73399286181575e-05,0.0,,
2024,0.1,5200,6.1,0.6641198942109903,1.802945482215915,0.1397460883390158,4.6439556357427136e-05,0.0,,
2024,0.1,5400,6.34,0.6623567440493682,1.788169897061532,0.0946967078186571,2.8357288752545173e-05,0.0,,
2024,0.1,5600,6.57,0.6611813106082868,1.8121765004583152,0.090718985106796,2.889893421126999e-05,0.0,,
2024,0.1,5800,6.81,0.6614751689685572,1.7992056300981305,0.0911347204260528,2.935462046671944e-05,0.0,,
2024,0.1,6000,7.04,0.66382603585072,1.814232993749461,0.086837630062364,2.66818287818138e-05,0.0,,
2024,0.1,2800,final,0.6708786364972084,,,,,0.683220687628563,1.515690302519528
2024,0.5,200,0.23,0.6238612988539524,1.5924245842828002,1.8643202927708624,0.0005162479716818,0.0001,,
2024,0.5,400,0.47,0.6459006758742286,1.5203922646836676,1.6213142025470733,0.0004717536964744,0.0001,,
2024,0.5,600,0.7,0.6532471348809874,1.46227708610408,1.5982918217778206,0.0004617972458072,0.0001,,
2024,0.5,800,0.94,0.6611813106082868,1.438847556556984,1.508319171667099,0.0004467337468668,0.0001,,
2024,0.5,1000,1.17,0.6600058771672054,1.474188565997702,1.093780562337488,0.0003379687008498,0.0002,,
2024,0.5,1200,1.41,0.6594181604466647,1.4651003956199218,1.0042283210158347,0.0003127423804835,0.0002,,
2024,0.5,1600,1.88,0.6670584778136938,1.4378338306573009,0.9937376290559768,0.0003054016962414,0.0002,,
2024,0.5,1800,2.11,0.6679400528945049,1.5020582411802763,0.8558772280812263,0.0002710659411968,0.0002,,
2024,0.5,2000,2.35,0.6691154863355863,1.495991686810615,0.6256959554553032,0.000204456301617,0.0002,,
2024,0.5,2200,2.58,0.6644137525712607,1.5275648916394715,0.6267512871325016,0.0002010111822528,0.0002,,
2024,0.5,2400,2.82,0.6650014692918014,1.5274980974449608,0.6409470115229488,0.0002073561164706,0.0002,,
2024,0.5,2600,3.05,0.6658830443726124,1.5624840570273837,0.570284651399852,0.000183281892527,0.0002,,
2024,0.5,2800,3.29,0.6611813106082868,1.5937814243814366,0.3646354262903333,0.0001194664808463,0.0002,,
2024,0.5,3000,3.52,0.6629444607699089,1.5872913029415971,0.3541420570388436,0.0001207856799737,0.0002,,
2024,0.5,3200,3.76,0.6673523361739642,1.5901759437627734,0.3997305274754762,0.0001346087060574,0.0002,,
2024,0.5,3400,3.99,0.6670584778136938,1.5962792495892324,0.4148505518957972,0.0001352747667533,0.0002,,
2024,0.5,3600,4.23,0.66382603585072,1.6436341046726497,0.228414960950613,7.668280852385579e-05,0.0002,,
2024,0.5,3800,4.46,0.6602997355274758,1.664678976040464,0.2157733425870537,7.038140277245475e-05,0.0002,,
2024,0.5,4000,4.69,0.6600058771672054,1.696184712965419,0.2317748892214149,7.841819763598323e-05,0.0002,,
2024,0.5,4200,4.93,0.6626506024096386,1.709491472015863,0.2527698388323188,8.540185647689214e-05,0.0002,,
2024,0.5,4400,5.16,0.6620628856890979,1.7276383960313595,0.16436497640796,5.479750464735034e-05,0.0002,,
2024,0.5,4600,5.4,0.6641198942109903,1.7214959054493462,0.1400653534010052,4.489407718097027e-05,0.0002,,
2024,0.5,4800,5.63,0.6614751689685572,1.7486550131160794,0.1470906802173704,4.993174873902717e-05,0.0002,,
2024,0.5,5000,5.87,0.664707610931531,1.7616752373482107,0.1436123341973871,4.7463140521131206e-05,0.0002,,
2024,0.5,5200,6.1,0.6623567440493682,1.8092839599461408,0.1224737410983652,3.9617744841472514e-05,0.0002,,
2024,0.5,5400,6.34,0.6611813106082868,1.817188970978877,0.0793281206069514,2.3986018557877745e-05,0.0002,,
2024,0.5,5600,6.57,0.657948868645313,1.802576849049342,0.0869006901280954,2.7160196609941067e-05,0.0002,,
2024,0.5,5800,6.81,0.658830443726124,1.8310674770488624,0.0910414909478277,2.9705786233193975e-05,0.0002,,
2024,0.5,6000,7.04,0.6626506024096386,1.8350116600193,0.0841790504964592,2.652375690981989e-05,0.0002,,
2024,0.5,1400,final,0.6732295033793712,,,,,0.6796943873053188,1.3763665241631835
2024,1.0,200,0.23,0.6297384660593593,1.6109570210518782,1.8687383538484577,0.0005216361081693,0.0003,,
2024,1.0,400,0.47,0.6432559506317955,1.5315600492447712,1.603913927078247,0.0004612130409805,0.0003,,
2024,1.0,600,0.7,0.6494269761974728,1.489950533582994,1.574188656210899,0.0004549049709748,0.0003,,
2024,1.0,800,0.94,0.6602997355274758,1.4536464333078842,1.5504914844036102,0.0004575318764545,0.0003,,
6000,0.0,200,0.23,0.6367910667058477,1.5634600634158726,1.8405551362037655,0.0,0.0,,
6000,0.0,400,0.47,0.6526594181604467,1.4881239007789528,1.597678737938404,0.0,0.0,,
6000,0.0,600,0.7,0.6547164266823391,1.427874567891933,1.572334699034691,0.0,0.0,,
6000,0.0,800,0.94,0.6650014692918014,1.4064098526161275,1.5468895390629769,0.0,0.0,,
6000,0.0,1000,1.17,0.6605935938877461,1.4289113235165365,1.1265387497842312,0.0,0.0,,
6000,0.0,1200,1.41,0.6620628856890979,1.4306545161934694,1.0027299182116984,0.0,0.0,,
6000,0.0,1400,1.64,0.6661769027328828,1.4246768581142084,1.0479050602018831,0.0,0.0,,
6000,0.0,1600,1.88,0.6620628856890979,1.4213614381659287,1.025710559338331,0.0,0.0,,
6000,0.0,1800,2.11,0.6611813106082868,1.48020301643204,0.7969784534722567,0.0,0.0,,
6000,0.0,2000,2.35,0.6650014692918014,1.4818280808476536,0.5997418168187142,0.0,0.0,,
6000,0.0,2200,2.58,0.6626506024096386,1.4908256555108017,0.6276691048592329,0.0,0.0,,
6000,0.0,2400,2.82,0.6685277696150456,1.489182858389334,0.6398387301713229,0.0,0.0,,
6000,0.0,2600,3.05,0.6655891860123421,1.5413455361483417,0.6209431107528508,0.0,0.0,,
6000,0.0,3000,3.52,0.6655891860123421,1.5921775305442798,0.3832532426901162,0.0,0.0,,
6000,0.0,3200,3.76,0.6650014692918014,1.5966703392217134,0.4194911209866404,0.0,0.0,,
6000,0.0,3400,3.99,0.6676461945342345,1.5943168211852037,0.3998832397535443,0.0,0.0,,
6000,0.0,3600,4.23,0.66382603585072,1.636971311992384,0.2161303888046859,0.0,0.0,,
6000,0.0,3800,4.46,0.6594181604466647,1.650525870198472,0.2180233834125101,0.0,0.0,,
6000,0.0,4000,4.69,0.6600058771672054,1.6655333638366376,0.2464538558851927,0.0,0.0,,
6000,0.0,4200,4.93,0.6688216279753159,1.6835315244323257,0.2441588101163506,0.0,0.0,,
6000,0.0,4400,5.16,0.6602997355274758,1.7115439682051674,0.1765974020119756,0.0,0.0,,
6000,0.0,4600,5.4,0.6629444607699089,1.7116434603202633,0.1309088606759905,0.0,0.0,,
6000,0.0,4800,5.63,0.6694093446958566,1.713477461085122,0.1456460266280919,0.0,0.0,,
6000,0.0,5000,5.87,0.6605935938877461,1.7705443448401044,0.1443820273224264,0.0,0.0,,
6000,0.0,5200,6.1,0.664707610931531,1.768345217091036,0.1247190237464383,0.0,0.0,,
6000,0.0,5400,6.34,0.664707610931531,1.7654146250647165,0.0800972601864487,0.0,0.0,,
6000,0.0,5600,6.57,0.6635321774904496,1.8067427882369111,0.0929064785921946,0.0,0.0,,
6000,0.0,5800,6.81,0.66382603585072,1.804846715128425,0.0936795811681076,0.0,0.0,,
6000,0.0,6000,7.04,0.6620628856890979,1.8192946400811945,0.0848025849942496,0.0,0.0,,
6000,0.0,2800,final,0.669703203056127,,,,,0.6699970614163973,1.5374537420525047
6000,0.1,200,0.23,0.6359094916250367,1.5807246267707986,1.868115255832672,0.0005219257393036,0.0,,
6000,0.1,400,0.47,0.6491331178372025,1.4828772466917652,1.5735306867957115,0.0004536251023819,0.0,,
6000,0.1,600,0.7,0.6555980017631502,1.444760259498122,1.5703666946291923,0.0004523837715532,0.0,,
6000,0.1,800,0.94,0.6597120188069351,1.4231203957722185,1.530052965283394,0.0004440386805799,0.0,,
6000,0.1,1000,1.17,0.6576550102850426,1.4573982815479063,1.100949108330533,0.000336799672018,0.0,,
6000,0.1,1200,1.41,0.6602997355274758,1.4427160021490186,1.0092952623963356,0.0003080430073532,0.0,,
6000,0.1,1400,1.64,0.6673523361739642,1.4469270375662608,0.9734828643500804,0.0003029663574125,0.0,,
6000,0.1,1600,1.88,0.6708786364972084,1.428999208822483,1.0116438800096512,0.0003115177593281,0.0,,
6000,0.1,1800,2.11,0.6667646194534235,1.4799007362840175,0.8707688328623772,0.000271327800383,0.0,,
6000,0.1,2000,2.35,0.6661769027328828,1.5063118866321588,0.6336942481994629,0.0002053442751639,0.0,,
6000,0.1,2200,2.58,0.6714663532177491,1.51151170702216,0.6443099340796471,0.000205899007451,0.0,,
6000,0.1,2600,3.05,0.6691154863355863,1.5390138619793117,0.5826155984029174,0.0001908592417385,0.0,,
6000,0.1,2800,3.29,0.6655891860123421,1.5603113499522874,0.376644334346056,0.0001239539141988,0.0,,
6000,0.1,3000,3.52,0.6679400528945049,1.5809154869737323,0.4042845356091857,0.0001324714175098,0.0,,
6000,0.1,3200,3.76,0.6702909197766677,1.5566580663209375,0.4158994499593973,0.0001389925462535,0.0,,
6000,0.1,3400,3.99,0.6673523361739642,1.596636257397929,0.402423986569047,0.0001333354496273,0.0,,
6000,0.1,3600,4.23,0.6670584778136938,1.620414997247118,0.2328690846264362,7.719418599208438e-05,0.0,,
6000,0.1,3800,4.46,0.6644137525712607,1.65679328805238,0.2357198033854365,7.895301339885919e-05,0.0,,
6000,0.1,4000,4.69,0.6688216279753159,1.6617437788153129,0.2414471121318638,8.148180099169622e-05,0.0,,
6000,0.1,4200,4.93,0.6626506024096386,1.6961033152300855,0.262067647203803,8.857502164573816e-05,0.0,,
6000,0.1,4400,5.16,0.6611813106082868,1.7283410320834065,0.1661685528040107,5.5062430788412655e-05,0.0,,
6000,0.1,4600,5.4,0.6635321774904496,1.7301014002512176,0.1285905295237898,4.163231732491113e-05,0.0,,
6000,0.1,4800,5.63,0.6617690273288275,1.7788141702085325,0.1435688562877476,4.76663854766457e-05,0.0,,
6000,0.1,5000,5.87,0.6658830443726124,1.7491534546197178,0.1518183794710785,4.9962197659283445e-05,0.0,,
6000,0.1,5200,6.1,0.6664707610931531,1.7903258402908755,0.129970456296578,4.313626788302827e-05,0.0,,
6000,0.1,5400,6.34,0.6632383191301793,1.7929111717730244,0.0889431726653128,2.731153188562985e-05,0.0,,
6000,0.1,5600,6.57,0.6652953276520717,1.8075539819850244,0.0801396178919821,2.41044111173494e-05,0.0,,
6000,0.1,5800,6.81,0.6673523361739642,1.8057645887197764,0.0874952893005684,2.7503652671612144e-05,0.0,,
6000,0.1,6000,7.04,0.6670584778136938,1.8139545707677416,0.089004631568896,2.9444029508388264e-05,0.0,,
6000,0.1,2400,final,0.67234792829856,,,,,0.6767558037026153,1.4465724740559447
6000,0.5,200,0.23,0.635321774904496,1.5726227201225826,1.821772589981556,0.0005092105527728,0.0001,,
6000,0.5,400,0.47,0.6491331178372025,1.4853103778098142,1.7035418772697448,0.000478256003771,0.0001,,
6000,0.5,600,0.7,0.6594181604466647,1.451117921744309,1.5112218105792998,0.0004498846860951,0.0001,,
6000,0.5,800,0.94,0.6605935938877461,1.4055077426579992,1.5281888192892077,0.0004473517152655,0.0001,,
6000,0.5,1000,1.17,0.6594181604466647,1.456227331784344,1.1591927129030228,0.0003481362583261,0.0002,,
6000,0.5,1200,1.41,0.6641198942109903,1.446881910299435,1.007274159938097,0.0003109357602079,0.0002,,
6000,0.5,1400,1.64,0.6682339112547752,1.4331056592641702,1.0088244919478893,0.0003136081467528,0.0002,,
6000,0.5,1600,1.88,0.6594181604466647,1.4233465439566366,0.9968563923239708,0.0003074389769972,0.0002,,
6000,0.5,1800,2.11,0.6658830443726124,1.451657389319367,0.7944151847437024,0.000247792619773,0.0002,,
6000,0.5,2000,2.35,0.6664707610931531,1.4919065105330058,0.6267431093752385,0.000203210943273,0.0002,,
6000,0.5,2400,2.82,0.6682339112547752,1.5262525810447118,0.6604436699301004,0.0002137866844714,0.0002,,
6000,0.5,2600,3.05,0.6699970614163973,1.5467208985052072,0.590697817392554,0.0001880481422998,0.0002,,
6000,0.5,2800,3.29,0.6673523361739642,1.565873970345753,0.38747439077124,0.0001265467179473,0.0002,,
6000,0.5,3000,3.52,0.6679400528945049,1.5872781808468093,0.3699127561599016,0.0001201627538921,0.0002,,
6000,0.5,3200,3.76,0.6650014692918014,1.6181528107264516,0.4188299520872533,0.0001371844613595,0.0002,,
6000,0.5,3400,3.99,0.66382603585072,1.6126039574645807,0.4131651790812611,0.0001409801180898,0.0002,,
6000,0.5,3600,4.23,0.6679400528945049,1.654706987499525,0.2381404772959649,7.809063327385957e-05,0.0002,,
6000,0.5,3800,4.46,0.6655891860123421,1.6658936694128668,0.2515607597306371,8.216705056383944e-05,0.0002,,
6000,0.5,4000,4.69,0.6673523361739642,1.6751511024440908,0.2316653209924697,7.987085870354349e-05,0.0002,,
6000,0.5,4200,4.93,0.6694093446958566,1.662449475722631,0.2473921565245836,8.546480323843752e-05,0.0002,,
6000,0.5,4400,5.16,0.6641198942109903,1.6978570784045568,0.1634250399749726,5.425307913696997e-05,0.0002,,
6000,0.5,4600,5.4,0.6632383191301793,1.7396646445196164,0.1331831197626888,4.345672487943375e-05,0.0002,,
6000,0.5,4800,5.63,0.6691154863355863,1.7280825895839953,0.1494611223135143,4.81009349971373e-05,0.0002,,
6000,0.5,5000,5.87,0.6655891860123421,1.7707439031875591,0.1486324282269925,4.9414909566394274e-05,0.0002,,
6000,0.5,5200,6.1,0.669703203056127,1.7825017165969548,0.1296436106227338,4.202535577263689e-05,0.0002,,
6000,0.5,5400,6.34,0.6688216279753159,1.7837791128646197,0.0705257683293894,2.0571183443962582e-05,0.0001,,
6000,0.5,5600,6.57,0.6667646194534235,1.805391805612652,0.0862248983420431,2.7270797884568763e-05,0.0002,,
6000,0.5,5800,6.81,0.6611813106082868,1.8232826220789553,0.0927441718522459,2.9213000845800253e-05,0.0002,,
6000,0.5,6000,7.04,0.6661769027328828,1.8313061891497495,0.0910194776772186,2.876346188998556e-05,0.0002,,
6000,0.5,2200,final,0.6711724948574787,,,,,0.6667646194534235,1.4872454767047816
6000,1.0,200,0.23,0.6382603585071995,1.5502944029396926,1.810126861035824,0.0005032500388915,0.0003,,
6000,1.0,400,0.47,0.6488392594769321,1.4673305904028031,1.6342453241348267,0.0004684980060847,0.0003,,
6000,1.0,600,0.7,0.6605935938877461,1.4489722883319491,1.605589732825756,0.0004618872021092,0.0003,,
6000,1.0,800,0.94,0.6553041434028798,1.419729579171117,1.519802231490612,0.0004462880140636,0.0003,,
6000,1.0,1000,1.17,0.6608874522480165,1.469415533920964,1.1537324371933937,0.0003533949207485,0.0003,,
6000,1.0,1200,1.41,0.6535409932412577,1.4448005315173629,1.02414737328887,0.0003098097079782,0.0003,,
6000,1.0,1400,1.64,0.6664707610931531,1.4412384217289171,0.9772996205091476,0.0003036415483802,0.0003,,
6000,1.0,1600,1.88,0.6676461945342345,1.4147584159830335,1.0337592998147012,0.0003200124233262,0.0003,,
6000,1.0,1800,2.11,0.6617690273288275,1.4961794413365654,0.87482661254704,0.0002743610466131,0.0003,,
6000,1.0,2000,2.35,0.6650014692918014,1.4912431673410882,0.6679435447603465,0.0002161815790168,0.0003,,
6000,1.0,2200,2.58,0.6641198942109903,1.5037166711655638,0.6461673650145531,0.0002064116182373,0.0003,,
6000,1.0,2400,2.82,0.6570672935645019,1.5329140342581529,0.6337506637722253,0.0002050204993065,0.0003,,
6000,1.0,2600,3.05,0.6594181604466647,1.60385562078833,0.6324306333437562,0.0002025580918416,0.0003,,
6000,1.0,3000,3.52,0.6644137525712607,1.5616237160881372,0.4010495506227016,0.0001297380475944,0.0003,,
6000,1.0,3200,3.76,0.6623567440493682,1.5648331661417734,0.4102651839703321,0.0001330923931936,0.0003,,
6000,1.0,3400,3.99,0.6694093446958566,1.588085587659444,0.4342655140534043,0.0001438128250083,0.0003,,
6000,1.0,3600,4.23,0.6670584778136938,1.635319308011349,0.2443933152221143,8.092467156416205e-05,0.0003,,
6000,1.0,3800,4.46,0.6688216279753159,1.640841417231351,0.2367824547924101,7.792639292233616e-05,0.0003,,
6000,1.0,4000,4.69,0.6608874522480165,1.657176602737994,0.2464945867285132,8.250004805177014e-05,0.0003,,
6000,1.0,4200,4.93,0.664707610931531,1.6735104995372188,0.2556272114627063,8.61242800601758e-05,0.0003,,
6000,1.0,4400,5.16,0.66382603585072,1.7135435455937684,0.179127555344603,6.0088036136788926e-05,0.0003,,
6000,1.0,4600,5.4,0.6632383191301793,1.709660171026207,0.140752846263349,4.5707929504033016e-05,0.0003,,
6000,1.0,4800,5.63,0.66382603585072,1.718601185155202,0.1461093401815742,4.908562560956398e-05,0.0003,,
6000,1.0,5000,5.87,0.6611813106082868,1.7202460894401097,0.1569925675261765,5.2203306565274944e-05,0.0003,,
6000,1.0,5200,6.1,0.6611813106082868,1.7787912712354994,0.1556818304257467,5.204959455625158e-05,0.0003,,
6000,1.0,5400,6.34,0.6699970614163973,1.7513990776699289,0.1033030791953206,3.291342998068103e-05,0.0003,,
6000,1.0,5600,6.57,0.6641198942109903,1.7771099441863494,0.0917490818724036,2.905801968154265e-05,0.0003,,
6000,1.0,5800,6.81,0.6652953276520717,1.776179665402388,0.0977650822419673,3.1560351653183714e-05,0.0003,,
6000,1.0,6000,7.04,0.66382603585072,1.8109006599366857,0.0884610862220142,2.782283856732074e-05,0.0003,,
6000,1.0,2800,final,0.6726417866588305,,,,,0.6605935938877461,1.5446550140582636
6000,2.0,200,0.23,0.6432559506317955,1.5651620754836904,1.8128641471266749,0.0005093155297799,0.0006,,
6000,2.0,400,0.47,0.6429620922715251,1.500648838822855,1.6388525572419166,0.0004714286055241,0.0006,,
6000,2.0,600,0.7,0.6611813106082868,1.4328570459087282,1.5493866258859634,0.0004541000766039,0.0006,,
6000,2.0,800,0.94,0.6632383191301793,1.4115195812949215,1.5334682726860047,0.0004463053706422,0.0006,,
6000,2.0,1000,1.17,0.6602997355274758,1.4578940406148306,1.186534151285887,0.0003505428344942,0.0006,,
6000,2.0,1200,1.41,0.6676461945342345,1.429245539773677,1.004662307947874,0.0003102974230569,0.0006,,
6000,2.0,1400,1.64,0.6576550102850426,1.450607002937475,1.0473734374344348,0.0003243364699301,0.0006,,
6000,2.0,1800,2.11,0.6658830443726124,1.4644454308828465,0.804905012100935,0.0002480003411983,0.0006,,
6000,2.0,2000,2.35,0.6658830443726124,1.4759001054730163,0.6277102701365948,0.0002025083643457,0.0006,,
6000,2.0,2200,2.58,0.6602997355274758,1.4901469627479018,0.6712494393438101,0.0002101516353468,0.0006,,
6000,2.0,2400,2.82,0.6591243020863944,1.4960533888452796,0.6630143143236638,0.0002146768198508,0.0006,,
6000,2.0,2600,3.05,0.6650014692918014,1.5448630176640032,0.6286063270643354,0.0002016592023755,0.0006,,
6000,2.0,2800,3.29,0.6635321774904496,1.569734225895277,0.4314379394799471,0.000138565417501,0.0006,,
6000,2.0,3000,3.52,0.6597120188069351,1.5660888390298664,0.3995622805505991,0.0001309572793434,0.0007,,
6000,2.0,3200,3.76,0.6676461945342345,1.5804876630319555,0.4081904412433505,0.0001363087915069,0.0007,,
6000,2.0,3400,3.99,0.6688216279753159,1.5915138600610337,0.4213765774294734,0.0001391675105878,0.0007,,
6000,2.0,3600,4.23,0.6688216279753159,1.6382040298584102,0.2304155453853309,7.88163295847255e-05,0.0007,,
6000,2.0,3800,4.46,0.6602997355274758,1.647788946676913,0.2328346675448119,7.798957215982228e-05,0.0007,,
6000,2.0,4000,4.69,0.6632383191301793,1.670525842192171,0.2511083784885704,8.469265836993146e-05,0.0007,,
6000,2.0,4200,4.93,0.6658830443726124,1.675138700964729,0.2621706497296691,8.912204865964668e-05,0.0007,,
6000,2.0,4400,5.16,0.6682339112547752,1.693785793880067,0.169212119365111,5.662192636403773e-05,0.0007,,
6000,2.0,4600,5.4,0.664707610931531,1.7260926715983669,0.1451239674072712,4.6097685302584065e-05,0.0006,,
6000,2.0,4800,5.63,0.6644137525712607,1.731196015889316,0.1305362095031887,4.34826326647908e-05,0.0007,,
6000,2.0,5000,5.87,0.6673523361739642,1.7074414840208374,0.1657291297335177,5.491205534781329e-05,0.0007,,
6000,2.0,5200,6.1,0.6650014692918014,1.7512462764076369,0.1327607879182323,4.392770966973103e-05,0.0007,,
6000,2.0,5400,6.34,0.6641198942109903,1.74904369204457,0.0814923507533967,2.3914956890251916e-05,0.0006,,
6000,2.0,5600,6.57,0.6688216279753159,1.781934308228057,0.0881391429156065,2.699237955027911e-05,0.0006,,
6000,2.0,5800,6.81,0.6664707610931531,1.7883229960142568,0.0976324036205187,3.0608325982370846e-05,0.0006,,
6000,2.0,6000,7.04,0.6635321774904496,1.8096902084953113,0.0911653941869735,2.900723352979639e-05,0.0006,,
6000,2.0,1600,final,0.6694093446958566,,,,,0.6776373787834263,1.3772532828513433
6000,4.0,200,0.23,0.6341463414634146,1.5790573003325012,1.873941079378128,0.0005206136914785,0.0011,,
6000,4.0,400,0.47,0.6444313840728769,1.508651177742325,1.5879738691449166,0.0004576347825059,0.0012,,
6000,4.0,600,0.7,0.6561857184836909,1.4390912367566835,1.5616272285580637,0.0004537400273693,0.0012,,
6000,4.0,800,0.94,0.6650014692918014,1.4050019870006158,1.4945413026213643,0.0004376161990512,0.0012,,
6000,4.0,1000,1.17,0.6652953276520717,1.436564007980348,1.169205219745636,0.0003463422973436,0.0012,,
6000,4.0,1200,1.41,0.6632383191301793,1.4301807049299526,1.009396569430828,0.0003123529969889,0.0012,,
6000,4.0,1400,1.64,0.6682339112547752,1.4469277297893484,1.001152138710022,0.0003076755045185,0.0012,,
6000,4.0,1600,1.88,0.6711724948574787,1.4140092893414662,1.0252687606215476,0.0003211440232917,0.0013,,
6000,4.0,1800,2.11,0.664707610931531,1.474286235590875,0.8482787854224444,0.0002654425430228,0.0013,,
6000,4.0,2000,2.35,0.6679400528945049,1.482487873911262,0.642000034749508,0.0002039705045535,0.0013,,
6000,4.0,2200,2.58,0.6661769027328828,1.533423835517307,0.6203063412755728,0.0001979510615637,0.0013,,
456,0.0,200,0.23,0.6400235086688216,1.5542996886054663,1.8324113819003105,0.0,0.0,,
456,0.0,400,0.47,0.6538348516015281,1.4680595457501318,1.6497124564647674,0.0,0.0,,
456,0.0,600,0.7,0.6620628856890979,1.41942459486738,1.6060630163550378,0.0,0.0,,
456,0.0,800,0.94,0.6682339112547752,1.390848710051432,1.5032248982787133,0.0,0.0,,
456,0.0,1000,1.17,0.6664707610931531,1.4025712512781645,1.1242424950003624,0.0,0.0,,
456,0.0,1200,1.41,0.6661769027328828,1.4140839949447268,0.981161628589034,0.0,0.0,,
456,0.0,1400,1.64,0.67234792829856,1.4166422039489344,1.0169625870883463,0.0,0.0,,
456,0.0,1600,1.88,0.6623567440493682,1.4107320840450517,1.0213344340026378,0.0,0.0,,
456,0.0,1800,2.11,0.6641198942109903,1.4641988331382498,0.8108007987588643,0.0,0.0,,
456,0.0,2000,2.35,0.6661769027328828,1.463943454962144,0.6380150548368693,0.0,0.0,,
456,0.0,2200,2.58,0.6685277696150456,1.480164959610752,0.62477948628366,0.0,0.0,,
456,0.0,2400,2.82,0.6735233617396414,1.4559576098722042,0.6543557123839855,0.0,0.0,,
456,0.0,2600,3.05,0.6714663532177491,1.521024490397641,0.5711867911741138,0.0,0.0,,
456,0.0,2800,3.29,0.6685277696150456,1.5565705425487768,0.3649450005404651,0.0,0.0,,
456,0.0,3000,3.52,0.6691154863355863,1.5416025589257172,0.3951006998866797,0.0,0.0,,
456,0.0,3200,3.76,0.6714663532177491,1.5682811996987942,0.4007110399752855,0.0,0.0,,
456,0.0,3400,3.99,0.664707610931531,1.5708933103585505,0.394313640538603,0.0,0.0,,
456,0.0,3600,4.23,0.6708786364972084,1.603449884387209,0.2237239934073295,0.0,0.0,,
456,0.0,3800,4.46,0.6679400528945049,1.6359541801505322,0.2431026110053062,0.0,0.0,,
456,0.0,4000,4.69,0.6655891860123421,1.628148178545615,0.2395778590720146,0.0,0.0,,
456,0.0,4200,4.93,0.6614751689685572,1.68002938022692,0.2318763265758752,0.0,0.0,,
456,0.0,4400,5.16,0.6664707610931531,1.6865386403451204,0.1712763804476708,0.0,0.0,,
456,0.0,4600,5.4,0.6661769027328828,1.725673488158182,0.1310430906899273,0.0,0.0,,
456,0.0,4800,5.63,0.6720540699382898,1.6850774829751285,0.1437587927374989,0.0,0.0,,
456,0.0,5000,5.87,0.6732295033793712,1.7247289830083676,0.1415606139041483,0.0,0.0,,
456,0.0,5200,6.1,0.6702909197766677,1.7110720579672518,0.1173513639252632,0.0,0.0,,
456,0.0,5400,6.34,0.6708786364972084,1.735008356713422,0.0803686361713335,0.0,0.0,,
456,0.0,5600,6.57,0.6679400528945049,1.7424691885385728,0.0853314687311649,0.0,0.0,,
456,0.0,6000,7.04,0.6691154863355863,1.7738715936042546,0.0909222791608772,0.0,0.0,,
456,0.0,5800,final,0.6744049368204525,,,,,0.6699970614163973,1.7562456605646704
456,0.1,200,0.23,0.6429620922715251,1.5726030124414327,1.8255300635099412,0.0005121656462142,0.0,,
456,0.1,400,0.47,0.6473699676755804,1.4923889300699202,1.6392420201003552,0.0004705287623801,0.0,,
456,0.1,600,0.7,0.6594181604466647,1.4374530707041795,1.5906360360980034,0.000454751938596,0.0,,
456,0.1,800,0.94,0.6679400528945049,1.3925385811452895,1.5237805932760238,0.0004455147107364,0.0,,
456,0.1,1000,1.17,0.6746987951807228,1.4157374473729276,1.187152289301157,0.0003610964163817,0.0,,
456,0.1,1200,1.41,0.6673523361739642,1.4164086493400487,1.0085468527674677,0.000310234581666,0.0,,
456,0.1,1400,1.64,0.6670584778136938,1.4479157964587035,0.9982233348488808,0.000312537069185,0.0,,
456,0.1,1600,1.88,0.6664707610931531,1.421878097199567,0.9902932246029376,0.0003057657108729,0.0,,
456,0.1,1800,2.11,0.6679400528945049,1.446760209069825,0.8088485319167376,0.0002576152803158,0.0,,
456,0.1,2000,2.35,0.6679400528945049,1.4759363135344274,0.6236783629655838,0.0002002864698079,0.0,,
456,0.1,2200,2.58,0.6658830443726124,1.4837482287328172,0.6505599329248071,0.0002108023949904,0.0,,
456,0.1,2400,2.82,0.6729356450191007,1.468068927832992,0.6336450582742691,0.0002059028020994,0.0,,
456,0.1,2600,3.05,0.6658830443726124,1.5205883343640825,0.6059154014196246,0.0001920606965064,0.0,,
456,0.1,2800,3.29,0.6670584778136938,1.5509722952698386,0.3831899467483163,0.0001252846301895,0.0,,
456,0.1,3000,3.52,0.6749926535409932,1.5632304227811045,0.3843643036298453,0.0001215169595661,0.0,,
456,0.1,3400,3.99,0.6679400528945049,1.5729605678667085,0.4066364868357777,0.0001372770788566,0.0,,
456,0.1,3600,4.23,0.6652953276520717,1.6283798718011069,0.2369802501727826,7.88193691125194e-05,0.0,,
456,0.1,3800,4.46,0.6726417866588305,1.6391019863203768,0.2306584982201457,7.586204135577646e-05,0.0,,
456,0.1,4000,4.69,0.6726417866588305,1.6437567006199982,0.244854503981769,7.94884377364724e-05,0.0,,
456,0.1,4200,4.93,0.67234792829856,1.6505395344976044,0.2652008297666907,8.928353713145043e-05,0.0,,
456,0.1,4400,5.16,0.6729356450191007,1.6892287399430432,0.1615110605861991,5.356298382249491e-05,0.0,,
456,0.1,4600,5.4,0.6732295033793712,1.7071902078633585,0.1475050309766084,4.855718831635158e-05,0.0,,
456,0.1,4800,5.63,0.67234792829856,1.6993927543316734,0.1421201505279168,4.698388593908475e-05,0.0,,
456,0.1,5000,5.87,0.669703203056127,1.712903247277526,0.1462166718672961,4.880762098537161e-05,0.0,,
456,0.1,5200,6.1,0.6688216279753159,1.7624256598609636,0.1258449645619839,4.113549929428473e-05,0.0,,
456,0.1,5400,6.34,0.6676461945342345,1.753145212430727,0.0860476209316402,2.6999746707758732e-05,0.0,,
456,0.1,5600,6.57,0.6655891860123421,1.7651217447250618,0.0943435476347804,2.935123108471771e-05,0.0,,
456,0.1,5800,6.81,0.6620628856890979,1.7866804896121231,0.0942715759668499,2.938097204491896e-05,0.0,,
456,0.1,6000,7.04,0.6688216279753159,1.7690707820322875,0.0925740176346153,3.048209081676134e-05,0.0,,
456,0.1,3200,final,0.6758742286218042,,,,,0.6667646194534235,1.5336701152536962
456,0.5,200,0.23,0.6347340581839553,1.581929875513122,1.8159483188390733,0.0005089947514352,0.0001,,
456,0.5,400,0.47,0.6597120188069351,1.4707283041878654,1.6172154435515405,0.000465997344072,0.0001,,
456,0.5,600,0.7,0.6564795768439612,1.4217411720013569,1.562037864625454,0.0004526569136942,0.0001,,
456,0.5,800,0.94,0.6652953276520717,1.397679137160699,1.5511179473996162,0.0004548203803278,0.0001,,
456,0.5,1000,1.17,0.6673523361739642,1.417579973931527,1.138572591394186,0.0003450640522351,0.0002,,
456,0.5,1200,1.41,0.670584778136938,1.4406829441501012,1.011301968097687,0.0003109079948626,0.0002,,
456,0.5,1400,1.64,0.6702909197766677,1.4209215564304614,1.0186289224028586,0.0003169700068974,0.0002,,
456,0.5,1600,1.88,0.6702909197766677,1.4001886557033405,1.012423419654369,0.0003120037327607,0.0002,,
456,0.5,1800,2.11,0.6676461945342345,1.4346030551897508,0.8032550812512637,0.0002498570397938,0.0002,,
456,0.5,2000,2.35,0.67234792829856,1.5117744553835295,0.5931652933359146,0.0001920834020347,0.0002,,
456,0.5,2200,2.58,0.6708786364972084,1.4680759278669309,0.6289166684448719,0.000206565964836,0.0002,,
456,0.5,2400,2.82,0.6717602115780194,1.4652568147422775,0.6508416286110879,0.000207181427686,0.0002,,
456,0.5,2600,3.05,0.6720540699382898,1.532758408737575,0.6938032264262438,0.0002243924999129,0.0002,,
456,0.5,2800,3.29,0.6714663532177491,1.5357520036966423,0.3795876013115048,0.0001240737391708,0.0002,,
456,0.5,3000,3.52,0.6664707610931531,1.550522711534133,0.3918271025270223,0.0001289688437191,0.0002,,
456,0.5,3400,3.99,0.6679400528945049,1.5437562705627652,0.3915545671060681,0.0001303780756006,0.0002,,
456,0.5,3600,4.23,0.6714663532177491,1.6079387381046686,0.2192429451085627,7.294617262687097e-05,0.0002,,
456,0.5,3800,4.46,0.6708786364972084,1.5934505071354164,0.2413587320409715,7.977940762884827e-05,0.0002,,
456,0.5,4000,4.69,0.6749926535409932,1.6313600707257316,0.244999977722764,8.212264439407591e-05,0.0002,,
456,0.5,4200,4.93,0.6708786364972084,1.6292361284822636,0.266086858920753,9.17412110334226e-05,0.0002,,
456,0.5,4400,5.16,0.6673523361739642,1.6779602541490544,0.1772992426995188,5.840792520075411e-05,0.0002,,
456,0.5,4600,5.4,0.669703203056127,1.6618692156780197,0.1520594493858516,4.899199000647059e-05,0.0002,,
456,0.5,4800,5.63,0.664707610931531,1.6905633741850157,0.1524486212898045,5.0111035124302814e-05,0.0002,,
456,0.5,5000,5.87,0.664707610931531,1.704535747674364,0.1460803390666842,4.98737210125455e-05,0.0002,,
456,0.5,5200,6.1,0.6670584778136938,1.7097813402804214,0.1280571763264015,4.18899870484779e-05,0.0002,,
456,0.5,5400,6.34,0.6667646194534235,1.7298859005775866,0.084714444107376,2.473639115521564e-05,0.0001,,
456,0.5,5600,6.57,0.6608874522480165,1.7437159068578136,0.0909290318144485,2.978661365034441e-05,0.0002,,
456,0.5,5800,6.81,0.6726417866588305,1.751839109949599,0.0925768074439838,3.024900983831458e-05,0.0002,,
456,0.5,6000,7.04,0.6658830443726124,1.768914840657887,0.10479548133153,3.408016863425401e-05,0.0002,,
456,0.5,3200,final,0.6749926535409932,,,,,0.6644137525712607,1.560205309278223
456,1.0,200,0.23,0.6341463414634146,1.5485358564705838,1.8431674578785897,0.0005083402529999,0.0003,,
456,1.0,400,0.47,0.658830443726124,1.45985752237288,1.6107944077253342,0.0004616793010791,0.0003,,
456,1.0,600,0.7,0.66382603585072,1.4273855427311268,1.5947190633416175,0.0004558516170072,0.0003,,
456,1.0,800,0.94,0.6673523361739642,1.402210625977226,1.5267573630809783,0.0004457754671602,0.0003,,
456,1.0,1000,1.17,0.6608874522480165,1.449683104127497,1.125515119805932,0.0003414939045615,0.0003,,
456,1.0,1200,1.41,0.6679400528945049,1.4274591863978583,1.007567139416933,0.0003159650793531,0.0003,,
456,1.0,1400,1.64,0.6744049368204525,1.4111734713101225,0.9972876264154912,0.0003087372543814,0.0003,,
456,1.0,1600,1.88,0.6717602115780194,1.422934756361664,1.009450754225254,0.0003117940246011,0.0003,,
456,1.0,1800,2.11,0.6652953276520717,1.466915894283325,0.8539643711596727,0.0002685404634576,0.0003,,
456,1.0,2000,2.35,0.6635321774904496,1.460060125303871,0.6242428823187948,0.0002021705381775,0.0003,,
456,1.0,2200,2.58,0.6614751689685572,1.4887746693700543,0.6277972342073918,0.000202802071908,0.0003,,
456,1.0,2400,2.82,0.6729356450191007,1.4729760154849671,0.6440679149329662,0.0002072244526607,0.0003,,
456,1.0,2600,3.05,0.6744049368204525,1.4992087544884851,0.5978370144031941,0.0001906427449038,0.0003,,
456,1.0,2800,3.29,0.6670584778136938,1.5505454003232877,0.3607659454643726,0.0001173506489976,0.0003,,
456,1.0,3000,3.52,0.6714663532177491,1.523875135517877,0.4028394965827465,0.0001318280842133,0.0003,,
456,1.0,3200,3.76,0.6626506024096386,1.584519974946485,0.4167604934424161,0.0001385708026828,0.0003,,
456,1.0,3400,3.99,0.6729356450191007,1.5706298590547156,0.4083153729513287,0.0001349431238122,0.0003,,
456,1.0,3600,4.23,0.6664707610931531,1.6166937226868012,0.2359681027010083,7.776228448847178e-05,0.0003,,
456,1.0,3800,4.46,0.6641198942109903,1.625285330674875,0.2183305687829852,7.284959212711329e-05,0.0003,,
456,1.0,4000,4.69,0.6641198942109903,1.6441172560698278,0.25372692162171,8.445395422086221e-05,0.0003,,
456,1.0,4200,4.93,0.669703203056127,1.667898319344152,0.2612760112807155,8.375771619171247e-05,0.0003,,
456,1.0,4400,5.16,0.6732295033793712,1.6715608195560734,0.1644355425238609,5.5358144439487945e-05,0.0003,,
456,1.0,4600,5.4,0.6688216279753159,1.6894467730330187,0.1216260045021772,3.925657421063989e-05,0.0003,,
456,1.0,4800,5.63,0.6729356450191007,1.673448472908585,0.143976491196081,4.724102229715754e-05,0.0003,,
456,1.0,5200,6.1,0.6720540699382898,1.721448359123721,0.1270681195915676,4.255527056804098e-05,0.0003,,
456,1.0,5400,6.34,0.675580370261534,1.7242995422446237,0.0829180708574131,2.6190505017780197e-05,0.0003,,
456,1.0,5600,6.57,0.6729356450191007,1.768048359476886,0.0982837912952527,3.1685864223902625e-05,0.0003,,
456,1.0,5800,6.81,0.6702909197766677,1.7616729760849577,0.0887733743339777,2.849383162640606e-05,0.0003,,
456,1.0,6000,7.04,0.6699970614163973,1.778856539600147,0.0963296349486336,3.0526685090421776e-05,0.0003,,
456,1.0,5000,final,0.6808698207464002,,,,,0.6644137525712607,1.7274691726122398
456,2.0,200,0.23,0.6309138995004407,1.5651785954635984,1.8887440714240071,0.0005212570921867,0.0006,,
456,2.0,400,0.47,0.6494269761974728,1.48497657218191,1.6194771388173104,0.0004658402773202,0.0006,,
456,2.0,600,0.7,0.6644137525712607,1.39851321065002,1.579127149283886,0.0004595685271488,0.0006,,
456,2.0,800,0.94,0.6732295033793712,1.380416056635518,1.507959984242916,0.000445596694044,0.0006,,
456,2.0,1000,1.17,0.6655891860123421,1.444007132041465,1.1022404645098869,0.0003307673372969,0.0006,,
456,2.0,1200,1.41,0.6694093446958566,1.3961671084261909,1.0138579922914506,0.0003150357169215,0.0006,,
456,2.0,1400,1.64,0.6673523361739642,1.4264667578525414,1.013713140785694,0.0003165448844811,0.0006,,
456,2.0,1600,1.88,0.6691154863355863,1.4213996751848614,1.0170374067127703,0.0003123926655825,0.0006,,
456,2.0,1800,2.11,0.6714663532177491,1.4581780253597263,0.8041552775818854,0.0002526437907206,0.0006,,
456,2.0,2200,2.58,0.6714663532177491,1.4906149790492298,0.6480834987014532,0.0002121546325361,0.0007,,
456,2.0,2400,2.82,0.6717602115780194,1.4710721397554036,0.6353036463260651,0.0002036271181714,0.0006,,
456,2.0,2600,3.05,0.6735233617396414,1.500083795092647,0.5635570064000786,0.0001832774166678,0.0007,,
456,2.0,2800,3.29,0.6667646194534235,1.5591198297027558,0.3741417807340622,0.0001211847610284,0.0006,,
456,2.0,3000,3.52,0.6679400528945049,1.5621495690024882,0.3937786313146352,0.0001306224265408,0.0007,,
456,2.0,3200,3.76,0.6626506024096386,1.570470814840814,0.3891933146491647,0.000127353273865,0.0007,,
456,2.0,3400,3.99,0.6632383191301793,1.608175850951458,0.391145563237369,0.0001327149405869,0.0007,,
456,2.0,3600,4.23,0.6679400528945049,1.6479931352350805,0.2164641352649778,7.165649640498372e-05,0.0007,,
456,2.0,3800,4.46,0.670584778136938,1.633868949678832,0.2197700404934585,7.53895019272477e-05,0.0007,,
456,2.0,4000,4.69,0.6688216279753159,1.6335580430940218,0.2509145962633192,8.354736436558597e-05,0.0007,,
456,2.0,4200,4.93,0.6732295033793712,1.6556664096443856,0.2406515431962907,7.941138056594355e-05,0.0007,,
456,2.0,4400,5.16,0.6726417866588305,1.668405608713294,0.1737364565487951,5.74459719166498e-05,0.0007,,
456,2.0,4600,5.4,0.6661769027328828,1.6738898908605024,0.1367533376533538,4.489371921181373e-05,0.0007,,
456,2.0,4800,5.63,0.6650014692918014,1.6955301359825683,0.1299146811012178,4.164796119823677e-05,0.0006,,
456,2.0,5000,5.87,0.6694093446958566,1.7142005691519913,0.1534214259497821,5.047751895062902e-05,0.0007,,
456,2.0,5200,6.1,0.6658830443726124,1.721171851722836,0.1165226379298837,3.791016006596315e-05,0.0007,,
456,2.0,5400,6.34,0.6676461945342345,1.7356653349419884,0.0906168195977807,2.690763176758537e-05,0.0006,,
456,2.0,5600,6.57,0.6673523361739642,1.768520714428857,0.0861284182919189,2.757523331126777e-05,0.0006,,
456,2.0,5800,6.81,0.6702909197766677,1.7540270199398766,0.0924013779126107,3.0282326926567292e-05,0.0007,,
456,2.0,6000,7.04,0.670584778136938,1.773728831249442,0.0844512606086209,2.6816614480154045e-05,0.0006,,
456,2.0,2000,final,0.6761680869820746,,,,,0.6708786364972084,1.452845022393226
456,4.0,200,0.23,0.6382603585071995,1.5919278761656046,1.866286433637142,0.0005195589600771,0.0011,,
456,4.0,400,0.47,0.6547164266823391,1.4845276096096258,1.6510868892073631,0.0004743240930838,0.0011,,
456,4.0,600,0.7,0.6576550102850426,1.4358329473086886,1.5196115961670875,0.0004426066381711,0.0012,,
456,4.0,800,0.94,0.6655891860123421,1.3982052119241335,1.5186555415391922,0.0004423083498113,0.0012,,
456,4.0,1000,1.17,0.6600058771672054,1.4393637061924784,1.2158688661456107,0.0003712919310783,0.0012,,
456,4.0,1200,1.41,0.6676461945342345,1.4287165367985135,0.965600479543209,0.000296773684895,0.0012,,
456,4.0,1400,1.64,0.6685277696150456,1.434232671997178,1.0116126863658428,0.0003114948817528,0.0012,,
456,4.0,1600,1.88,0.6738172200999119,1.4152388486517482,0.9979786470532416,0.00031070754354,0.0012,,
456,4.0,1800,2.11,0.6673523361739642,1.4704314336123765,0.8264674758166075,0.0002593288892194,0.0013,,
456,4.0,2000,2.35,0.6679400528945049,1.478754844694953,0.6161204465478659,0.0001989654314456,0.0013,,
456,4.0,2200,2.58,0.6720540699382898,1.487539867600938,0.6127318730205298,0.0001976184816703,0.0013,,
456,4.0,2400,2.82,0.6702909197766677,1.4721188950181323,0.659834294244647,0.000210227293428,0.0013,,
456,4.0,2600,3.05,0.6620628856890979,1.5550024644648226,0.6154218022897839,0.0001983251635283,0.0013,,
456,4.0,2800,3.29,0.6746987951807228,1.5312038772497814,0.3924370506778359,0.0001292249298876,0.0013,,
456,4.0,3000,3.52,0.6650014692918014,1.5538235697856977,0.4007514682412147,0.0001305207344739,0.0013,,
456,4.0,3200,3.76,0.6699970614163973,1.549712543903713,0.4271696848794818,0.0001435529608534,0.0013,,
456,4.0,3400,3.99,0.669703203056127,1.5687628040375374,0.4096629658713936,0.0001360659989404,0.0013,,
456,4.0,3800,4.46,0.6688216279753159,1.593108858846406,0.2482207046821713,8.27062508005838e-05,0.0013,,
456,4.0,4000,4.69,0.6650014692918014,1.6239924321201245,0.2479298378713429,8.334734498248508e-05,0.0013,,
456,4.0,4200,4.93,0.6661769027328828,1.6450783509280518,0.2485005869716406,8.347970586783049e-05,0.0013,,
456,4.0,4400,5.16,0.669703203056127,1.644188799789433,0.1852752814441919,6.039635960519263e-05,0.0013,,
456,4.0,4600,5.4,0.6673523361739642,1.66850124146705,0.1424200797453522,4.634387142004925e-05,0.0013,,
456,4.0,4800,5.63,0.6658830443726124,1.6738591011643165,0.1539662215486169,5.000414000733144e-05,0.0013,,
456,4.0,5000,5.87,0.6708786364972084,1.678690707021484,0.159710543891415,5.6179687335315974e-05,0.0014,,
456,4.0,5200,6.1,0.6676461945342345,1.7123426181093722,0.1219167101802304,3.973151760476412e-05,0.0013,,
456,4.0,5400,6.34,0.664707610931531,1.7423177994667276,0.0783127867011353,2.357952800707608e-05,0.0012,,
456,4.0,5600,6.57,0.6667646194534235,1.7221968065385709,0.0899176366673782,2.719686471380101e-05,0.0012,,
456,4.0,5800,6.81,0.6655891860123421,1.7388466200406782,0.098451359719038,3.1884419374819114e-05,0.0013,,
456,4.0,6000,7.04,0.6673523361739642,1.761461700932124,0.0939110529019853,3.0958684151245365e-05,0.0013,,
456,4.0,3600,final,0.6758742286218042,,,,,0.6676461945342345,1.6153697754893273
789,0.0,200,0.23,0.6373787834263884,1.540567873647344,1.86435611397028,0.0,0.0,,
789,0.0,400,0.47,0.6555980017631502,1.4697296092204055,1.622545361816883,0.0,0.0,,
789,0.0,600,0.7,0.6614751689685572,1.4215668312703866,1.5748143696784973,0.0,0.0,,
789,0.0,800,0.94,0.6720540699382898,1.3935335442629626,1.5151561844348906,0.0,0.0,,
789,0.0,1000,1.17,0.6699970614163973,1.4082095621965438,1.143451663851738,0.0,0.0,,
789,0.0,1400,1.64,0.6758742286218042,1.3993247604846537,1.0288550598919393,0.0,0.0,,
789,0.0,1600,1.88,0.6720540699382898,1.402315218204125,1.009309773743153,0.0,0.0,,
789,0.0,1800,2.11,0.6729356450191007,1.4540790072476693,0.839439433813095,0.0,0.0,,
789,0.0,2000,2.35,0.6791066705847781,1.451024361788929,0.6368974942713976,0.0,0.0,,
789,0.0,2200,2.58,0.6670584778136938,1.4908869746079558,0.6358623445034027,0.0,0.0,,
789,0.0,2400,2.82,0.6720540699382898,1.4618724337963718,0.6589930010586977,0.0,0.0,,
789,0.0,2600,3.05,0.6752865119012635,1.5005798335640073,0.5963930138151773,0.0,0.0,,
789,0.0,2800,3.29,0.6746987951807228,1.5138981664947926,0.3839093698747456,0.0,0.0,,
789,0.0,3000,3.52,0.6767558037026153,1.5371369627900169,0.4165469224005937,0.0,0.0,,
789,0.0,3200,3.76,0.6729356450191007,1.556735335957328,0.3981163299456238,0.0,0.0,,
789,0.0,3400,3.99,0.6708786364972084,1.556764697033694,0.3857997184619307,0.0,0.0,,
789,0.0,3600,4.23,0.669703203056127,1.6196410439485946,0.2229893332999199,0.0,0.0,,
789,0.0,3800,4.46,0.6699970614163973,1.6080286275839546,0.2561400897800922,0.0,0.0,,
789,0.0,4000,4.69,0.6711724948574787,1.6339282774413784,0.2434296511299908,0.0,0.0,,
789,0.0,4200,4.93,0.6685277696150456,1.634511255391233,0.2602587295696139,0.0,0.0,,
789,0.0,4400,5.16,0.6688216279753159,1.6860520691861836,0.1798849848657846,0.0,0.0,,
789,0.0,4600,5.4,0.6691154863355863,1.686961306497135,0.1347207715548574,0.0,0.0,,
789,0.0,4800,5.63,0.6717602115780194,1.695467022878438,0.144136854307726,0.0,0.0,,
789,0.0,5000,5.87,0.6735233617396414,1.7026768935767125,0.1591374731063842,0.0,0.0,,
789,0.0,5200,6.1,0.6673523361739642,1.7099304188709556,0.128969419747591,0.0,0.0,,
789,0.0,5400,6.34,0.6744049368204525,1.720856757434438,0.0925370509177446,0.0,0.0,,
789,0.0,5600,6.57,0.6694093446958566,1.7186545257949493,0.0910138223133981,0.0,0.0,,
789,0.0,5800,6.81,0.6752865119012635,1.730360968548026,0.0973097033752128,0.0,0.0,,
789,0.0,6000,7.04,0.6682339112547752,1.761417832544121,0.1023062570313777,0.0,0.0,,
789,0.0,1200,final,0.6805759623861299,,,,,0.6735233617396414,1.3980638593426529
789,0.1,200,0.23,0.6356156332647663,1.5473654856234833,1.809286250770092,0.0005079403512354,0.0,,
789,0.1,400,0.47,0.6561857184836909,1.4566006761349688,1.618816220164299,0.0004741650324285,0.0,,
789,0.1,600,0.7,0.6667646194534235,1.4297173825775984,1.6384299004077911,0.0004677629291836,0.0,,
789,0.1,800,0.94,0.6749926535409932,1.3751768542499077,1.5382052797079089,0.0004452462505287,0.0,,
789,0.1,1000,1.17,0.6688216279753159,1.4214973281209622,1.1308966992795468,0.0003500341367907,0.0,,
789,0.1,1200,1.41,0.6688216279753159,1.4193915164789452,1.0234256717562675,0.0003168086301957,0.0,,
789,0.1,1400,1.64,0.6679400528945049,1.4041862817081046,1.018771184682846,0.0003121500862835,0.0,,
789,0.1,1600,1.88,0.6758742286218042,1.4125381690980126,1.0298575307428837,0.0003185178648709,0.0,,
789,0.1,1800,2.11,0.6791066705847781,1.4755847224270005,0.8353186160558834,0.0002647219317264,0.0,,
789,0.1,2000,2.35,0.6744049368204525,1.4563892567259331,0.6312703049182892,0.0002059522465424,0.0,,
789,0.1,2200,2.58,0.6758742286218042,1.461345166905011,0.6439133115112782,0.0002044733133334,0.0,,
789,0.1,2400,2.82,0.6741110784601821,1.4563332078669164,0.6620367407798767,0.0002139960669774,0.0,,
789,0.1,2600,3.05,0.670584778136938,1.5751387628778937,0.6103753722459078,0.0002011660900279,0.0,,
789,0.1,2800,3.29,0.6741110784601821,1.542380784947207,0.3799510938674211,0.0001280679449155,0.0,,
789,0.1,3000,3.52,0.6770496620628856,1.539182882185652,0.390003189779818,0.0001284546627994,0.0,,
789,0.1,3200,3.76,0.6758742286218042,1.5737309717900816,0.3979964944347739,0.000133494879019,0.0,,
789,0.1,3600,4.23,0.6720540699382898,1.6250434454630096,0.2443567445501685,7.909991617907508e-05,0.0,,
789,0.1,3800,4.46,0.6735233617396414,1.5973214889112164,0.2498554694280028,8.22518557629337e-05,0.0,,
789,0.1,4000,4.69,0.677343520423156,1.601967684563349,0.2482667195610702,8.273873430425738e-05,0.0,,
789,0.1,4200,4.93,0.6699970614163973,1.6433884797291023,0.2583573014475405,9.01609016796101e-05,0.0,,
789,0.1,4400,5.16,0.6770496620628856,1.6501200389343609,0.197217028029263,6.733605123656616e-05,0.0,,
789,0.1,4600,5.4,0.6767558037026153,1.6806780462435964,0.1301741577498615,4.18031100502958e-05,0.0,,
789,0.1,4800,5.63,0.6779312371436967,1.6868496229814636,0.1468930955510586,4.971582984410361e-05,0.0,,
789,0.1,5000,5.87,0.6735233617396414,1.688412307922258,0.1625166030507534,5.4303576183656334e-05,0.0,,
789,0.1,5200,6.1,0.6746987951807228,1.722774716149419,0.136151456926018,4.3742473164911646e-05,0.0,,
789,0.1,5400,6.34,0.6752865119012635,1.7139094542167903,0.0851753965672105,2.5460636247203184e-05,0.0,,
789,0.1,5600,6.57,0.6770496620628856,1.7278872625357675,0.0920586302690208,2.8043532661854443e-05,0.0,,
789,0.1,5800,6.81,0.6735233617396414,1.773631661561108,0.108762216954492,3.563271077496211e-05,0.0,,
789,0.1,6000,7.04,0.6788128122245077,1.763252413346422,0.088996919006895,2.9379353790703545e-05,0.0,,
789,0.1,3400,final,0.6805759623861299,,,,,0.6855715545107258,1.5512812181041762
789,0.5,200,0.23,0.6329709080223332,1.5694839582350757,1.8847989472746849,0.0005271586884919,0.0001,,
789,0.5,400,0.47,0.6494269761974728,1.47531963785431,1.6314363673329353,0.0004730085240589,0.0001,,
789,0.5,600,0.7,0.6655891860123421,1.421393499947491,1.555976209938526,0.000452570914349,0.0001,,
789,0.5,800,0.94,0.6632383191301793,1.399042569221275,1.5213453695178032,0.0004415948411769,0.0001,,
789,0.5,1000,1.17,0.6673523361739642,1.4487157567893272,1.1204815271496773,0.0003460485558025,0.0002,,
789,0.5,1200,1.41,0.664707610931531,1.4254869685746137,0.991024127304554,0.0003111134115169,0.0002,,
789,0.5,1400,1.64,0.6764619453423449,1.3914365282207246,1.015944810807705,0.0003158724562672,0.0002,,
789,0.5,1600,1.88,0.6770496620628856,1.4075734431415037,1.033316540122032,0.0003197870879375,0.0002,,
789,0.5,1800,2.11,0.6814575374669409,1.4637646233373414,0.8446514018625021,0.0002637740889622,0.0002,,
789,0.5,2000,2.35,0.6817513958272113,1.4717526137390944,0.6226985391229392,0.0002006726680519,0.0002,,
789,0.5,2200,2.58,0.6746987951807228,1.4898998783225352,0.6604377467185258,0.000211076984815,0.0002,,
789,0.5,2400,2.82,0.6764619453423449,1.4788561840811232,0.6363124285638332,0.0002079440115085,0.0002,,
789,0.5,2600,3.05,0.6799882456655891,1.4995237030493944,0.5927133037149475,0.0001924481504284,0.0002,,
789,0.5,2800,3.29,0.6694093446958566,1.539134502971379,0.3964046823978424,0.0001263176436168,0.0002,,
789,0.5,3000,3.52,0.6770496620628856,1.5703408674320822,0.3824994826316834,0.0001254970759237,0.0002,,
789,0.5,3200,3.76,0.670584778136938,1.5679331017773606,0.4019795635715127,0.0001359807592052,0.0002,,
789,0.5,3400,3.99,0.6694093446958566,1.575833419369068,0.4110230151563883,0.0001370911564208,0.0002,,
789,0.5,3600,4.23,0.6717602115780194,1.6295602683491333,0.2249961493343744,7.554459513794945e-05,0.0002,,
789,0.5,3800,4.46,0.6764619453423449,1.62373219200558,0.2337116557359695,7.750396419169192e-05,0.0002,,
789,0.5,4000,4.69,0.6708786364972084,1.6498498060126674,0.2468315980024635,8.44811805450263e-05,0.0002,,
789,0.5,4200,4.93,0.6779312371436967,1.6336760786817663,0.2488745136372745,8.394023357141122e-05,0.0002,,
789,0.5,4600,5.4,0.6726417866588305,1.6582260877288093,0.1375573916826397,4.484948047092985e-05,0.0002,,
789,0.5,4800,5.63,0.6729356450191007,1.707506862451776,0.1336807658243924,4.4719514611415435e-05,0.0002,,
789,0.5,5000,5.87,0.6761680869820746,1.6900448265966863,0.1424924081750214,4.818036747280985e-05,0.0002,,
789,0.5,5200,6.1,0.6802821040258595,1.690709387488902,0.1230268542654812,3.974668916896462e-05,0.0002,,
789,0.5,5400,6.34,0.678225095503967,1.722348660011695,0.0847071385243907,2.502815437338768e-05,0.0001,,
789,0.5,5600,6.57,0.6808698207464002,1.7242903756702994,0.0877778301574289,2.776001831961139e-05,0.0002,,
789,0.5,5800,6.81,0.6785189538642374,1.7580204053447768,0.0864489668328315,2.656478842652632e-05,0.0002,,
789,0.5,6000,7.04,0.6794005289450484,1.74487071964904,0.1036894125304024,3.4475828435074803e-05,0.0002,,
789,0.5,4400,final,0.6820452541874816,,,,,0.6835145459888334,1.6599038266238837
789,1.0,200,0.23,0.6332647663826035,1.530851877755079,1.857367828786373,0.0005189340631477,0.0003,,
789,1.0,400,0.47,0.6514839847193653,1.4743563967384452,1.6286892518401146,0.0004632200174091,0.0003,,
789,1.0,600,0.7,0.6611813106082868,1.419196295731214,1.5859831744432449,0.0004629752114124,0.0003,,
789,1.0,800,0.94,0.6688216279753159,1.3826576892397104,1.5084892135858536,0.0004425532220921,0.0003,,
789,1.0,1000,1.17,0.6694093446958566,1.43161014455436,1.1188328490406274,0.0003425903301189,0.0003,,
789,1.0,1200,1.41,0.6714663532177491,1.4133652382446251,0.9970988427102566,0.000310331491928,0.0003,,
789,1.0,1400,1.64,0.6767558037026153,1.4054900376964168,0.9997209191322328,0.0003100757785432,0.0003,,
789,1.0,1600,1.88,0.6826329709080223,1.388821733197569,1.0288838890194894,0.0003165961260674,0.0003,,
789,1.0,1800,2.11,0.6802821040258595,1.4345135565473863,0.8557292111217976,0.0002663872496123,0.0003,,
789,1.0,2000,2.35,0.67234792829856,1.4511286092792368,0.6420704487711191,0.0002066528729301,0.0003,,
789,1.0,2200,2.58,0.6785189538642374,1.4449482618133496,0.6163946863263845,0.0001970170819549,0.0003,,
789,1.0,2400,2.82,0.6749926535409932,1.4754807883208547,0.6572251089662313,0.0002119799148022,0.0003,,
789,1.0,2600,3.05,0.6761680869820746,1.5163652025668928,0.5740042679728685,0.0001863388428407,0.0003,,
789,1.0,2800,3.29,0.6735233617396414,1.5429995112863315,0.3825266780145466,0.0001256171873319,0.0003,,
